Anomaly,Latency (ms),Throughput (mb/s)
0,12.87260615400741,14.336237019026079
0,15.404507808948834,15.073667776781557
0,13.5532941435376,13.724434068421344
0,13.711090014297227,14.532908272281679
0,15.235301895808654,15.887155350644633
0,14.180700626792872,14.26415427182101
0,14.686210499971313,14.012049836306097
0,12.544732230361626,16.241619096933466
0,13.000287955351618,15.017034108691691
0,14.678256837286941,14.931708813455122
0,14.029024689302291,15.298978253317578
0,14.48361936316301,14.52133038796066
0,13.262874340532546,16.157907943844346
0,13.776629016096264,14.43024805247755
0,13.841278198523973,15.465176562458895
0,15.759646827319692,14.824786993186377
0,14.341131867280197,16.46366983078033
0,12.818660762587811,16.257063580940418
0,13.719959148820031,14.581949650938583
0,13.084945495138236,15.805377667609745
0,14.567499767510306,13.436393459938609
1,20.682220352998566,9.39387626227279
0,15.401589809305216,14.530186029544058
0,11.472326213196078,15.322739402149574
0,13.057575005702299,14.75865759940895
0,12.517154917753606,13.959491124947279
1,5.993088067752304,25.631684303295884
0,14.751755561312834,16.1015261330018
0,13.045047304357515,14.953847981406438
0,14.508863833849604,14.766121683260193
1,20.076341898074734,9.788461998185328
0,14.888726464103938,15.316701230722757
0,15.37358748816326,15.177437050731795
0,14.341478341022174,15.993229594218395
0,14.123010712822573,16.172491297165273
0,15.339178174548232,14.450754413019313
0,15.873032791973896,16.676659217171437
0,13.796249788687616,13.891870584649691
0,14.157009838172389,15.75569402452538
0,14.474960721048767,14.042974417738327
0,13.61690160795015,15.655396066299945
0,15.117112833040453,15.010474635591287
0,14.436475807065161,14.714677004842974
0,15.046312200148625,14.159541570789113
0,13.008601948396764,14.189345080544456
0,14.759736806466053,16.352498449490643
0,14.682098519627283,15.930835916133253
0,13.437736785221615,14.997041956758432
0,12.937885069256259,15.213506369116587
0,14.796003907636054,15.40633296275774
0,13.026796123300796,14.272829013609256
0,14.962959557126105,15.093475797107125
0,13.163298443966756,15.291246601582738
0,13.554379301959687,14.58476873261174
0,13.134267704797166,14.930534973678508
0,14.225725951614526,16.011682444331854
0,12.717769493395815,15.514620683230527
0,14.54036053537546,15.5906335206451
0,14.621689804500948,16.07309186241992
0,12.291942580244964,14.360123614683168
0,14.717221281614014,14.672440247337764
0,14.797415362855693,15.623463907752262
0,14.581352558980893,14.629301752765251
0,13.079547556238326,13.681574809710556
1,5.79496067414482,19.892179334676303
0,13.003929861114294,14.735215093771409
0,15.087003583063838,14.064684147734559
0,14.756674289846318,14.63488750559764
0,13.684004039636694,15.089170586203885
0,14.017748933866786,16.694414309414743
0,14.93800901633097,14.224869213833538
0,14.094945381312868,14.819758991991002
0,12.660553137146692,15.46489766265293
0,13.596435274143063,14.669216777961704
0,14.190863793041997,14.224451969208818
0,14.722053849414474,15.698701778137629
0,14.892082546808963,13.854166677456977
0,13.682057941228983,16.663871116248103
0,14.594681784640736,15.286229673583087
0,12.734228912470758,12.809067343627037
0,13.220231805551704,17.110768418884277
0,11.679771650101955,14.361842386118084
0,14.631085847943211,14.6019035092858
0,13.472763206373518,14.515182924440152
0,16.004074883595766,15.107135674793595
0,12.991261687547345,13.20918749156849
0,13.288331109957424,15.290841009668666
0,15.370144126897127,16.051286431065257
0,12.613346735594536,15.110410047687328
0,14.227717642442634,15.171750892931305
0,14.093953010051248,15.135732484042322
0,12.836527561324205,14.983683328115548
0,14.586961739796463,15.316855020657524
0,13.684876867130484,15.932820284426002
0,13.784832284112383,15.932157677444442
0,14.193898536046886,13.639404297854048
0,14.274562399120407,15.19361611591505
0,15.337624322764682,15.541949948365794
0,13.213989930368037,15.679756192044438
0,13.941926576810939,15.904712066619282
0,15.791030682477224,17.246404934740056
0,13.269237254906358,14.328458979440786
0,13.39996833688286,14.150917957341692
0,14.518536024842735,15.792856796070126
0,12.585111774125059,14.068832772459578
0,13.572660983707895,13.886538065194165
0,14.537691928898989,15.011009716334687
0,14.671746826176484,13.870392028323272
0,14.39061746891701,15.544936983319667
0,14.34600898245954,14.932104042736164
0,13.166860933995604,14.500105372694788
1,7.127383817610083,22.88242176089975
0,14.047441386376164,16.205388940086323
0,14.059137279202979,15.56015682635979
0,15.715361241131355,15.58094055964042
0,13.866456600400374,14.752354421319238
0,15.391646372037917,14.372246546687837
0,14.533869596452199,14.766587689385636
0,13.809486415574892,15.087871336322547
1,4.674656284984233,22.739393747341172
0,13.61287750300839,15.425849000030743
0,15.178299909203307,15.155948476819988
0,15.017575111734306,15.217235300832595
0,14.916094376179883,13.022701548167285
0,14.053413742813067,15.445087724458737
0,13.108321268005701,15.670120828519039
0,14.235364360778131,14.220855595395122
0,13.494818432578946,15.305453283759254
0,13.375874962300733,14.102851278022623
0,14.909687688782851,16.3245667826918
0,13.854783108575873,15.92863794181841
0,12.620610512336938,14.590073763755505
0,14.40590664565896,13.520887339269173
0,15.33029206504628,15.018828573654138
0,15.07378792607172,15.305040775922995
0,13.303468989522484,15.352590512306689
0,13.488121345577175,15.076940016862395
0,12.951623434895765,14.551918252628044
0,14.274801257603745,14.646775663137648
0,13.490520870309128,13.31163477733552
0,13.306231827843625,15.474511735006406
0,13.2052070285877,15.33964000493589
0,13.385751619085687,15.836476312703034
0,13.370286073843578,14.538625117595323
0,13.957166921727438,15.794586067404843
0,12.791150754732518,13.935747129012235
0,13.295893385457362,16.790215241383063
0,13.909429494851638,15.344229153226289
0,14.464294901072398,15.329979635049646
1,20.870381725508363,11.653393309226749
0,13.889620728357055,15.103949639139325
0,13.183632139004096,15.243892974443462
0,14.30595326646566,15.216363970332004
0,14.136452423153075,14.379071255673024
0,14.013817031123835,15.056267962539208
0,13.36741890956889,15.982305027886598
0,15.590132140851786,15.201093489518811
0,13.594472743930671,15.14743186857071
0,13.00941939903823,14.84718695212118
0,14.558741734889846,14.267982995878059
0,13.548411219745311,13.477281352291246
0,13.49193986963971,14.381083627445646
0,12.631909316494177,14.880674353194076
0,14.234445671439419,14.53661654063027
1,23.403214005631256,10.051409798519453
1,20.303842357874352,8.911256204149506
0,14.601346027875831,14.727233662526963
0,12.372166598926636,14.49049677973326
0,16.123852323952818,13.848595048277875
0,14.068000506750906,14.744495680065295
0,13.832484439707947,15.761319288574791
1,20.275439412519336,9.29731476413982
0,14.04062479902337,16.683261785764362
0,14.995407798201555,15.505918511270572
0,13.237704118572013,15.840459282788844
0,14.66979675576244,15.320734532871288
0,14.95243040597647,13.28766133801655
0,14.821712860299286,15.014087624812474
0,11.423194496476386,13.525064578518274
0,13.697007562328066,15.706582822576442
0,14.529283107225028,16.58522067524084
0,15.130726460776405,16.30131654920163
0,12.208527855435033,15.277939434330289
0,12.581535403325322,15.27177833200198
0,14.159522425262148,14.351239169588098
0,14.189480951648635,16.422931101219568
0,14.618058303767295,14.772790436246945
0,14.496676105169174,15.834291132380134
0,12.864352523518624,15.49267356992831
0,14.779791059947982,15.20453195172741
0,12.67716518404925,13.989092451453104
0,14.257381277063093,15.588988848856259
0,13.151260091954262,14.896110545437589
0,15.719590649925108,15.484446444111612
0,13.580674857587061,15.550297375782236
0,13.296042807308627,15.830811350534617
0,15.368961456371942,13.872915868682906
0,14.609568936788484,15.721446521403914
0,13.930769050493089,15.747308911293894
0,14.654998224354369,14.522771102449589
0,13.752167767468459,15.358829072749296
0,15.18454857470138,14.189059211126214
0,14.368193867326756,14.987019691446232
0,14.545128169027773,14.715298324001644
0,11.944321479960612,13.988509046714285
0,14.472844520766165,14.656850771046775
0,14.209780770428177,16.07445898024062
0,13.044314639319825,14.970223775765854
0,12.512830407348343,14.241536560608699
0,13.392467740119988,15.122675080339965
0,13.202535077708736,14.063354140455122
0,14.607300069857638,14.852680770752151
0,13.314460051865783,14.725505814237723
0,14.993856278108105,15.375204880202066
0,13.188996485709398,14.871700326710291
0,14.031783689018637,15.935365407149549
0,13.82918675718304,15.306315388204686
0,13.33673836527572,15.890907320086214
0,15.250754200878779,15.22548707983894
0,13.090060622598422,15.25501709720126
0,15.587853739651136,15.460899893394595
0,13.650504617789746,15.469765098588697
0,15.358817636508675,15.383639290569677
0,14.35840519043158,14.471892196023422
0,13.52804091514429,14.410389212356781
0,14.27277097680522,13.456684834861358
0,13.77448669372661,15.765789410447288
0,14.141964212423908,15.774253083568416
0,12.39011740079259,16.40439566413153
0,14.243428352014067,15.072038233327572
0,14.055985348954826,15.682545016372005
0,14.722249451474488,15.666747104247513
0,13.851254141799265,14.914899263698649
0,14.581334431096616,14.5037133252881
0,12.480616990496117,14.620496783134723
0,13.426819946847601,14.61542730758303
0,14.03933249195981,15.817744643453807
0,12.53870341160105,14.368748974791588
0,14.28062467163816,14.465867156076413
0,13.860199899323598,13.617862632195141
0,14.727727134135435,13.384274833588927
1,13.931235785709767,9.68046382470986
0,14.442902863437263,15.189830034735442
0,13.28010861722742,15.598359386933915
0,13.646604779561116,15.00557001012701
0,15.081428549900798,15.264178565545736
0,13.362774670951982,14.651664448228928
0,13.747079273736123,13.971832609359906
0,13.96258083425263,15.310680716284178
0,15.658969265978527,15.375343681839704
0,12.496604845427417,15.93759681290104
0,13.747507166055572,14.139457937799628
0,13.593608238715024,15.248462124204018
0,12.519803660850698,14.570334991888883
0,14.067352909699352,15.391436628240486
0,12.334739673905261,14.52029471305682
0,13.458238631965061,14.214430562719137
0,13.441775261447741,15.719872585282058
0,12.57962219250728,14.9083334463271
0,15.585463861395338,16.66792488936277
0,15.021684955199705,14.386266930067672
0,14.556764223642054,14.80507650062713
0,13.853171468942111,15.905968746348604
0,14.421991647605468,13.438943773614156
0,12.562767329930752,14.288052698582737
0,14.012614998613346,14.304559946239591
0,15.756615920232749,15.118561734622633
0,14.427177684662595,14.85628830628865
0,14.145043656244376,14.315461717206464
1,23.11351115201982,9.06279921808521
0,14.832666916841493,15.156014501114917
0,14.520640219759072,15.44761155915457
0,13.319967212537199,15.008559477105328
0,14.222304150856573,14.638516381341466
0,12.716319725454184,14.232015300818183
0,12.149122031167316,15.997909748561245
0,14.26208552762965,12.855320751712647
0,13.679006969558923,13.912843016386706
0,13.806423698939284,16.354533225103367
0,16.04712298841133,15.949072585283218
0,12.492110898263743,16.08977974880768
0,13.698858140965292,15.330358102163478
0,15.560753075980905,14.978399103523065
0,12.761111232348462,15.44245776521547
0,13.840854186149723,14.20732202290099
0,13.13630689136309,16.456811341987425
0,15.110183706671814,15.753215838168874
0,13.581418214684257,15.591985166071858
0,13.719559554186528,14.208674118443884
0,14.164175258798542,15.036835855621309
0,14.12508752859736,13.850850430693084
0,12.794893255836588,13.654446162573974
0,15.078392570329795,16.16943349036646
0,14.654933795394722,15.81399670027845
0,15.013574694724658,13.66043834556115
0,12.345378309009526,14.778942394333296
0,13.641972018255112,15.525942549712273
0,14.77518432589441,14.631667739002312
0,14.977594552078703,14.737395370337353
0,14.60661163640051,17.9097581242057
0,14.249131709842004,14.040439196738147
0,13.500900998371112,15.47497844507799
0,13.439834783644528,15.719531715951604
0,14.557098991406997,15.647802519508469
0,12.1884557927995,15.105950344162167
0,14.611904121332085,14.285360784951099
0,13.231180600527441,14.831657698804062
0,14.537021849155044,15.1365604349518
0,14.476662358291843,15.511996804874974
0,14.038096775627304,15.65714317118801
0,15.201056086477683,13.781571685839898
0,15.089610835931348,16.418438020148905
0,16.12252104308254,16.006942353909132
0,13.201317172103284,15.029508199939235
0,12.140629168725003,15.756592168880696
0,15.657414954721116,15.762213409272919
0,12.969800112758197,15.719237414406587
0,14.782646932838077,15.408701829952046
0,14.689950310941976,14.167977197452165
0,14.385037399768597,14.524815763643225
0,14.085756948403914,16.483729535044972
0,12.108812654624504,14.281011491592356
0,15.10697712270979,14.26839306434366
0,14.845491996336236,16.201665031495313
1,21.61461488419571,11.440258748393298
0,13.361295667499004,14.9675794364388
0,13.814225635035932,15.267196153569513
0,15.161956790006633,14.605408427897736
0,14.72899141936669,15.333630814324357
0,16.915507525727882,14.530319130480377
0,14.356875515158137,15.230084155383384
0,15.230922287067639,15.32604666511517
0,15.530797909609912,15.731528873907278
0,13.54139020060138,15.003980773162528
0,12.801523307842528,15.725658166626616
0,13.611695004771741,13.495393365770402
0,13.874886878477767,16.215768619655893
0,13.091154769045401,16.380253931385624
0,14.107158369518078,14.075419984846372
0,13.749869912430738,14.323167872987229
0,12.960240408393831,16.579034668269568
0,13.24526739363473,14.624210153252715
0,14.164668311875152,15.841760892904766
0,15.538601244021999,13.976367954827074
1,21.42822525348493,9.947695583399229
0,12.634233316220593,14.194686020686488
0,14.379379555608594,14.503717441163243
0,15.159649284080919,13.615239629452152
0,14.313345311215834,14.899523372066081
0,14.272659563783739,14.861427976658435
0,12.642303203312029,14.81713637058244
0,13.86461112669183,15.432813458078591
0,13.071553316314644,15.844967414016333
0,14.60951804679203,15.166591473117466
0,14.989806657568419,14.269496236848914
0,14.126734610216557,16.146725512429434
0,13.56211689445559,14.138306775226583
0,15.196044431188822,14.518710533533369
0,13.556890861152745,15.07934165282577
0,14.69249765934418,14.147515982674237
0,14.407680004729,14.893176778347815
1,15.255548159987487,11.001459021046777
0,15.107152827185374,14.749247006860813
0,12.702560517269806,13.91826361747031
1,19.865178974535525,9.973193753438418
0,13.967000795043875,14.868997418570348
0,13.667402520424094,14.621179200642324
0,13.363887255571647,15.549221816011915
0,13.496008794468889,14.751394124586074
0,13.972887369544384,14.75273957476642
0,14.888242707983828,15.038706276486078
0,13.801705480313023,14.359239231940194
1,6.7806479788855745,23.117724673368603
0,13.951649264106823,14.333559841664105
0,13.923681368625239,16.737972023012585
0,11.966232454843613,15.83791770709839
0,13.584417516345074,14.696155581856063
0,14.844569670269143,15.364464208180765
0,14.563266134056903,14.93532176785694
0,13.564870742506919,15.623334649727811
0,13.849503457540301,15.183734039374649
0,15.013017237547452,15.033400954397171
0,14.49905698122771,14.494927802485684
0,15.0444230700274,15.143726672978149
0,13.534611824479967,15.82407473348503
0,14.4537849050275,13.754896139094427
0,14.905899589785868,13.513316360137203
0,14.106900537941339,14.590302217680195
1,13.53600385917495,12.273321532524902
0,12.52656108058532,15.626274984207303
0,12.281525215161132,13.649098845004191
0,12.45626657847057,15.372863593906953
0,13.91784687226073,14.7607288576937
0,14.396372449009986,15.559710808279139
0,14.317872258193677,14.706607553917987
0,13.483251362691576,15.86347136855337
0,15.061949575313538,13.242392794537352
0,14.119909057518713,14.348278594601984
0,14.693445207225777,14.101552360768613
0,14.457121100200224,14.401849414721886
0,14.26590760849406,14.710741213126012
0,13.938281889900495,14.391172302180514
0,15.396048393794286,13.999555397495849
0,14.596706081779805,13.785085416368101
0,15.214168723998261,14.306332431878701
0,14.741814686884073,13.685167365293914
0,14.455823438485465,15.852763809672542
0,14.799559188073571,15.258292927068183
0,15.56038974197544,14.738743110534454
0,14.689709161460955,14.86059183828605
0,13.487134431164517,14.934701973956937
0,13.679379431923046,15.325487707348723
0,15.362878199658503,14.241645794282304
0,14.848623344934257,13.553075174302109
0,14.694528560275488,14.48163684488652
0,12.72419906637019,15.389773400047549
0,15.59779259380748,15.170828821355792
0,14.70422381756711,15.282105184360892
0,14.311155489273109,15.344464072937326
0,12.624942542775827,14.383559676676823
0,13.204724347021465,15.676921986041885
0,14.010886519519797,14.535286573128136
0,14.433496037013798,14.089565388692264
0,13.036989346222956,15.410542753402074
0,15.09659130713358,13.634801883572033
0,12.733306640420523,15.390969032901792
0,12.8672249117358,15.30936404393563
0,13.582817523566186,14.581288982169653
0,14.233455733706599,14.996556100789524
0,13.923953647437314,15.423957737388358
0,14.37079491402623,14.703884170659945
0,14.417818052582588,15.477433772622177
0,13.34743931884021,14.685087461261732
0,13.613751181162582,15.611211898572922
0,14.237793002503723,15.512255528326067
0,14.427077618813474,15.503793131121046
0,13.687839132332636,14.488904036869222
0,13.978347144127431,15.3470954976992
0,15.050856703502626,14.786813573514102
0,13.917073505359232,14.655349214976688
0,14.68385120887619,15.291477981179158
0,13.803467297944417,13.723436120927591
0,13.57647226008601,15.258460326968375
0,14.434920989581885,14.652933489618286
0,14.80901054668739,15.761675121358603
0,13.64574344963054,16.03088875624842
1,12.919508427944315,8.439495971672594
0,13.93973847405875,17.456544150712485
0,14.700604352678587,15.795158443596165
0,13.080928723780849,14.860699150315531
0,13.57237855330886,15.058504935467925
0,14.26271743926835,15.874588889324286
0,15.307457875552117,15.764651671095107
1,19.38622969227842,5.3535428662990885
0,13.245102603890752,14.32489942481492
0,14.693706689636603,16.134823666290384
0,14.573631016606782,16.12996771803271
0,14.891936347847185,14.200756889679827
0,15.09309945487647,15.234803786125848
0,13.814941639140317,14.246348788232394
0,13.847668192445937,13.93646284093877
0,13.696776533781293,14.246111151186295
0,15.965856958073466,14.792650647932469
0,13.849148402328199,15.350510076214066
0,13.550595840331015,15.397362739554204
0,13.125439329151174,14.10873433343908
0,13.729379607313044,15.540660692074228
0,14.515425141561721,14.073482489150626
0,14.95638012534892,15.095881281801555
0,15.135642840208497,13.946201930684218
0,14.670495212520297,14.881657834361956
0,14.163530366023156,15.128788453057492
0,13.66633548155834,14.49998031911688
0,13.973982332504848,15.572284578392985
1,5.23335467690334,21.47412323294762
0,14.339838442494539,13.550437089972466
0,15.524856717262209,15.030399157851049
0,12.371256437646858,14.12081602713909
1,5.3064053487644385,22.782950931673465
0,13.759595905467606,15.56352089091917
0,14.625040691446326,16.17410422645949
0,13.144057209038593,14.80020570296566
0,13.443365970046916,14.67753650715306
0,13.957568203415402,14.905674082658745
0,14.483822738146063,16.303721801336007
1,13.601705398820936,9.080689522192003
0,14.581921762023434,16.430719156265603
0,14.896030126236905,15.008678849208778
0,15.787382080284818,14.57995768551755
0,15.183076574828222,14.767083435375305
0,13.502129537532275,16.5853120288348
1,7.045193504293758,21.836408138490913
0,15.277430746129054,16.540810652389776
0,14.565258579517877,15.741390067680202
0,14.761298044370122,16.556776120345777
0,16.617692610536317,13.592494829702103
0,13.984384880222558,14.24135363658803
0,15.113171309769104,14.37136892494321
0,13.832557517978966,13.603916075779567
0,15.03341633495592,15.825859194144224
0,14.14782982798768,15.793125710180762
0,13.16206424931816,15.200808434623726
0,14.547341300658914,15.945123615601545
0,14.077369240080635,15.487012523350934
0,14.487929692441375,14.351149798990523
0,14.657888009558045,16.296545428789187
0,15.838271471558231,14.456410549014626
0,14.615377931127075,13.139514983311802
0,13.569642806551817,14.4453675664396
1,13.881436825512468,8.819943734537778
0,14.580002302614563,15.64270454367063
0,14.02026112208458,15.679890033348027
0,14.15326733280995,15.002739087341123
0,14.257506637534535,13.76954018853435
0,13.934738590541869,15.247716892255525
0,14.427084609490551,15.10367554810988
0,13.518332686603184,17.26033353771113
0,15.62844862423485,14.273252498617257
0,13.5612176679097,13.962854760094231
0,13.04243065784081,14.501816821045807
0,13.552440830359012,15.106424555861757
0,12.980872788671885,14.77766975151261
0,13.383040584576328,16.4334658158119
0,13.962197046858511,15.600206711265779
0,13.20425797164413,15.483667982192438
0,14.735593357682694,15.069587871386268
0,14.056561518866998,14.181691988235979
0,13.48181814183703,14.893758136039462
0,14.381843271461259,14.37198825594629
0,13.059614293916322,15.346853282303528
0,13.883322890646797,14.44501205366327
0,15.086431001546112,13.473828251215224
0,12.729046124719924,14.46260927485368
0,14.62366128662641,15.405805451233343
0,13.814595072952278,14.628540784812252
1,20.153812930149932,13.024122596502705
0,13.68816512482505,13.99673418708949
0,14.04791471233084,15.324949250373365
0,13.312093412601248,16.289702790931862
0,13.219864127923804,15.034203395816993
0,13.755425118808464,15.26063243466579
0,12.315515553829266,16.888187685412486
0,14.976290905426582,14.851304793520866
0,14.981571855215057,14.793484524937643
0,14.305109084149409,15.908983311092872
0,14.530940357672637,15.796812030712395
0,13.492115894575115,14.783432154981554
0,13.330541950558263,15.130612816701742
0,14.846339998548757,14.7863006779974
0,14.003173904477105,14.70092313310551
0,14.233403971631022,15.341535428647097
0,14.426563592281983,14.815211454058868
0,14.557318532047196,15.812717487869012
0,13.785598519774057,15.571911010802637
0,13.327033178625605,14.706670308975255
1,3.0,24.20071512715169
0,14.097855195016493,14.637595372263245
0,14.311475918479204,14.992464928620752
0,12.97943859543291,15.810166047020292
0,13.192526436300618,15.653153860713
0,14.216473887552866,15.243395535604284
0,12.659375812127927,14.908342628684894
0,13.324255941312543,15.722165086595933
0,12.860300203468952,15.804069841529312
0,15.1739881799452,14.847692935908299
0,15.256913898229918,14.968020511174917
0,13.56610510905741,15.2564512460421
0,15.628781328157812,15.312649787026468
0,12.874675782569247,13.455715971348559
0,15.258632566534803,14.773226616081494
0,14.440232690088502,15.663014627816185
0,13.881157531747869,16.46922798963241
0,12.554713788484563,15.245162965675448
0,14.687298822313194,14.232104343839556
0,15.733761919765943,15.870095157686103
0,13.858841757075137,14.878448390936578
0,13.429535198055513,13.67835492867833
0,13.712417320021729,15.223679774887637
0,13.070175463082485,17.394832612679057
0,15.13136328672124,14.370007967907759
0,13.869814868471302,15.235335935673138
0,12.969514826087517,14.704155710883558
0,13.584216240007587,13.539142529896726
0,14.895426510404421,14.946912731084263
1,19.20760445958674,15.0
0,12.420319023021024,14.14928750936768
0,13.434764183927692,15.707686122809367
0,14.081853602526909,15.708846793378537
0,13.43696378054578,14.044350273850261
0,14.235396843026784,16.1953441213193
0,15.176456091155693,15.084281256670481
0,14.040386962910738,16.381292815393763
0,12.496457380269995,15.823811873286411
1,13.84007682245086,9.91536117490681
0,12.860932047568186,15.932120650413694
0,14.284351385567575,16.345851482762626
0,14.49812147403128,16.210767940666244
0,12.908904668346658,16.33765117091463
0,15.396477628649352,14.691992073652205
0,15.172765963871552,15.204877022178696
0,13.739301914038078,13.734002739082797
0,13.653118513288348,15.201886587910208
0,13.761542694596884,13.40735762315524
0,13.718588594560734,14.92201328386374
0,13.44749051923475,13.760977562568378
0,12.359441101374742,16.922972707420534
0,13.88942596387263,15.794063466365294
0,13.986609271227515,14.448343058919258
0,15.378222083894949,14.890001656549417
0,14.785432287469664,16.144894927605883
0,12.238136672232145,14.875014037878081
0,11.910993678401866,14.441168303632857
0,15.200460682660971,14.910073590011534
0,16.06393842414474,14.15200225540306
0,13.454546082254591,15.19738940066162
0,13.457623032067362,14.353937089603352
1,15.618664485987765,10.024715181407409
0,13.405295734148668,14.66406599700837
0,13.807764226276682,16.170620590561324
0,14.28815621225559,15.91678262878765
0,14.553781715233512,15.248176159773138
0,14.535240828992727,16.085784467427175
0,13.972692116488082,13.788254314312164
0,12.944994532346467,15.460662217426687
0,15.966555583196264,14.837845284829527
0,13.364867715831936,13.706559945544827
0,14.44965465345563,14.169064890503657
0,14.161372516491605,15.270748944648897
0,12.96266200204433,14.513841296425802
0,12.686468419913872,16.243228443860996
0,14.774375870004725,15.546140756934125
0,14.593352910652502,14.292571048503616
0,14.33040531319528,13.87080607080069
0,14.417289510218739,15.390146847261242
0,14.907511610123612,15.072614914229154
0,14.804792581036674,15.577652617276833
0,12.951561867630804,14.052351605426018
0,13.780783367317387,14.965330112401105
0,14.91698576043533,14.408976392880165
0,13.761890349663433,14.879405546729261
0,13.618639383708258,14.081694719598273
0,14.059389507604502,13.983342813876213
0,13.81903457737595,14.818474648349167
0,14.298816786288633,15.102421566890582
0,14.399916722051106,14.375107739017912
0,14.294754898283724,15.887700944396874
0,14.148348988643084,16.78048827707399
0,14.506419905005618,13.922785254513135
0,15.389773793227993,15.561705726881542
0,14.034010145300247,16.09990934834771
0,14.016164811670508,15.784155144871265
0,14.56922081757911,15.070523322614976
0,14.35331075411023,15.666416511195925
0,14.393964497270634,17.581297781826674
0,16.078687227900108,15.655878779772078
0,13.752367311083812,15.78245842964678
0,12.700262928199288,15.229501774571096
1,22.771365685672386,6.007862847784248
0,12.713784224715837,15.055285552539273
0,14.348122070127328,16.222801194475537
0,13.715291092346515,17.676167570427435
0,13.506543225199291,14.845149273038638
0,14.314810432265917,13.235043163523958
0,13.518605789754941,14.263474987669879
0,12.345594733361615,13.83766323152765
0,14.62640560923993,14.836349192114623
0,14.335439014724923,14.640302795048285
0,14.076195447273713,14.754954877747055
0,12.0661199553215,16.241691740548465
0,12.643775560837707,16.02853817637188
0,13.876699004094787,13.94259340711634
0,14.030489499775097,14.856381248829996
0,14.616031529242164,16.039275926343873
0,14.076852033548912,15.013275509362767
0,14.24160628707078,15.743613214185237
0,15.05422021674699,14.801056920413567
0,13.703336455804067,14.872652132516194
0,13.226947280561932,15.005881434769982
0,11.410213689110872,16.03709462724539
0,12.971239978686,13.700364721643629
0,14.269621983913597,16.190388111763117
0,11.475357348363609,14.498272703383623
0,14.76338343797439,16.14278012664719
0,14.498981869299904,15.722622639623793
0,11.283582091979918,14.777086477957818
0,12.252929141965335,14.839489981375527
0,13.845058287352144,15.200271173137585
0,13.63889325219247,13.739496243887737
0,14.015286400931773,13.961458535346111
1,14.50836196203532,10.876982311365683
0,13.13235445943399,15.91445874098985
0,13.65698595972091,14.98072457804437
0,14.860259926566373,14.267494394211742
0,13.55995713196677,15.324495897889513
0,14.890096631990467,13.817973052334652
0,13.376498374615544,16.141874610492096
0,15.407400751569286,14.501845347311688
0,13.053967296825654,16.064349710483924
0,11.410135685126345,14.876451453454818
0,14.623039590555187,14.4728968879814
0,13.71927317861164,13.029358159082834
0,14.662209490722192,15.524471422705844
0,13.752739974275055,14.825225977911732
0,15.661235603100286,15.094072991102138
0,14.390485781359695,15.251323301387924
0,14.323981307727125,14.976917752514533
0,14.623327963956562,15.055452301781468
0,12.280565453293683,15.572239785451165
0,14.643226939888068,15.56053090933436
0,14.396755671820484,16.22745511049094
1,23.905526524462367,9.540848564481893
0,15.085879543496251,14.198624296036954
0,14.059433218863319,14.612337347378821
0,14.130928820071283,16.32817491838204
0,12.912440336659547,15.16392195394057
0,15.480429228861896,14.006089586717916
0,14.163549163567065,13.734958374310896
0,13.192194519053064,14.004744163213235
0,14.719736295885399,13.748524592688959
0,14.118956802173617,14.18106554978762
0,11.757174879066561,15.381595868213816
1,20.976413999804105,15.0
0,14.788795385272799,16.398470510574857
0,14.961554871909211,14.241256783241674
0,15.218987451692996,16.06288941458198
0,14.050883850800117,14.678367356557619
0,13.373832968173353,13.705204579021808
0,14.343470876341582,14.59905325681286
0,13.682299485840792,14.409910716989678
0,13.948635662317225,15.823159221155345
0,14.357842965991885,15.95101645703984
0,15.544814827114353,14.087628533561988
0,13.037666569189389,15.227287164134067
0,13.453439224284084,16.03256061985827
0,13.875305169500397,14.512241746319926
0,12.871130865738582,15.075102025404103
0,14.974028984933025,14.633197490262033
0,16.02512190083482,14.534652216305199
0,14.089321391141063,15.484006026950874
0,14.744703052324182,15.174283976810695
0,14.869110774424724,14.21876712074613
0,15.782974063183756,14.537505572609279
0,14.898294762115828,15.530053422647883
0,15.001643285703162,14.58386149807127
0,14.126656650974256,15.310699650934316
0,14.441771152044241,14.398025088829023
0,13.924892396462441,12.44273943653587
0,14.443113032751661,15.329397732051335
0,13.5046351133785,15.355094428427376
0,14.723073956996005,13.519115241070004
0,14.482863794371704,15.708814359296145
0,14.836827378782818,15.786025699504512
0,14.394110916315853,15.338411479427748
0,15.762472027198411,15.217328083776689
0,13.272757167079057,15.524858543286182
0,14.132410813227802,13.705088171471086
0,12.965107788088181,14.33249376616558
0,13.757636481864767,16.184239406975337
0,15.334471545950144,15.164486896875482
0,12.416188815159185,14.78482760928193
0,14.319281792323748,13.196414253436128
0,14.161103326513008,15.11389533368354
0,14.471398901008707,14.216858136871382
0,12.749870200701416,15.365258644243974
0,14.785516233271975,15.310622543019461
0,13.497776652813393,15.400047173649934
0,13.065399120948097,14.190952189638788
0,14.30755088379039,14.599559477263576
0,13.10476894644449,15.756958448057643
1,5.540850098229984,22.958068490666744
0,14.238607959752127,14.877310315818814
0,13.40502011497308,16.189141451496234
0,13.514034949830837,13.836392701567924
0,15.036534237427235,15.828418084350812
0,13.714740577445163,14.036222781693828
0,14.229809026955564,17.117192489648957
0,14.473477399097524,15.12860338234093
0,14.941116969198575,14.435517947716201
0,13.045965172121134,15.391005556886384
0,12.770576644999984,16.221276911767397
0,13.63395312760821,15.704562107761829
0,14.255923469714705,15.587175291390688
0,14.638230352439217,15.410878154811423
0,14.91670817888106,16.402823986513834
0,14.514453872312087,15.61519921327752
0,14.195332889214209,15.067099133209382
0,14.231704541508435,13.836297421864824
0,13.051460487355351,14.555367634620325
0,14.022128889316138,15.116576172527182
0,13.469686061240393,14.680743187508938
0,14.460834445838206,16.560863800895614
0,13.75411049443119,14.336764318335806
0,14.391306299171813,15.50489318575185
0,12.413299650771325,13.74656606464987
0,14.258333059453845,15.930201331453464
0,13.647192664988609,15.0743955927902
0,13.881078016997465,14.7770098426001
0,15.030818638265295,14.336092508872317
0,17.366376509078385,15.168873760924324
0,14.425547762706476,14.754801068943184
1,14.702599769410444,9.56959680666812
0,14.129897616445325,13.987878306711881
0,14.93160955612938,15.018300791145
0,13.74950129245315,14.593831652378087
0,14.927021375835565,15.60538505135195
0,15.015324990413117,14.128078343437195
0,13.998231521206415,14.685670158088755
0,13.205752511827189,14.358757733891405
0,14.21609864540677,14.583747270141183
0,14.117973499391596,14.695709651684234
0,13.77345423121669,15.982493133732943
0,14.45246338119577,15.075903519842647
0,12.751076317187604,14.967386230248664
0,16.129241246863526,13.88703934202049
0,12.156165055856842,14.772245203807362
0,13.425703499330309,15.575299118676565
0,13.772811514187788,15.27057843807038
0,14.154067385584977,14.785790317747916
0,13.920667984282707,16.10249649342334
0,13.583917357558654,14.961455345592
0,13.954332759002401,14.578745651900752
0,13.805567722429476,15.923731222699946
0,15.950948722081737,14.01156928182008
0,13.598209086404468,15.141969788481989
0,13.649387310982808,14.636966276836956
0,14.639632265901556,15.556079668712664
0,12.901495317933644,16.785630370266073
0,15.900261289231,16.387408574380473
0,15.028476747316832,15.53321720437567
1,14.364644204282403,10.768721025423302
0,12.894948889378052,13.130244325146604
0,13.377351328737547,16.912315198885313
0,13.016626011000069,14.705975115899266
0,14.859615815513829,15.715647195019962
0,14.217485418020585,15.22051066406522
0,14.263068910383796,15.77026245070427
0,13.878175641931644,15.257954789643506
0,14.602152281587161,14.553994237653406
0,11.197886632748041,14.223415188309458
0,15.40316840269479,15.422894912049513
0,12.342029858812632,15.995882904907237
0,14.473479400775672,15.39442164642422
0,13.56535675559261,14.294172234669915
0,14.20435710811084,13.531389023971435
0,14.161950808733467,15.418631950771378
0,13.246124121772091,15.137532231644427
1,14.638851416091677,9.084341522983843
0,14.463230877462792,16.04135664065162
0,13.865485778336307,13.747810412068134
0,14.642579052807944,13.84924679266409
0,14.768696869101003,16.06229155929392
0,13.512803123899777,15.024935100033572
0,12.162334806582315,15.348526397512595
0,15.684249053326479,14.104772801615743
0,14.484432595464634,14.841444012833342
0,15.629337640394635,14.66448524730526
0,14.691214264167824,16.155723763741225
0,13.922005697790087,15.651695085566319
0,14.705306990008546,15.142938024447451
0,12.764405869614995,13.325122501712169
0,13.520859754237305,15.976417657395569
0,14.330852811798298,14.972123169709278
0,13.975182856646951,16.16710520812132
1,13.896147557807351,8.53218487703458
0,13.034627192021494,14.359054203597042
0,14.2680778800485,14.638826196689177
0,13.637642239206155,15.272725873000054
0,14.728471642989112,14.820637207458585
0,14.055195901224948,15.530911078828561
0,14.326055949144227,15.37614555298306
0,14.456057695252893,14.108861684143102
0,14.263114779411316,14.791998229604202
0,14.650200913548707,15.390186461744651
0,13.845883996321948,13.863483565285671
0,12.703873309612272,14.97797300124929
0,14.6953622494406,14.733179508703952
0,13.257771221763967,14.827175190724992
0,14.321832470691474,15.323662222957402
0,12.125274644649362,16.94887679748443
0,14.056904574071124,15.976396239304433
0,14.26587604418526,14.411074314480327
0,14.980619346265513,15.25065639969436
0,13.58655016786597,13.766675555853222
0,12.960230600715999,14.863135351864644
0,12.536078971673396,16.65105502833225
0,13.811095083093383,15.998067626930338
0,13.673319510666387,14.825608196463778
0,14.001829996516152,14.593520930023466
0,14.704716814173008,14.837881175661872
0,14.685473691478803,15.678564250964948
0,14.220907836424777,16.234501740027074
0,13.802745795660103,14.657537780928608
0,14.957246914015336,15.511075577730914
0,13.359140255908997,15.0787514834622
0,11.990667669569287,15.516340771698589
0,13.221089840463522,14.152988524833633
0,15.097264893738204,14.888557103792103
0,13.799780265265422,14.930016807100536
0,13.037284071040652,14.85258061681944
0,14.237122695154984,15.130514386398936
0,14.304754232986763,14.759133228280827
0,13.70044447654943,16.498681334576283
0,15.052463737573445,14.86281788347758
0,14.807869983244107,15.40099745253977
0,13.076397021857952,14.169092169295473
1,23.917145263285068,7.7746355576160955
0,14.58700969693976,15.453072815249548
0,15.238416618513876,17.090161137473913
0,13.411138778998748,15.238760794541486
0,13.854819231455188,14.6322746008678
0,14.989121605588469,14.854481651369456
0,14.430888115972351,14.951148544341624
0,13.969989050913279,14.118363166819282
0,12.666407912073158,15.07799074482563
0,14.680645560033783,14.249462531399145
0,13.059700775654226,14.80959685028293
0,14.347558988857639,13.598399265143307
0,14.214550897746637,14.780232671560384
0,12.894522235650483,15.392297016050874
0,14.57678455448773,14.370212258967795
0,14.386977643863398,14.5314651310655
0,13.974991311237163,15.02610108857954
0,13.174011362105325,15.862868117787636
0,13.130152360796904,15.659617197130187
0,13.970586049188293,14.631031503318004
0,13.585689923549326,14.727552058890527
0,12.247892289714896,13.730739275878372
0,15.50107870645486,15.73055095444158
0,13.992190136384814,15.214720618837529
0,13.015013316925716,14.144675662709544
0,15.562623170915447,15.631537231260685
0,14.296146874369201,15.35480420536031
0,16.33149919566831,15.814800108931404
0,13.932668473602503,13.94823009891813
0,14.088611727170171,15.192110106191201
0,13.90975408773283,15.040288676028345
0,14.53611771749128,13.704619761552632
0,14.546297184268191,15.676555056772258
0,14.11130041207672,15.87916752822175
0,12.859413479809355,14.70845562511096
0,14.864476814498559,13.689508697598892
0,12.56579539088993,17.383929106690395
0,14.284815866645435,15.91788405943674
0,13.767649009318797,14.920584289683255
0,14.761091534303842,14.100746733865314
0,14.600211910923237,14.912016902683515
0,13.651316231558784,15.15510557064344
0,13.722735510415623,15.088541436700366
0,14.066559875937175,14.309055046192029
0,15.066035927458554,15.273467097699719
0,15.739893715110922,16.536385124464292
0,14.011607757070914,17.63162942087927
0,14.174756133214542,14.572624424083862
0,12.448587012655032,14.485825339757897
0,13.626155945312547,13.825220079852755
0,15.164180203124054,16.337315305280185
0,12.187685239646168,15.30706730870053
0,14.041926195655032,15.723782917111679
0,13.450229184625961,13.552959167173956
0,15.091154943461303,13.022487422899518
0,14.366634603730404,16.118474916836927
0,13.539633675416166,12.855766982611904
0,13.87955222985147,16.614366624146946
0,14.840336357571564,13.880352965111822
0,15.08421941166117,16.103440918798015
0,13.74014593925667,14.288501817780732
0,13.815593733215925,14.580561044085428
0,13.981278253062255,15.25968760643656
0,13.483230379881677,14.346199695113134
0,14.068159845137863,16.631784239637394
0,13.43822530049388,14.39444177807366
0,14.252245591646126,14.588195824514722
0,14.308420447380472,15.165497699884698
0,14.189488083070966,16.140462594567502
0,12.99157541957263,16.0413452646907
0,13.315759161955244,14.409553862451983
0,14.266492566917243,15.353271597363323
0,13.290821359074872,16.39685819422964
0,14.048947344091191,15.204626034802896
0,14.39649418479693,14.11173788989438
0,14.419972741183395,15.849021716242294
0,14.522454246246314,15.58306749300102
0,13.428075268978183,15.411054618909661
0,14.639393784391677,15.373013917437824
0,13.212648152522544,14.899954374613964
0,14.894500936691253,16.68359153056838
0,13.550848639747027,16.598063040735898
0,15.012608425776525,15.970011823600336
0,16.048968532724665,16.247266271390764
0,14.51034677067624,13.600739667409236
0,14.067279519112628,15.152107724929081
0,14.956469811016317,15.119176421705427
0,14.33320477994618,15.482523955804862
0,14.321380868355897,15.956554495015668
0,14.412056058768279,14.177140403112437
0,15.446397356380249,15.039001854445862
0,14.063696741602339,15.708840464948167
0,13.59774829230603,14.427887782670284
0,14.4753471447596,13.86594394410165
0,14.182480895426885,15.484278787711451
0,14.752066463069479,16.169507374636122
0,13.222116397976535,14.721730645437837
0,16.305816946390653,14.805053029924744
0,13.924674818260629,14.469830531271038
0,13.806350321756582,16.684042339174578
0,15.135179020219821,14.763986054757508
0,15.51145543868449,14.636667130023556
0,14.748068988143201,14.307157347809143
0,15.673445312045349,15.812934653957097
0,14.00018245107017,14.157073075184446
0,13.65057117118518,17.215588000680142
0,14.47111101285146,16.80534300853564
0,14.763640998850626,13.908495399781382
0,13.798727144189613,14.969931548073571
0,14.097545595057278,14.261624279772626
0,13.0466202491507,15.976641928753985
0,13.40951556950134,14.627412794622899
0,14.137664800766048,15.193212382952598
1,17.741647351872842,7.895172110478071
0,14.168337567664349,16.330431417439254
0,15.736380038369825,14.648453086264906
0,14.59452518792235,14.656658804592066
0,14.705678552447353,15.264670439156722
0,14.053453852249662,16.206511930609796
0,15.21181611408455,15.532277718284458
0,14.223861473150361,15.384394076735159
0,14.45505654942691,15.268974508283414
0,14.495826969312706,14.91324481557786
0,14.5654150006816,16.178157321632575
0,14.154211461446195,15.236818294731433
0,13.580679948243537,15.538203400675524
0,12.786029881123204,13.080751411071931
0,13.824526131739525,14.498403983849764
0,14.264683045382403,15.81593659365116
0,15.006116457765813,14.565413956226866
0,13.862849108643784,15.336194998261004
0,14.696898674908583,14.476580340155646
0,15.77497972119914,16.34889838635163
0,15.048510279073419,14.14530338818455
0,15.088146926542404,14.786508389434436
0,13.448588940568012,15.715503879610297
0,15.541238214118103,16.700654027098004
0,12.727097508076849,14.30466993201533
0,13.310297309767815,15.481365874992338
0,13.364239498376861,15.238639369139282
0,14.028811607325895,15.262017804870078
1,5.1084296521488834,22.844010493770742
0,14.901669435920121,13.661492508197785
0,13.894505671742222,14.015140119133346
0,13.901927341550904,14.144825400650767
0,13.20772836364471,14.732967718504609
0,14.420473512421292,14.91320488485515
0,15.292633627750883,16.36309596693875
0,15.044717773163374,15.397480587045246
0,13.143136267301031,15.162422359826104
0,14.037985533551788,15.224427884087625
0,13.271381689786523,14.784243845218889
0,13.581594316475984,14.199211734457025
0,14.932228656559642,15.2147715614719
0,13.133221535698558,15.773400034824558
0,11.966183705932018,14.611433814646624
0,14.014886543773898,14.325491328558593
0,13.707168596392858,14.841837361411736
0,14.569876261990478,13.539458034921987
0,13.582357752703329,14.14257417026366
0,15.679908845236032,17.510133699297267
0,14.219109353273211,14.266516775776154
0,14.939836691338995,13.78980672166582
0,13.722441953714394,15.3023742439939
0,11.850573572294929,13.575511262925538
0,15.177591957739406,15.804257638110519
0,12.7271100003408,15.023207825454229
0,14.887231342276028,16.312080796236902
0,14.084647674033587,14.692319061594807
0,14.162806286181164,15.435824671700951
0,13.676975138812134,15.344857164388076
0,13.863232035642726,14.946997356468438
0,13.973748832179481,15.275329331932408
0,14.699842924789113,16.1774113309064
0,13.41796654512094,15.188471123810409
0,14.618070132095298,14.636648364091414
0,14.448491526483485,15.775347309839256
0,15.82329994194579,15.288673618942985
0,14.547748721478719,15.276222147419318
0,12.23627741318677,13.984851936284379
0,14.57443698648428,14.103743546988403
0,14.284546129366657,13.949035069436416
0,13.744055921356889,15.751767379854169
0,13.09607145179939,15.918169803869304
0,13.631265340699262,15.708860757543865
0,13.609713020873814,14.627132331399018
0,12.852151176253747,15.025405199799248
0,13.292641222890381,14.180405678989512
0,14.068504013718371,16.676924499909944
0,14.164684748521116,15.599806927656326
0,15.226507965000428,14.589718290190529
0,14.624667250906526,16.48448819055283
1,23.308049250648708,10.728158918268885
0,13.798809438456214,15.440120439888053
0,13.930453465770354,14.70022301254807
0,14.847172462978477,13.605979245383972
0,13.679787204998977,14.491414062416643
0,14.489543759413245,14.577599411702561
0,13.8668466582145,14.58347991782603
0,14.718580613759478,15.557802062770023
0,12.602638847628901,16.356155113861284
0,14.28148660310623,15.723931841870566
0,13.020479641629683,15.846116020762176
0,16.25764228987065,16.518746968355224
0,13.442268937312795,15.397868548656845
0,12.863172106078736,15.257656069949043
0,14.351768852713358,15.403168173482234
0,13.124910517488448,14.695293709996863
1,12.507964448425588,10.040895709371624
0,14.35278098129086,16.166819568514143
0,14.455393875829683,15.714254107852154
0,13.10514116263608,13.989474275999397
0,13.15746644650503,15.895648218705777
0,14.471308161421765,15.34152121648067
0,14.573617607547334,15.810905279700787
0,14.04444024091845,14.280424968072321
0,13.837115361381766,14.265782013934567
0,14.300006353079118,14.263925830454665
0,13.197804728148705,16.179271583058288
0,14.625106101143922,15.109595890655656
0,14.364284920703158,15.218352574788314
0,13.517636207102063,14.255709094520347
0,14.818945604602826,14.014068838409212
0,15.75885123836698,15.293779835987065
0,13.920962087915928,16.724505050135388
0,13.807264639888238,14.26823417623769
0,13.246268330461245,14.883992510260226
0,13.763600403866336,14.655354862580495
0,14.342274581942226,15.940632012495394
0,13.233277296204687,15.792013851266097
0,14.037005902103157,13.63415813668594
0,13.11673987108432,13.818204838715218
0,15.692024063322556,13.901032915711774
0,14.371884501773653,15.865979694129422
0,14.785784210222491,15.695255998535142
0,13.950094488825838,13.406783866793681
0,14.74790668271665,13.793550204129984
0,14.632098108216578,14.284314956936466
0,13.195693808810418,16.180179629892773
0,13.226549142968398,14.6149451480035
0,13.541473807063234,15.952507144464303
0,14.4220443757473,14.62770259144534
0,15.701276260501213,15.743126371965737
0,13.067941259267801,14.566726219831212
0,14.29243623958176,15.33181385196272
0,13.84106829130993,15.769417645611162
0,12.499422729209355,15.50020701726721
0,15.097438552524661,15.068062869511273
0,12.995341185425737,14.076339175172127
0,14.142501863441469,14.011865498474911
0,12.83430994341034,15.2612534501176
0,13.825733633906095,13.362997945824032
0,14.068010046036624,13.309024468145951
0,13.84338602599918,12.599864453476314
0,13.509709452908018,15.485613151758656
0,12.480463053174335,14.256561064006467
0,14.743724946568427,14.45443263122876
0,15.052797956176425,13.047308463335202
0,16.234882291453133,14.467730500918092
0,14.736518427342013,15.248313991283402
0,13.445180831320332,14.981860420265894
0,15.12624005905736,15.33192464889335
0,14.068140411536438,17.044443240695106
0,13.820037860112492,14.534860725222119
0,13.896542383562723,14.911138889970982
0,13.236886820841672,14.857776272746447
0,13.573957025705463,15.262468379405984
0,15.013781009095865,15.563565267620016
0,14.059344664462305,14.52314951206877
0,15.321883355294261,14.031112740745314
0,13.445397143846835,14.283191802955423
0,13.724975592252292,15.013416877692219
0,14.9880842703287,16.30873547340068
0,13.584723847667828,14.71231889094964
0,12.611961779079328,14.978790997485047
0,15.061867052916442,13.62449488500219
0,14.438292430790044,15.476981257478192
0,13.097410198186592,15.014527628461515
0,13.63928475792064,14.980866721484217
0,15.181360950171849,14.004610147134073
0,14.148116105485272,14.293928259077083
0,13.333155515892607,15.167507455671187
0,15.750933001469557,15.160307158996988
0,14.248643524891873,15.507247218123753
0,13.044410142690193,15.282377301847257
0,13.820663542662807,15.692686056271747
0,13.901202788162951,16.026293429744793
0,14.087443478468636,15.211196476177397
0,14.864071302543069,14.45284135241899
0,14.191348143158368,14.7703190514672
0,14.104430832781691,15.136988306197546
0,13.515940076447928,15.21769675983334
0,13.997917968140131,14.49808838782207
0,13.998960498657132,14.769729247298816
0,13.66018318871639,13.654758901170592
0,15.466847352656476,15.684382278492174
0,15.348567675358211,14.568680608522902
0,13.574394917456413,16.55814745085438
0,13.483299996715365,14.3050803535514
0,12.806979989920665,13.423093881371052
0,15.642625590511162,15.33607441076969
0,14.281412179872746,15.678707090877293
0,12.411795744307154,14.922629647336645
0,14.647813713304721,15.198046293315043
0,12.16443056579839,15.066308676459185
0,13.913936911986669,15.000116072427303
0,13.023997654890335,14.356875503544563
0,14.386917773385163,15.847428657493682
0,14.259628955487056,14.388519827460646
0,12.936589813960332,14.643467980674613
0,14.628076363529932,16.187859577046602
0,12.663568527516052,15.265121456283286
0,15.002828309897957,15.38741448856928
0,14.858061002936068,15.259702371784648
0,13.294074214368269,15.223264199879788
0,14.447011327816991,14.744769681995257
0,15.225986824164634,14.43515209439199
0,13.212963478642466,15.726675177232648
0,15.261829449629875,15.057162785236205
0,13.925462351217172,15.512490599302234
0,14.768521260514767,15.14736372668429
0,13.869795492122245,14.530153759602438
0,13.47247637365813,13.487656927990686
0,13.960707648559575,15.413473838812518
0,13.477511508171013,15.365461035711029
0,13.21678864214395,15.426115866633559
0,14.2021992243822,15.031790104720605
0,12.982494189999727,14.923625440669744
0,13.423632545941858,15.48290577151786
0,14.974327812099732,16.239443133316726
0,14.572016486079459,14.765509512912788
0,14.512641275884844,16.24919596430262
0,14.16926663349672,16.10835646277673
0,13.389910958857833,15.318599330155132
0,13.308453984111502,16.343354726760253
0,13.020136332269212,14.352777437352076
0,12.666977619273222,14.185994255988646
0,13.14328417882066,15.986570758489684
0,14.288778858905383,15.158467309304234
0,13.482798044555413,14.533196897567572
0,13.760992939256095,15.27532897647929
0,13.969835184465206,14.11404342166295
0,14.30501463404612,14.986060569537837
0,15.042109298872427,14.507183165545449
1,4.455338535677986,24.611701318679312
0,12.97143523819709,14.181333174754965
0,14.401552057051871,15.098886153565658
0,14.547890506766183,15.670222359285795
0,14.543450987723833,14.735192613145756
0,12.93881259176723,14.613174816633245
0,13.621543458493328,15.444535561932348
0,16.075866626301746,14.730838905342294
0,14.597009020605082,13.945139546530644
0,13.32865983833832,15.553610115350795
0,14.221491482997669,14.654022084845055
0,12.741923198648736,14.18469690061806
0,15.21534563887839,15.800154657611438
0,14.148096952927448,13.055075774957771
0,14.35747501834281,15.63827420966804
0,13.890688855212442,15.084829124057496
0,13.77802161076829,16.148848670351157
0,14.02278377427581,14.163458296337337
0,13.708901778172697,15.435090624611098
0,14.552772651439936,14.501438866430972
0,12.868490975617272,15.173795890177278
0,15.162629118867608,13.785459903166151
0,14.04426604560589,15.118521990744966
0,13.637939341409007,13.887187455614603
0,14.688573153948779,14.688253048432616
0,14.230594756918032,15.959269760298032
0,14.29871577100014,13.865800323632772
0,15.143341746273945,14.084496154067448
0,12.724393884099376,14.302582042481598
0,14.854439038316137,15.005961730211318
0,13.682364829538532,16.441887163887316
0,14.828191984791621,15.944051545568362
0,14.79449590599469,14.411366687765433
0,16.155180022148734,14.816664649784773
0,14.1995927983632,14.841307147440862
0,14.915863990994154,15.334948744889287
0,15.530938804911592,14.3663163008656
0,15.277554030227826,15.286525011452895
0,13.635956254464421,15.389134722856921
0,13.800567396221645,15.695217918705405
0,14.304391272029944,13.919894366158296
0,13.889478967135576,15.448715574727428
0,14.056337512470675,16.3931523212033
0,14.995514580309733,15.225778396916422
0,12.946560776821782,15.010763107210199
0,13.707635120199395,14.895599504009963
0,13.06660806193553,15.4687609511383
0,14.578992816364806,15.402372709947375
0,12.678881700847576,15.450939477403423
0,13.88553778387416,16.82852519078128
1,14.480654872914398,7.243021775833014
0,13.714577094938967,15.269311661696014
1,15.259467756713576,9.729161769926288
0,13.67987385098747,14.434040027483814
0,14.019848187372768,16.028772676082518
0,14.44052032746171,15.077892250438715
0,11.427556081248504,15.232257767770129
0,15.509436033270795,14.334073375664225
0,13.580193663111446,15.600283043193588
0,12.700957356340147,14.499166950225511
0,15.390119157062582,14.676542111905697
0,13.968091536433784,14.750915861539104
0,13.454689599730667,14.688237246783917
0,15.298547020066938,14.942545101212858
0,13.608358534874831,16.197746679884506
0,13.764823239612967,13.75488257747427
0,13.482211862592337,14.773679944023412
0,13.751195031868047,15.095178267961494
0,14.50010296854192,15.181604263890558
0,14.804926947811483,14.567175456713095
0,14.087170180306508,15.006873841274578
0,14.219984585634837,14.626857123254148
0,14.0205240252482,15.640645682270621
0,13.303871402590914,16.471497578198566
0,13.420274835876402,16.149956945963527
0,15.051997372115666,15.497577379650536
0,12.741557881807257,15.168041219854667
0,13.84536717431011,14.053751813066816
0,13.54223421108958,14.607211334321534
0,13.440583402812777,14.131596747663895
0,13.856218796076883,14.189902225430233
0,12.836085899395831,13.809035448682923
0,14.375493144856394,14.963453183082281
0,13.662938059557579,15.861850180878877
0,14.587659356887725,15.756179649860997
0,14.651443358197973,15.174772635947926
0,13.159762221940182,14.693057419239826
0,13.721326652818679,15.640900241035151
0,13.407677426045769,13.93852814520985
0,13.869374042414695,15.888347579706823
0,16.039347382722184,15.396541180499279
0,12.775705695124572,16.26020478338023
1,17.501551783413767,7.678755288132015
0,14.911650926100391,14.78798720811795
0,13.769996811669737,14.170142016979513
0,11.752113257073844,15.600724459826242
1,21.45525852786717,9.390093195364296
0,12.698776297431712,14.090050880503556
0,14.511702137204301,15.5734913837988
0,15.03763673216751,14.404744250728179
0,15.609198438318623,15.194893083521855
0,13.933782701918714,15.619343026663115
0,15.532127088765336,15.686849268999856
0,11.361788722338979,13.621798457082846
0,14.937103815074057,13.947863836709656
0,12.957903444006424,14.988119369730347
0,13.494668381884601,13.564859526161824
0,15.036288436794202,14.841445542140052
0,15.033664014954356,15.068130022163292
0,14.044543853601816,15.850122376699828
0,13.830627977290469,16.273660316405813
0,14.631817696155077,15.081409868554061
0,13.648922178584048,15.632786327490262
0,14.834462113782752,13.995140538066176
0,15.258213415216979,13.127195062913696
0,14.07830952555736,16.043330076165894
0,12.59814952888581,16.03383620714663
0,12.869419198621467,15.450312902389443
0,14.152091609732539,14.972736210875825
0,14.230121826354557,14.582092833782319
0,15.333468678098832,15.636410841151468
0,13.473491030690193,14.626306631822727
0,14.50961840056551,13.992082947527287
0,14.051866034131265,16.79850969197546
0,13.89938377300281,15.94394771535439
0,12.442345154717524,16.06922629787485
0,14.82486725835987,15.712671159132853
0,13.340522434298338,14.457617994109139
0,12.920032703339125,15.80876636373461
0,13.401657143882602,14.8192046920566
0,14.04751571761438,16.43780950976644
0,14.121284293327307,14.94599645253287
1,19.538404396752668,13.827596242774089
0,12.640239902076114,14.799117883845133
0,13.143335149457062,14.58467584644627
0,13.894476676849868,14.83092171481166
0,14.19924383287889,16.050133051108446
0,14.140220227784681,15.093130236543383
0,14.099822860285196,12.762290334878273
0,12.981400651556243,15.282441839220402
1,4.762480158903819,21.609681562730625
0,12.136052940588947,15.777040797702394
0,14.453638452613834,14.380563911748343
0,13.688951373927194,15.66590663688281
0,14.958588200517275,16.47282401952728
0,14.993286829985504,15.9099693780656
0,13.390782953733446,15.506791647392369
0,13.995710687474256,15.619410210890798
0,15.233566578617708,12.454091456330264
0,13.207107744041709,14.78573135022557
0,13.589892918465088,13.831685118645938
0,13.83892324380379,14.449122181334857
0,14.447761801626566,14.264045703210119
0,14.1904175654305,16.164503643295642
0,14.654197181567877,14.875661649290189
0,12.995917225457791,15.788619873655616
0,14.32602309076085,12.807329997676334
0,13.26900283505299,15.461011989994542
0,13.276687899653924,15.54407934940857
0,13.702672394486145,15.265500825455536
0,14.295653690705576,15.696328284541375
0,13.777284041438175,15.687562316059495
0,13.518705048777406,16.657629775288274
0,14.762220061549575,14.701610715917766
0,13.846916136076437,14.540550114017604
0,13.431882990151347,14.262241298993985
0,15.626905544484671,14.367148269771665
0,12.716313591593494,14.653478776773335
0,13.3555195483223,14.685339206110552
0,14.605268570387807,15.167185761243603
0,14.53656069733822,14.329667045974885
0,15.063332788350635,13.919988047172602
0,13.95982165554455,15.438988968730401
0,16.449679667591095,15.336149005609293
0,13.220797268444278,15.456455491367242
0,13.636154656127465,14.117438346752003
0,14.544371438679558,12.529506852280587
0,13.9250810929671,14.027679183039997
0,12.006008727202369,14.855199398582172
0,14.773721266880587,15.754944488980103
0,14.312800162724368,14.826343983384907
0,13.11930992829378,15.168492232241316
0,13.392875844693535,15.861926213440832
0,13.93684208393662,14.878717652918176
0,14.451935511727282,14.072679181650155
0,14.808633172369971,14.260395484252026
0,15.422632420745053,14.145873039711443
0,13.330524145743425,15.044536830158773
0,14.239678761513067,14.036044385043933
0,15.10787707132586,14.632246284589272
1,13.490002384589541,11.863949008043729
0,13.683693885112492,15.258638850908103
0,13.500098276352373,14.120398426409617
0,14.616212495223955,15.931800562023138
0,12.122420361170173,14.152293807950416
0,13.974279866467029,14.890916258492915
0,11.73350745961029,15.25951316139858
0,13.487573659912398,15.039432442345046
0,13.82318130306728,14.221681423433782
0,13.61889134079707,15.39839077135379
0,13.828995950578777,16.343913698692138
0,15.440692415951846,14.941573385124356
0,14.179424237238097,16.518065983959556
0,13.930534109971694,16.848100917422844
0,13.443869308992106,14.809584639292511
0,13.150091752732427,15.245265406600282
0,15.277132992229912,15.608771781043211
0,13.59039300675397,15.568482138418295
0,14.25694316566199,14.964625785116269
1,6.268237283836968,23.768771485127715
0,14.221239307315118,15.649683459892248
0,14.611992764566043,16.25551953212687
0,14.329573328094444,14.6417355063056
0,15.305616808210797,13.454661936927376
0,13.686781558942002,15.744218730877055
0,14.969084759767401,14.468899985241068
0,13.464221164287892,15.148769495238527
0,14.288707430045259,16.102864279867607
0,13.121836806986396,14.759501287407286
0,13.48509829533448,14.746092487800546
0,12.321924820108512,14.747994116100411
0,13.250191305024133,13.161203422431484
0,15.194135172010888,13.9976543268018
0,14.625264984182488,14.61928589935819
0,13.811353314097245,15.615740025121376
0,14.681914691590713,16.369587570051664
0,12.637340999391359,15.589043061737037
0,14.964819909710254,15.704335295729381
0,14.344318603003298,15.60010080711347
0,12.896569498427915,13.631872065586059
0,13.96017024002602,14.171991655429844
0,12.181990531268179,14.539777737652683
0,14.936455094023403,14.90819833630971
0,14.860741897508953,15.57174091181723
0,13.367982706948915,15.303346301409087
0,15.28237513457848,14.853990134781247
0,13.931623028069216,14.673469384284232
0,14.941798552974076,13.702737827360409
0,14.111752245222865,15.585963604845968
0,13.64739007705083,14.433916407272408
0,12.338785978642125,14.368003815895964
0,15.237067908520872,15.185498566030066
0,13.184835993748294,15.360027365878365
0,15.336639457831636,14.539924665846979
0,16.06103786829892,14.243903485510899
0,12.772954372514267,14.661225930133103
0,13.346817772516479,14.814787751324799
0,13.97265454589468,14.856759228703092
0,14.367353913690271,14.614166474874438
0,13.996395486764879,15.185510808992396
0,13.97781724081027,13.204329825330488
0,15.790525836316888,15.453455600994618
0,13.206882631697916,15.366450371695624
0,15.644203431199736,15.352508134810751
0,15.71093351594006,14.828249768576756
0,13.988279639427606,15.094680303984017
0,14.048570818289871,14.523911165682174
0,13.55300751433421,13.187651827513823
0,13.96530623859757,14.16805961696708
0,12.899707193040392,13.84118732193785
0,14.65399203510421,14.185644927245251
0,13.648090950117139,14.774569956608492
0,13.026591939860378,13.88255210181257
0,14.334988633636888,15.850597562025104
0,14.426012392645879,14.56326008161209
0,13.76747623584703,15.940982867482967
0,13.615187490793867,15.492944034217386
0,14.918393398819745,16.753969298248084
0,13.780558372240968,14.866566841858432
0,14.577765671612307,14.472265704515147
0,14.967767053269176,15.283597992429694
0,13.493367634341968,15.884994320554684
0,14.275678077062711,12.725989119996388
0,15.245507685429258,13.710781767388575
0,12.074404695656165,15.79116212192165
0,13.96537753425613,15.194000048660062
0,13.449646861553177,16.263001796587993
0,14.037427622546426,13.860038947645924
0,13.847857577039504,15.074397090656785
0,14.229795179238545,14.985402971220292
0,15.417309711848317,15.142930694462853
0,15.06815085008664,15.112681348150417
0,14.804152626138464,14.461591253016945
0,14.198028965420212,15.095064149312883
0,14.786305736554512,16.05968376537692
0,15.102785876213423,15.691530348272332
0,14.48251024599461,14.567984657515858
0,14.28630874145549,15.49077856025088
0,15.150255457519641,14.616812510426492
0,13.051956438516385,14.897650828989013
0,14.573451337377223,13.856845615456962
0,13.303290290610168,14.22520303978443
0,13.144768084310785,15.934935790211025
0,13.18984211590015,15.171107791703665
0,14.472180655448234,14.867817475237574
0,15.268672748013557,15.038790243395963
0,14.864921342582203,13.706648121326369
0,14.338609726596822,15.58152170025675
1,5.674276174521727,23.640572327438257
0,14.237955530018564,16.0389635545489
0,12.880013657930636,14.98779599818902
0,14.495947618808241,14.110291610669199
1,21.40793347948059,6.88956155244822
0,12.893824766333928,15.359108618813424
0,12.933018286970391,14.541774744985068
0,14.478700251673574,14.238724440320441
0,12.87676103595983,15.026071279332198
0,15.54650683732346,16.777825495077288
0,14.304742196040262,14.540287456430189
0,14.672534497006971,15.758427438345906
0,14.698021287893834,16.198556204888092
0,12.758794352705527,15.881215703717789
0,15.086151573140205,14.21612044650015
0,13.090264664977456,14.463918226805141
0,14.181026516832652,15.303617421078876
0,13.608027527522546,14.78736682136306
0,11.89327715677102,16.08998737793881
0,13.479731872621803,14.765408453300388
0,14.79379882809623,15.20783954458683
0,14.136650351119728,15.491939311673036
0,13.440424412936528,15.493740336756938
0,14.676198692352054,15.714698527511674
0,13.036186522197944,17.414861286497356
0,14.457355082062044,13.889184760047351
0,14.759229794052706,14.203137698320747
0,13.89632681584896,15.333446257546496
0,14.988678412906824,14.189188065415271
0,14.236571360825177,14.682315208922217
0,15.621872600240666,15.279372864089057
0,12.456793238890349,15.464320096118893
0,13.375414364313706,15.583305408566186
0,13.780441233739083,15.117894536686075
0,12.08692082887982,15.013387091132442
0,15.267586773908338,14.634778280366936
0,12.623467228713993,14.175857403995316
0,14.08629376574306,15.523397860141523
0,14.59742630510793,15.281774583701079
0,14.163752926381886,14.298064210213845
0,15.304350698854241,16.062797948944247
0,12.65486801899732,13.764495784427394
0,13.49051452825494,15.734855219792045
0,14.366856836068223,14.574962971548711
0,14.169694891379763,15.656700786019714
0,13.46381765562399,15.5182388071634
0,13.012057733690616,15.494364394956746
0,13.273094551772365,14.070806203416675
0,14.295041937272837,16.59165426978169
0,14.016704349813384,15.512770823890913
0,15.166641073045383,15.544526039420214
0,13.932724198045314,13.80923560767271
0,15.168559201503799,15.117344115125922
0,14.145485855420931,14.030649273369814
0,15.522876425523796,16.488303814495946
0,13.269805344543594,14.865422426842139
0,14.228206471672024,16.48330626433313
0,15.042405540108703,15.04863493104489
0,12.923673776876214,15.366045508432725
0,14.21325867349519,16.4504916479446
0,14.674708035113753,15.679404831880465
0,12.711756320695068,14.39671869068819
0,13.061257046729962,16.819060079298826
0,13.38553144722661,15.13651283318908
0,13.163774756606024,15.955537330098743
0,13.027687447432129,14.967089224211866
0,12.841638549874363,15.012637750198156
0,13.627228820288263,12.505168826436876
0,14.494848846776568,15.057867840888617
0,14.356095280647208,15.052434782135773
0,14.762582593488936,14.348096642045967
0,14.339703614209265,14.91858939169069
0,14.348420683957935,15.151176593203358
0,15.140686462277293,14.365900789047503
0,14.71742458551773,15.743908564480597
0,13.840454151991299,15.320091631591703
0,15.447267362034747,15.439214156532978
0,14.18882727595579,14.684859412424487
0,14.129617827809225,16.03125486773497
0,14.475811585218676,14.492611062747638
0,13.07425991338045,16.414337298247347
0,16.077214751366686,14.995513254801294
0,14.095941674618095,15.363607073500722
0,13.971922906219374,15.257485631280616
0,13.823824299286525,15.32878771269276
0,13.808895368119522,15.451521557766693
0,13.597689624247636,15.51654532924895
0,12.251189522624246,14.206898789838185
0,14.086845209376484,14.954776457485117
0,15.550792830950005,14.470283069946776
0,13.341176595382494,14.094258045596588
0,14.87065544433977,14.492605288206509
0,15.413836024405015,15.011902156248997
0,13.880461795878084,14.71313327485162
1,21.34620252884639,14.313069382192438
0,15.488706048251096,15.747952588991076
0,14.86996529545265,14.981560163335525
0,13.650914847680717,13.639310114020228
0,14.052311216229104,14.218452250786495
1,13.811157526588278,8.799386087392296
0,14.519509887691516,15.101871021911796
0,12.189240269286465,15.019300789506543
0,13.768702048383497,14.824400893268423
0,14.536845046376287,15.184357524151265
0,12.64642943757776,16.32615722568086
0,13.12008406339025,15.652107885497976
0,14.613556749902294,16.45595109812793
0,14.238771864425807,14.485808136305888
0,14.733116851077881,14.59908054603945
1,15.257339383300163,8.890557098240082
0,14.096484413077214,14.950450796522087
0,14.177626968292074,14.251464108977093
0,15.26484617638582,14.516618287893277
0,14.571584500995613,17.336453707696368
0,14.55475673321342,15.693377527018402
0,14.651980900066974,16.37058228234914
0,13.329722515701226,14.744518794946861
0,14.567732878018953,15.941560381117691
0,13.499988030296002,15.179538071401584
0,13.49003859973045,15.50080420892856
0,13.990814779793855,13.868502314768905
0,12.813611018033319,16.054285835933545
0,13.301214145003064,15.61419128710539
0,13.294559603760801,14.592032321080774
0,13.233021711192958,14.634298362441587
0,12.895272535416623,14.391606225034606
0,13.881694260858657,13.67746906632719
0,14.146287586063897,14.395104329737023
1,21.585390042186,12.701037544474865
0,14.817269794042009,13.48040878911165
0,14.802881417100481,15.126339943977568
0,14.719420003065828,14.44136341788387
0,13.042541637827448,15.361721719568719
0,14.483216209323746,16.19791052851739
0,12.910403244020205,14.302665698712246
0,14.501179691564595,16.239177608666047
0,13.62310536023326,14.826766998071781
0,15.120873080908535,16.779294505580147
0,15.30372052166745,15.009087105047366
0,13.933458593261927,14.587162788248191
0,13.54859468569217,15.422426305881135
0,13.80844150084453,14.55934365079203
0,15.118406409806465,15.900034113709227
0,14.50938204844004,15.374649734268024
0,14.84727547170124,14.976401207158387
0,14.755359906453915,14.878125925323518
0,12.261780536446642,14.805824766240367
0,14.813458771289401,17.621862706174447
0,14.782632561546109,15.947717467472666
0,14.866192856623195,14.595779964380233
0,14.497542117999377,14.46964792089961
0,13.188708325715721,14.343973138693762
0,13.52698428062231,14.574565084612855
0,12.782690135877989,15.3909358644294
0,15.122237245023802,15.541331618158273
0,13.68255553399649,13.94007494057185
0,14.9217634983693,15.16627478384488
0,13.22654585264765,15.419520521283625
0,13.700144535696968,15.669449461630697
0,15.218986069563137,13.42063344407178
0,14.532402110330631,14.485896589340557
0,14.458139454545925,13.701183150781372
1,3.7634860956046565,24.008274061084403
0,14.394358134701383,14.752309694251966
0,13.592657013902404,14.184634011433477
0,14.243763888468397,13.934507333440498
0,15.173262839067506,15.937715011290104
0,14.653779385338307,14.672927322024949
0,12.32864522814096,15.308270700685133
0,14.124635430472608,15.753503156314988
0,12.884846048633495,15.521281731952067
0,14.68146940171204,15.282066688100507
0,15.526935304301544,15.838202812572721
0,14.567246907868494,15.402703413444767
0,13.84355814289746,16.638495337484155
0,15.268149036338277,15.850610528609982
0,13.981492827885324,14.74106285384955
0,13.59610447618436,14.375491978910436
0,13.487473296683516,14.485898924423351
0,13.965809986137904,16.906640249120535
0,14.399608494278036,15.002776909032429
0,14.137800531047152,14.760819044982087
0,14.175668073999166,15.842958151663787
0,15.647978107267681,13.95551801774903
0,14.080244029800847,14.675866606533017
0,13.970898637043867,14.071676492783341
0,13.584656208383104,14.595738498428881
0,14.592777846960265,14.139799400456424
0,14.021290393777969,15.053807592981837
0,13.331779405813068,16.626345807270674
0,14.434908918598143,14.660861822291169
0,14.668542181472477,14.609554071876767
0,13.913572355124671,13.675599595778152
0,14.551522635118623,15.870191981251038
0,12.666488695647594,16.142918002553394
0,13.18972273934927,15.487473973275549
0,13.77333792935428,13.65786768907395
0,12.662693896366893,13.99810657783896
0,13.514475778617912,14.068917315836565
0,15.588116375909078,14.136634719140627
0,13.337741043462563,14.607496721948598
0,14.676463025639496,14.882678955897381
0,14.135551703456349,15.316339644193228
0,13.709368047747214,17.298486839162273
0,13.25656605148914,14.776610936508066
0,15.283211421562145,15.384893169094779
0,14.112809725825088,13.96007282926936
0,13.395520310666816,13.791250028463981
0,13.625642767769929,14.27043283410297
0,13.017845109030679,16.63111801956781
0,14.128184252649318,14.165524553539521
0,12.713203006615478,16.394948227206786
0,15.259332037750989,15.54676061436694
0,12.279008798450748,15.141972540331626
0,14.506840039645326,14.416477378023353
0,13.062680594999899,14.757321401126012
0,13.141422872677461,14.744851717663206
0,15.237381261038177,15.433859432153824
0,14.380454966468731,16.205176207947304
0,13.725287459542011,14.870116157503404
0,15.57585584063026,16.020226771428128
0,13.951814971794033,15.858027744627833
0,14.614804132359772,14.451315876540084
0,13.698638564407371,13.570746133191689
0,14.481245217312907,15.637779982049958
0,15.00796523222407,16.056708706847303
0,13.858707541715505,14.203501469570643
0,14.621551935660177,15.47186058134061
0,13.531633909422288,15.490422255493092
0,13.63388741363718,15.208808276835034
0,11.96698113129171,13.946073590324126
0,14.289961266274307,16.111049498820126
0,13.611911996831575,15.634887311606851
0,15.314133917253791,14.944520076351713
0,13.466082202160349,14.961929036641175
0,12.990120730527432,16.169640049334667
0,12.571145419078903,14.008768232643254
0,12.827230202621871,13.872820248327294
0,14.07603158119414,14.83392951648505
0,14.083910208273029,16.310498785972776
0,13.614817503707942,15.614712014331124
0,14.119832295527178,14.296812291365587
0,15.050459029604962,14.774643807130627
0,13.656256846802677,15.665703288729551
0,12.986426484167076,14.70120304817012
0,14.066041307142239,14.641960995767219
0,13.46904899663786,14.343565176879371
0,13.09098224122153,14.548643187526999
0,14.266913125254135,14.389998370056025
0,14.08188320846925,16.96100347775612
0,14.176353667544202,14.586650379875767
0,14.23590968890072,14.71698341493467
0,13.434442664175858,15.73769337426625
0,13.284296823444746,15.887729976156828
0,14.294880813439985,14.94467410130853
0,15.139074986430213,14.965452761156206
0,14.435912947782322,13.563896061016026
0,15.42199012341415,15.804832261779705
0,13.801530303545176,15.133336249272045
0,14.787547256857822,15.134349652275038
0,14.073075298438594,14.571736444835366
0,15.544611395884626,14.45502304655481
0,12.53614188902521,15.549824750255649
0,13.76154311948605,15.677434357364529
0,13.171340017895274,14.98874643457203
0,14.215901865490306,15.162347820071863
0,13.692848351125159,13.64824962440905
0,13.272401839110257,14.532005000889251
0,13.562546478037543,16.03590787880603
0,13.39878097171313,16.006712527885544
0,13.679855171439002,16.122528380733243
0,14.857139503010659,14.958390579118504
0,15.004972500129515,15.604240643200823
0,13.657887050914994,15.432390407184712
0,13.401065753789236,13.88435412061301
0,14.710480568047245,17.189563594169215
0,11.981778458706305,14.156973587872006
0,13.842209719467288,15.97349188493709
0,15.234501560830324,17.14740069454128
0,14.15936925425882,14.656451752633558
0,13.186630812291444,14.722975395504303
0,14.255748682854856,15.059978128242772
0,14.055010549996954,14.984777097847905
0,14.734860274514281,15.265813532218662
0,13.937136509164182,14.526830200487264
0,14.396994950405327,13.046430936403938
0,14.414725968356763,16.246712418758225
0,13.113866572241928,15.296132881087427
0,12.841145922801982,15.09275643397732
0,15.225172318423146,14.809072918573698
0,13.151342440264452,15.26485173960182
0,13.66140410725732,14.920254670330898
0,14.569109040777839,15.188415065964909
0,14.575971581074187,15.550213625931368
0,14.820563579653552,16.187501840202266
0,14.260903438051239,14.239943559611854
0,14.559954538728627,15.278669633257534
0,12.966702679658752,15.121360688690435
0,14.874735825140265,14.722181450770972
0,13.096368426886816,16.572534196597722
0,14.306003703276671,15.248562866688458
1,6.660455331097603,22.249088910198616
0,15.215785642578078,15.139369351667773
0,12.975116925280844,15.277532860029897
1,12.351756751233825,8.862685664917691
0,15.186646877114462,14.30941730910978
0,13.515538948196664,14.643427584711814
0,14.296594868505283,16.03728120361816
0,14.881286623163245,15.901343122791195
0,15.576779428324542,13.704250499631517
0,15.496906336508204,16.02273663375246
0,13.868718543555563,15.798061517496853
0,14.422305845423766,16.04813358493207
0,13.134441508111998,14.767679137914074
0,14.867782176408436,14.541281448911278
0,15.156929253158927,16.100804541238922
0,13.442393543427984,14.902353585701396
0,13.830523783839368,15.056876027157255
1,5.06379427053992,24.87870887138983
0,14.868170806998618,14.696144124621858
0,12.55243883734405,14.610838341516239
0,14.324108483367132,15.224696048295616
0,14.030296109158565,14.272670790274015
0,14.277655297700354,14.95590560082117
0,14.183370089319288,14.270840937709185
0,13.622102184900847,13.77040812056394
0,13.923727588412532,14.689510577727672
0,13.313357964276834,15.090557034230219
0,14.624348392200373,15.368525804374153
0,14.049212993321534,14.284562167302404
0,15.827285223545765,14.418373727879828
0,14.598892707215377,15.27291217040452
0,13.788919534107634,15.581547784328347
0,14.47025586548373,14.65790850975678
0,13.955346526769766,15.737118719679199
0,14.838577589455497,14.346935069604859
0,14.646881609597884,15.455622734475952
0,13.699162844930411,13.987146015658555
0,14.89257180855866,14.46173990357899
0,14.04523395916078,14.661530456807698
0,14.424198479288384,14.727093174885
0,13.936612698776138,15.463287018906525
0,14.22281834541344,16.241985472504727
0,11.883287659070884,15.904402707556669
0,14.243234205299162,14.54390316837842
0,14.070895162140866,13.771431678910268
0,14.034058790870018,13.87611941866312
0,14.793783099525855,14.045995815639401
0,13.224977516299784,14.137388146470217
0,14.188713706192841,15.954060663409594
0,14.55516754008729,14.302168798689266
0,13.820445648787066,16.03651750551528
1,21.252019268115745,4.164079210298183
0,14.850390889005867,14.579714865371171
0,12.972617657112984,15.814101421903391
0,12.506807785921918,15.164304580638872
0,15.001154106280737,14.114709483931124
0,12.718796955477506,15.844610349581327
0,14.31642704269378,16.933173393701647
0,13.33502460578024,15.783265308360043
0,14.94446529507547,14.661412835008035
0,13.500473328412657,14.523950730044186
0,13.543785333007364,15.095912112962775
0,14.17331090147353,15.425839919143685
0,12.61591745522461,15.34151050678282
0,15.569910076920921,15.10818401193776
0,13.134708312593224,15.136947227103212
0,13.978586450666038,14.484328933680521
0,13.09834944646832,15.588085241009146
0,13.742892530998384,15.08241432889293
0,13.98086684503048,15.022597376028356
0,13.506308595423933,17.279790846264767
0,12.389962693995013,15.962675866629656
0,14.759024478557365,13.801930381119423
0,14.66770728037423,15.45244845509453
0,16.514005389514754,14.597166184375954
0,13.940233712715822,15.299249039822135
0,14.472710047588796,17.101331312375418
0,14.512354681154717,13.6671373077838
0,14.657103066817957,16.084259613338936
0,12.813301141507448,15.418816089106478
0,14.724709879469316,15.668191967869559
0,13.508967846629032,15.513350994889112
0,14.212785335887457,14.895362784773768
0,14.962272237324976,16.136872615952623
0,12.523758009893584,14.419841954974462
0,13.217944766565177,14.173903818109705
0,13.750169837554418,14.004921643245895
0,12.8221483297037,13.68185364053988
0,12.29808579833912,14.26870211132716
0,13.129369525537793,14.659561865239635
0,15.264930918083662,16.59883634046895
0,12.491486511458815,13.890247938619883
0,13.31790724473087,14.668733800181329
0,13.86389255621101,14.951715840328598
0,14.673729825402408,14.572132330585072
0,13.921684800180971,14.937542774254617
0,13.062495209397664,14.864710279954062
0,15.099540644440415,13.96719168999583
0,14.441671293031806,13.814295029106038
0,14.571242336264186,15.744759870763215
0,14.909791357596033,13.849914007079699
0,13.40154661890612,14.613318008717652
0,13.3566056283373,15.899683104037337
0,14.282248434497829,15.595809104187206
0,13.38264138534362,14.292967383516533
0,14.126162044222047,14.61214869070794
0,14.869817516288188,16.59980523698739
0,13.146203029700278,13.646456957663657
0,13.893875337439937,15.414539832257613
0,15.081221890063022,15.694400597454434
0,13.35421631816634,12.902138543404243
0,14.192196430341784,15.145237873217228
0,15.44204826168165,12.944719551258903
0,13.560496913990246,15.318400205800305
0,13.497146652842712,13.910612079992028
0,12.760648468058953,15.64751176614729
0,15.170042547352121,14.683937028349384
0,13.873372973712497,15.079587852131274
0,12.179242271400787,14.405588673120283
0,14.322720723350562,14.633949867954781
0,13.874628095056833,15.57414397670073
0,14.901055061238718,14.653994051978296
0,13.704742625422933,14.978057219948825
0,15.509271235221043,14.565293607343708
0,12.455297908001977,13.802862215625096
0,13.937898390801957,14.49658410042614
0,15.591185890005107,14.240250006416005
0,12.878936819328686,14.542325475616636
0,13.745460465491686,14.09981920928734
0,13.176892594266723,13.844826681666207
0,15.550273247269823,14.863969058001809
0,14.531038733570309,14.866837561849048
0,13.994847058122842,14.0887294111213
0,14.367426754895773,14.176816219507682
0,12.7584380950285,15.871152189201151
0,13.265424047533669,17.42735906251772
0,15.479593352673497,13.891533865083513
0,12.962580800030219,14.857033774116392
0,13.464413435939495,14.347277955641404
0,14.580457226967804,13.062412911885186
0,13.4033435766994,16.190049201698617
0,14.042244280661329,15.291933595278392
0,14.114750374679485,14.337798982566273
0,14.525113707349174,15.094326550241988
0,14.215988988661586,14.71739881961324
0,13.406926424825253,17.347965199429815
0,13.384785959367207,15.687142520065548
0,13.962675790869211,15.751328125635183
0,14.676189848122242,14.718506113827063
0,14.211646754094904,16.143915893431398
0,13.732698401513048,16.025073250255456
0,13.181396801522435,14.926852199446664
0,15.422332082181944,15.577642116335577
0,15.01157440155752,15.106268919163254
1,5.347964308873254,22.22893824356301
0,14.327004857926042,16.531942512518764
1,20.636620977707828,9.17791863863004
0,14.939308462844949,15.005602655579594
0,14.771252127124011,16.061566411038832
0,14.770602050008488,14.32957333084412
0,14.476536031986116,15.839845829888551
0,14.420418043571487,15.530028049005244
0,14.191391033161045,15.273662863698497
0,13.994660719424196,14.952310787667413
0,14.563730456990728,14.418387649089816
0,15.45170574862877,15.366474943783281
0,13.727666748421065,14.58303867057019
0,13.190280393652285,15.954575792282494
0,13.34651003414619,15.69240728694477
0,14.58753042138359,15.74693007723966
0,14.110475783486196,14.72563328064161
0,14.302569116057825,15.919674778731284
0,14.720885974627599,16.377931452597103
0,15.498803787108237,14.299452010651434
0,14.067932090405938,13.817666396677629
0,12.683976551758315,13.142898459486142
0,13.387435162809421,14.38398109901456
0,15.748251332146266,14.938473536944409
0,14.336404109095197,13.824946795722921
0,12.752459957756667,15.374140818749352
1,5.240398565094347,24.285093355775402
0,13.67501499240865,15.542925770381665
0,14.5579330391432,15.509268740607567
0,14.528096003454252,15.359792241474747
0,15.739268880815645,15.883493601453422
1,5.6112348815499775,24.62194337147741
0,12.736209366367035,15.425320902504843
0,13.908706919717702,13.593606940195372
0,14.278143115396935,13.590110268101688
0,13.909205128774989,15.801114395594377
0,14.44237167889549,15.174829929749079
0,14.255312094737835,15.800130718655852
0,13.029105448658418,14.61764656814197
0,14.06361864635781,15.321351663960634
0,14.056308538848004,15.971475898512534
0,13.985168732769749,14.48635017140204
0,14.593508131934279,14.101767154269057
0,14.374868283272807,14.508268789006477
0,15.3763747596393,16.199795176934074
1,14.773293239582108,8.461273944462205
1,3.8366838229905182,24.688632754511254
0,12.470166541050782,14.590123733462253
0,13.863267083467681,16.077908526521387
0,15.141785549973173,14.942298970397982
0,13.605439916493767,15.253092488843762
0,13.998678024078158,14.870903533236971
0,12.226523110479999,16.112737465809207
0,14.897459730854619,16.64921440374391
0,14.183770424062903,15.82665941161452
0,13.727416436817306,15.010438410023628
1,13.019351812532621,10.586041240659407
0,13.291807115098475,17.451094781880865
0,14.521588867820215,15.061680504811749
0,14.047915022805757,14.528567283937749
0,13.602856979421519,14.778469076694687
0,13.058190017128293,15.518708267704529
0,13.096624634562895,15.097858343134135
0,13.378510596054616,13.86708462454947
0,14.636507959642971,14.49078046699421
0,14.623269419079561,13.498636973037836
0,14.297104974896294,13.894283297633566
0,14.398120119263739,14.677199349616675
0,14.484973119273027,14.320735416613381
0,13.92344196373002,15.257734767537354
0,14.303388191786931,15.839687380536168
0,13.866709674738436,15.564366559429951
0,14.630933199784906,15.208967304984933
0,14.48563082947765,13.180748676197023
0,15.117289192521739,14.358937691143261
0,14.013564323757185,13.144780245139541
0,14.506657140797289,15.509111076235937
0,13.97792969059844,14.478592026657797
0,14.114060501927451,14.574430112220298
0,14.940214173483755,13.248692738515148
0,15.039658887877621,14.15320753317032
0,14.649054289291632,15.66506353819309
0,13.282013739314259,14.34542999963988
0,14.092393841514165,15.975976487255807
0,12.439335896909247,14.577149975272311
0,14.082670576249797,14.766774957015668
0,13.419452130428935,14.314822921962355
0,13.362798683806663,14.878360477916926
0,15.321206381163737,15.8279070280425
0,13.464254275035689,14.531497170295326
1,6.8837593155666985,25.36871914885164
0,13.826731941846045,12.894597298386403
0,13.79904166352125,15.53757292612961
1,21.54796327822096,15.0
0,13.231816580283594,15.266184276840429
0,13.428024772138729,15.477103253946964
0,12.592856913893893,15.580148383478388
1,14.603139417715557,8.26946810475491
0,14.337937969715197,13.831087015881725
0,13.879959547647884,13.011932902261016
0,13.903211761457165,13.82827939276131
0,13.509366231519353,14.068251306002283
0,15.119440314116257,15.084677452342378
0,15.275316009615223,14.979522221413683
0,14.448581887947752,15.68491307606672
0,14.93145037493697,14.53176842200637
0,14.098996117361054,15.074852901194516
0,14.554722499483074,15.444317937733471
0,13.801820222402661,15.612227149457924
0,14.853572097329524,15.438645383501015
0,12.623111741648076,14.590352402930952
0,12.878497270521034,14.329942771173842
0,13.301251223896585,14.323043602804825
0,14.394347065251708,16.575841008157386
0,14.938378808144828,14.67642009025728
0,13.605099336737302,15.962404716269198
0,13.88966665620537,15.397267004321156
0,10.885068566469156,14.60921520437747
0,13.708483598144312,13.777494427761104
0,14.041028123600919,13.755479522820307
0,13.88898985600965,15.311686085261657
0,15.096319365822202,14.384044837277896
0,12.82678748397357,14.017356273850654
0,13.376213042410734,16.789663363966838
0,14.439166149679078,14.248594650765959
0,14.65028914410711,15.346408450693744
0,13.47711889418932,14.477713794716083
0,12.828919082427998,16.542534183292876
0,13.857676515818005,16.13169872406768
0,15.511418194805229,12.715002888998196
0,14.203335886452729,14.63160151734631
0,14.010276214952302,14.911783937266575
0,13.031079707727345,14.643130157704134
0,14.957592609650936,15.338753348416931
0,14.681837095986245,15.518274371124788
0,14.38467549967929,14.247794678985757
0,13.8365486067151,16.18015955947702
0,12.585160429769232,15.123041394270569
0,14.026967882181282,14.499601119393722
0,13.417308000826814,12.824259627223086
0,15.17555650114202,16.120545187758882
0,12.607438864731424,15.657071831564494
0,14.317719682387002,14.806012062401694
0,14.731781109432943,14.837874272840951
0,13.697634217673837,13.523790604206948
0,14.572710140418486,15.281879799007944
0,13.121922058432034,16.230144305267014
1,5.777611295564715,22.871074272351308
0,14.122506527247221,15.3412344586566
0,14.811820660110548,13.097857120824282
0,13.779218784750883,14.779563027672419
0,13.93624432049239,14.420905902363604
0,13.639088336756469,14.408898365291606
0,14.35874744205992,15.102536498729314
0,15.3808357752657,14.47704140461573
0,15.778930381727339,16.039238995197202
0,12.76224601320482,14.80364798056481
0,12.933844578478238,15.274248746031368
0,13.55681156123149,14.99470161612904
0,15.64151815736246,16.40588230458543
0,12.49284561526865,14.325943084201477
0,14.054825474318779,15.467682400333555
0,12.558922706739766,13.848063993865207
0,14.072702716473122,16.368824431861675
0,15.32391253872715,13.235470186878175
0,14.29178415956423,13.724811482224295
0,15.098290934462096,13.387519730494354
0,13.727802359365795,15.089787221061362
0,13.57000304993106,14.363553096904846
0,13.523435115031669,14.837747487179467
0,14.572648901443596,14.11246630504663
0,15.157268057789198,14.37161987705862
0,15.011134216597645,13.577974596478066
0,14.374481074944885,15.240653046982297
0,13.245427501261936,14.228758144515165
0,13.224678976180144,15.7914116282042
0,14.439674542474837,14.06421020426663
0,16.22053604459998,15.777546175622843
0,13.764228874767076,14.480328439647764
0,16.307895718664078,14.505690160967294
0,13.591210466362933,13.805263646436368
0,14.679520794805232,15.691467486407582
0,14.71631881545666,15.286572921871857
0,13.44593616398283,14.066371199879143
0,13.478136511912801,15.789054169789262
0,12.975364402453092,13.492486113512545
0,13.369769224712078,14.574017030872827
0,14.157847013344476,14.839833540091709
0,13.458468172163975,15.085879232802322
0,12.075631492061627,15.276549753051329
0,14.787526931293005,14.872953723336416
0,13.18869091244489,14.504223380980328
0,14.036173344096762,13.909263646620476
0,14.19133706982626,16.036033518766352
0,12.849020911895481,15.73001317357525
0,14.423008991663723,13.73853875304296
0,14.242658375578895,13.86283821630172
0,13.066968261267471,15.152954431461616
0,13.686729813914907,14.250360318793211
0,13.800032903322053,14.704577282939157
0,13.646808455731898,16.225023290358674
0,13.464319418400493,15.012088556343313
0,14.044380843721058,14.545829671482776
0,13.305157694757613,13.860196876526208
0,14.694808966762086,15.425036756509726
0,13.409920495787135,15.234485403388486
0,12.963650575718832,13.526733950518365
0,14.094350256486024,13.505863574624506
0,16.023442065482897,14.73793676818148
0,15.164710902083808,15.408049193832412
0,13.000274506139915,15.444156778156113
0,14.99054981077123,13.656152073826712
0,14.201072316761593,14.753516725721044
0,13.959806972462863,14.944372878269675
0,14.007204946265965,15.51318614270494
0,14.454988959116603,13.964987265003536
0,14.970443864078938,16.397633682663415
0,14.647752231880153,14.944357447181499
0,14.672813141365493,14.486784077190666
0,13.702960029346228,14.00975165155876
0,12.914666286451528,15.290471115980635
0,12.107018924837714,15.668304839021754
0,14.398459686515736,15.459654551178515
0,14.114077211957587,15.052232494031687
0,14.242750423544697,15.066877042436085
0,14.685060958786476,15.736714769097894
0,14.540114000645065,15.317079997518213
0,13.926719516811254,14.677463663825701
0,13.244066968719265,15.95328451324809
0,14.190476935054644,15.492637637001998
0,13.751656854397897,14.235180393300192
0,14.472789965688676,15.078973361641765
0,11.594294615591899,15.123181292962954
0,14.927480460928733,14.369224525227906
0,13.032925409346026,15.730489428307834
0,13.276935457695464,15.755586275111938
0,14.55081004696674,14.500334956001508
0,13.66239548517591,14.830612565613428
0,13.267239063861362,15.925397458685174
0,15.177031034650891,15.375685046931645
0,13.885423500180606,15.250603024391527
0,15.146156326341966,14.84125156533928
0,14.323108060969197,15.051874190796195
0,14.22853060396177,14.750907565553398
0,12.96166714277778,13.94688599072795
0,15.287366619416337,15.358840109812022
0,14.00451580981851,14.564159632111462
0,14.071577759375293,13.687494144159913
0,14.898022958080166,15.15426835079032
0,14.392909370338957,15.269321204900326
0,13.588932622534715,15.217066387522868
0,14.989898949389925,14.39883586268493
1,7.010551731242094,23.1232801892072
0,15.019465115780836,14.725966247548492
0,14.405241616300037,15.140321076677745
0,14.45201682005393,15.19629703363622
0,12.858064799132723,16.721872157866684
0,13.305895151195207,14.889436147054655
0,13.646219207885089,15.69315727393569
0,15.10471810607713,14.826844426749371
0,14.036007263516188,15.132738905090019
0,13.702507895732799,16.19872111885254
0,13.245346295705072,15.547585590313908
0,13.233114773174341,15.91955564911969
0,13.704457365439714,14.565971860385474
0,15.262745707423832,14.135751728138787
0,15.872680353542341,14.058788479073177
1,12.23552896688406,8.14860542086948
0,14.238541538226746,13.92864408697975
0,14.090947294421188,15.921583656949302
0,15.087473953777222,15.087946308836255
0,14.58889212609162,14.055555923294971
0,13.974893935565175,14.959821906326646
0,13.84819346042933,14.767161099227975
0,13.910308969223465,14.62915098859486
0,15.725987860548246,14.40593937800206
0,14.159767253914938,14.298205398418412
0,13.858253541638932,16.113336976316038
0,13.881358631965021,14.32098567151438
0,14.296528887767375,14.164942999783026
0,13.771509189985021,15.509602178766407
0,15.654798269725106,14.673787496382793
0,13.329432871879847,14.902541839723725
0,12.754471217399384,14.87808801261561
0,12.893234430041561,14.92385723145392
0,15.840673798600523,16.419229590920384
0,14.468202898494997,16.138198565009333
0,16.025750881219476,14.151405860367381
0,12.786584491329405,15.334590267114816
0,14.491388886692858,14.454284673517236
0,13.042405808461057,13.04932070662322
0,12.776406036914496,14.991294791836129
0,14.37836996740484,14.57631543415967
1,14.143685448856816,7.542304590796733
0,14.214285341822954,14.342583169664165
0,13.046734577175576,14.856173462731794
0,13.602064870434372,14.330846539709125
0,14.020118560431785,14.386199964362937
0,12.564320572178671,16.700198714322156
0,14.279552290639066,15.474491192181304
0,14.50083259457828,17.09370446129766
0,14.620417329597398,14.917473112866737
0,13.764196575372207,14.346171376900262
0,13.902548195892946,15.071053712334836
0,13.163315125614503,15.549938237510247
0,14.552835745917873,15.089405057952366
0,13.631656105186378,14.935520270191919
0,14.300939803346017,14.941565474313734
0,14.21301138447581,15.139154002267913
0,16.315189742743737,15.056456903146888
0,13.894192998663595,16.40581656946993
0,13.637418647537045,15.659184835903423
0,12.6948750064035,14.802321227684727
0,13.816331012163234,13.79956904441673
0,12.818239913339367,15.319869106537102
0,13.816695792622703,16.395314877955965
0,13.86809540438359,13.941246927287114
0,14.725859446104277,15.073164077987807
0,13.604107423058716,14.365656587157716
0,14.017680898210193,14.366150788891167
0,14.114756235482387,14.512688380253026
0,14.882378909351607,14.39374024873315
0,12.817459094709145,14.872828126917714
0,14.000510365617876,13.317150292038557
0,12.58648762280252,15.337596380119509
0,14.855620805104797,14.302787355355855
0,14.973982795718687,15.610400503222582
0,13.15509002676357,13.525680739301874
0,13.322228722233707,16.423239424782867
0,14.473065724512622,14.07436656716568
0,15.692791700246746,15.67849620740436
0,14.951285746320536,15.590595635577873
0,12.156067895345434,16.09985909640337
0,14.411682865670599,15.864187769416871
1,20.743074309262784,10.21573257389964
0,15.448108064527204,15.81073531456651
0,13.083289362791215,13.672483745082392
0,15.12151644779407,15.299096040766171
0,15.626945116943698,14.000559444850955
0,14.859636353494253,15.38390244353493
0,11.810857313840739,15.011984164651404
0,13.693283422921834,15.129741454356337
0,14.561973097102053,15.498073949778934
0,12.199065394713902,14.482484897910428
0,13.47676232253624,15.868536034690683
0,14.788716019471073,15.565635291318308
0,14.546770391143765,15.904535497154669
0,12.407355097635493,14.158840727449865
0,15.418196373044704,14.681251901404492
0,15.063640297984044,15.179483861753306
0,12.325906242431904,16.150780737651786
0,13.062676146208718,15.132191219016056
0,13.852112282375865,14.031754647687443
0,14.811685741878554,14.899105545100987
0,11.529696483824122,16.360522586766788
0,13.910168837959441,14.828579968112143
0,13.971836708866489,16.17367639592361
1,13.627419285985308,12.415529993665388
0,13.907790338039966,14.688189167720155
0,13.723384337754968,15.937217440144414
0,14.06886888949776,15.224405473131743
0,14.400189241212285,14.02305278496622
0,14.950270306604509,15.958325004949462
0,13.016666107049952,16.054194108318647
0,14.868906831093467,15.085195564749231
0,13.471302447399164,14.271235803856278
0,13.03643535218907,15.025400494060703
0,14.037667773963655,14.20287617469771
0,14.295710681428256,14.911685904649442
0,13.631456788023243,13.53108114586567
0,13.089313380878295,15.42915637881926
0,12.577739971390894,14.445192228860206
0,12.965281988493283,15.680333341044406
0,15.148190184483187,15.51193473474964
0,14.144849634949477,16.317935712041525
0,15.20566330752562,15.71290869038817
0,14.48570726251425,15.626432744699516
0,12.637633096299501,14.292801680287461
0,13.78735241328617,15.717021851591024
0,14.281804536586288,15.397712056748807
0,14.715465166065139,13.581019018866783
1,6.194960969961544,26.71156248845736
0,11.808584510246028,15.197146157855814
0,14.440500483618866,14.319633478710003
0,14.200813894268423,13.691248321324856
0,14.439709401806423,16.315059816057556
0,16.131273521616173,14.090306658959806
0,13.835413621679294,14.972702106736968
0,15.449512280686676,16.73811207063114
0,15.27341229279095,15.36378399343234
0,15.896114651100321,15.07378853005731
0,13.568887700333295,15.702190263633247
0,14.64140075492659,16.625686651265703
0,13.615509536515072,14.648003719159105
0,12.834250605780513,15.936871448171825
0,13.511924235982766,14.573150255522869
0,14.695417463030259,15.832972254777031
0,12.614910065419522,14.790093768570724
0,14.115967033104674,15.944466011306252
0,13.94986950009254,15.636697930751648
0,13.63211410961149,13.625444457433067
0,13.987959268335702,15.74353677292453
0,12.916085565603462,13.915668808169368
0,14.48575441399224,15.188795526882929
1,14.067788574532337,8.475911961852338
0,14.674512007720269,16.410772117903445
0,14.01094399173176,14.38421386070699
0,12.665308030423418,16.0412616989734
0,13.788041905367495,14.80686011895583
0,12.605211839563513,15.907057432510344
0,12.79133521131162,13.850047141164072
0,12.75196416114199,13.84298983583567
0,13.62524614536164,14.413300826992073
0,14.970047923718566,15.378772294707346
0,14.883619653702958,15.263025496692924
0,14.0822553939863,14.683854280085946
0,15.97247026579215,16.237149209769793
0,15.481923883395046,15.703679171882289
0,13.665370877731997,13.277230289577549
0,14.390229280815687,15.541344239999946
0,13.273350949205081,14.16931329086214
0,15.19580343820861,15.51654934987701
0,14.435183521329492,15.728480702961496
0,14.579824068329701,14.965544651182691
0,13.806490487339195,16.018253064733464
0,14.907362403094172,16.092197308657436
0,14.615657464093129,15.546599674235544
0,14.991707199776567,15.340335848742782
0,14.16801935205769,15.527609136326081
0,16.114764045851004,14.299274564630135
0,14.630346996950392,15.792905654067065
0,13.974304964773733,15.718162273132222
0,15.647064410511256,15.79249161038903
0,13.279221956299564,14.890645477683828
0,14.530686864608313,14.779997049658895
0,14.893840121188177,15.194973101106987
0,13.150360682012922,16.215797048863955
0,12.807443081993052,14.657186630144553
0,13.283500021844734,15.342143610306632
0,14.540814608068013,16.58293506788527
0,14.405524174247695,15.848404000836803
0,13.05608144210794,15.471409411395557
0,14.80295509893162,14.010172004464193
0,12.35961531212723,14.71548117791666
0,15.570042428079569,16.33838514866113
0,14.008164896439851,14.597042037957504
0,13.22185564540961,15.153076069197349
0,14.698088354410006,16.410086262972104
0,14.529183495738534,15.177266493508098
0,13.474458887455581,15.497887239604532
0,14.804908511058462,14.871048284012243
0,14.077518854272792,15.324592733697568
0,13.27359868556484,15.844045046516161
0,14.444447953953357,15.165896599750118
0,14.422309567971254,14.172062480322667
0,13.60774256694189,15.930728895511368
0,14.660023619936972,15.06726776201158
0,13.132596416777927,14.892028327920315
0,12.050967323277627,14.359887099349951
0,13.763412021690101,15.043959032781787
0,13.453125523843687,14.953087474143187
0,13.553629156055644,14.811776342018742
0,14.008528380914818,14.73565985441173
0,16.78794730866087,14.62390357904933
0,13.840910724125164,13.987929239473388
0,14.79808571137542,15.359279092198303
0,14.884345812744698,15.223768359375258
0,15.605681252352126,16.16021220963617
0,13.3472581194872,15.8903651714321
0,12.886557818692033,15.295579835365741
0,14.148779254494293,13.717129106745546
0,14.258284516662302,14.943034610549859
0,15.062482975947713,15.619015023490439
0,14.684952305573665,14.268397815176067
0,14.367610425383823,16.146535777933067
0,13.780641797615408,14.764126841796514
0,13.561975090078908,15.144556779839194
0,13.992534127402337,14.443259766077029
0,13.883498650717709,15.159378897543176
0,13.873272224131965,15.200683150825444
0,14.872457847654738,15.41362403027878
0,14.041441321360958,15.665703535498137
0,12.890296822194934,15.402495373526028
0,13.441526088008327,15.860587560829439
0,14.479173593014147,14.781750644554078
0,13.572934255363348,14.363390088225731
0,15.440018109465809,14.686148872910017
0,15.73613909541137,14.451265419827697
0,14.206932710701828,15.48370920992447
0,14.54652083386792,15.415371381265453
0,14.332624901782978,13.307325217857533
0,14.154161053459488,14.94037610751453
0,16.123266862985517,15.675467383419026
0,13.805414855889623,15.322922636734623
0,14.428123604001138,14.869897581110388
0,15.191473633280246,15.620708145006427
0,13.774996320974815,14.681504976141252
0,13.631288146207863,15.154376707316658
0,14.746729914010983,14.443145022821081
0,13.617953506212938,14.579963859937461
1,20.932103636688783,12.050966274295835
0,13.907509347632569,14.58347925696249
0,13.744816128659116,14.042907707827318
0,15.898793173947087,13.820423633630995
0,14.901375831163762,14.270560408628318
0,15.391795308482394,15.143115067482066
0,14.682797744329845,14.738247477736127
0,13.666217253309366,15.285665402089403
0,15.270246894875534,14.820462518658644
0,15.78181721325532,14.363397848388498
0,15.412319386783023,16.358302185200262
0,15.19480396948847,14.444100648233649
0,14.255589854392158,14.044599995422411
0,12.87299135745579,15.822208973147665
0,13.794078020948824,15.184912569082405
0,14.63339537339544,14.598678381338217
0,15.811473430693002,15.766384896424421
0,13.71410363189385,15.129578665845848
0,14.653062508416564,15.5019177535727
0,12.210606894297555,14.237150504889426
0,14.87122316995412,13.274853627688326
0,13.187000566813799,13.979206678632416
0,13.69522965791721,14.442895222171936
0,12.805880841975327,15.364192127108835
0,12.38378605366205,15.749275869179316
0,14.207925587072335,15.722962904187854
0,14.981217457222755,14.52402356652761
0,15.688973639946232,15.059138602111746
0,14.139967915290503,14.79522865611171
0,12.284788563186176,14.37366069350716
0,14.280786129992382,16.586919166262767
0,13.767562008953552,14.326226488729306
0,14.898325103633953,15.16651521115175
0,13.40793892166407,15.39191794372426
0,14.163610440590093,14.896175320855976
0,14.297846849508453,15.825517916975077
0,14.91214804163715,15.363668876873524
0,13.939173858595462,15.169592702408014
0,15.156289976061558,13.484934155950727
1,13.555758122508466,10.498351182934808
0,14.264819426548279,16.198034050362246
0,14.031909091812377,15.47418908550843
0,14.82904965648345,15.197964241679179
0,13.374522343231662,15.436155123499116
0,14.068727043214254,16.311196939230538
0,13.819651313895967,14.17719981286355
0,13.430277794868257,16.571203274200506
0,14.53664294151919,15.450641398397446
0,13.77009128062372,15.722032923510902
0,14.00468965020807,16.511098926476652
0,13.690052214990036,15.465187828014761
0,13.07070795299103,14.41283959865853
0,13.764709451481675,13.597479493790951
0,14.169789913099075,16.71651468989711
0,14.377353534866005,13.490109370395876
0,13.30002685673985,15.212236577683523
0,14.856725242095006,15.253880713123058
0,14.842503777642051,13.44811455271285
0,15.104865627664363,13.479112491627617
0,14.00103375894573,15.059552076907162
0,14.559093025028373,14.367137602868285
0,14.962858991119973,15.814251559884084
0,14.098865934239207,13.637362568286147
0,12.552667966694045,14.808547124183233
0,15.922579282334075,14.908180841436705
0,14.912728146437956,15.369205359629039
0,13.701963363980454,15.267600137807523
0,13.117662030191456,15.685636114939802
0,13.919985294029516,15.41527361119927
0,15.322651095089267,13.53708900338954
0,13.560289036970312,14.603395905159886
0,14.71186769248033,14.0745735724163
0,15.258909400699325,15.77180191554324
1,5.773169377984818,23.611040859485435
0,12.932360445329953,16.325295662176075
0,13.346233511838598,16.140217918155468
0,14.309951548557212,14.317082136013772
0,14.237458666812458,14.932210746438011
0,13.03488239431352,14.65254127980791
0,12.567305025254095,15.364197891380494
0,14.761666968445729,14.289741674099677
0,14.151355879052758,15.511433795740228
0,13.042935888814355,15.736462288694765
0,14.174210072817397,16.432888896282975
0,15.348500340582673,13.407671713710508
0,13.95843485094317,15.117269376177225
0,14.97194756705673,15.750558218617622
0,14.878290451005048,14.82911943462325
0,16.621086185151473,14.716255508763922
0,13.693416016687,15.845547004376028
0,15.717084720522541,15.51090578635497
0,13.023681933808254,15.229218583777367
0,12.441494490358304,15.469400740811455
0,15.223694543784498,16.70303433553677
0,13.412848363418577,14.569581252704095
0,14.996223875921963,13.878359849086438
0,11.989668387760783,15.414359217670004
0,13.63508253663204,13.9063707479295
0,14.575844238609148,15.49375974637819
0,14.856194109530193,14.831528334229546
0,16.07880075125348,15.246338704776493
0,13.453491927984508,13.82828099051329
0,14.607546758465446,14.259075909949349
0,14.708991974967752,14.93067753979218
0,16.640226239944163,14.294058510934624
0,12.8039041573645,15.339194106366826
0,12.814133482395922,15.079174212686514
0,13.72942759923227,13.934914611382304
0,13.87414840485539,13.895240996152014
0,12.409929373689716,14.55238425313326
0,13.37996903830223,15.328943809399718
0,13.980399264606262,13.257848575011092
0,13.759762471142825,15.836870081815691
0,13.24920899015695,14.98870505810539
0,12.751218028501425,15.298948745156608
0,13.784058476463462,14.146827977589272
0,13.070211529567048,14.9251503402622
0,15.950422341233347,15.28425553789539
0,13.921959863089414,16.218193750742945
0,14.328067853284018,14.796509339131672
0,13.526960205720249,14.162974330595759
0,14.96166469955172,16.48128010511235
0,13.73744241012342,14.56526328397463
0,14.558819533380573,14.36137762542714
0,14.666620924114639,13.824766718887066
0,16.074076049132252,14.918013149599556
0,13.532640655959865,13.676416031548644
1,19.59324857956471,11.615191767284891
0,15.14503027654051,15.396563319326496
0,13.39391008293576,16.147142664145957
0,14.3421822632081,14.784313831837398
0,14.148688465843637,16.816015081646086
0,14.682994569931422,15.099391061857641
0,14.153166885474494,13.45688081386085
0,13.993096076297467,14.926690074718081
0,14.017295748853222,15.0217937141017
0,14.705423093525454,11.883758894411418
0,13.924045410377007,15.683569788392855
0,14.727171957768299,14.32750358676776
0,13.889872057223974,16.806033816368384
0,15.004697220787117,15.176090980805997
0,15.024225082575128,15.266691458996231
0,14.183837251310198,14.04130635815391
0,14.072421437471862,13.598171694741625
0,13.198171512337456,14.509070991028462
0,15.323186143984781,15.473484015157823
0,13.471898457003348,14.372358935788075
0,13.849137418788086,15.407033622182754
0,13.83363291751082,15.344093356990621
0,14.696952286673838,15.60681051935812
0,13.967842088593182,13.333723553144006
0,13.661249583696657,15.113730342011102
0,14.785592581233413,15.775530662310299
1,6.010070212702977,25.145391378584687
0,13.959567873107863,12.879948345398287
0,13.516972464009514,13.12811265583542
0,12.707392517948865,15.463437568011667
0,13.093596458527346,14.788264556600822
0,14.28733459697618,15.04982459166962
0,14.79282734976143,13.646318940041873
0,13.254440033663704,15.720310810098482
0,15.31242355753793,14.08967974121339
0,13.158836039492575,15.602374770519415
0,13.744337443809394,15.634796418759938
0,12.641289108288682,14.597371358976417
0,13.660821784710398,15.185711289690515
0,14.745437783666556,16.586939624899962
0,15.171548848847339,15.07674833876363
0,15.66721298203559,15.863945712321303
0,15.039176990357618,16.111467912565022
0,13.003853089406453,15.134504707998845
0,15.009698252721314,16.385213614015928
0,14.591827783319914,17.414439905094
0,13.047956097062873,14.149691993507979
0,15.63892557850528,15.40085452658575
1,14.619435103527072,6.75827574214707
0,13.562270755383826,15.85279990488127
0,14.60315078381321,15.621931326513357
0,14.439640330155079,13.352983453626221
0,12.782663479221986,16.398179151513595
0,13.498189945189015,15.727304239775307
0,13.494900636023464,15.780869801400732
0,13.592707707544148,13.854654546443296
0,12.540439463585958,14.268779734194991
0,11.78583030967302,13.656949578460893
0,13.885523142942299,16.361855303276165
0,12.513924951366544,14.07159351745737
0,14.911240813007684,14.75264367065029
0,13.69926452616107,14.284974717984902
0,14.371503101484313,16.505698271539785
0,13.55147230357842,14.227478757036517
0,13.603145742765346,17.034648334645865
0,12.394892128244207,16.288274191925247
0,14.615537968975133,13.478560656498297
0,14.579431637127202,14.406837828516421
0,13.012200945839487,15.13622364025775
0,15.227823028151905,16.89797448485775
0,13.984678158429912,15.499098728726253
0,14.069316708171543,15.158582591365358
0,13.460661850381848,15.850698958656064
0,13.373878180774877,14.344982363140623
0,14.537917741609757,15.080840781263257
0,13.311359726652197,15.315603049982961
0,14.574755197467503,15.35846126376589
0,13.764529232727831,15.194536533280314
0,14.765185160160822,15.473557286664901
0,14.446716476730316,16.152836761586336
0,13.610650691797565,15.236098939316598
0,14.64462542818121,15.126292984687012
0,14.074927900083887,14.321179337355451
0,14.452503336529755,13.932045147441318
0,13.729036428507017,16.441509685148063
0,13.33196618181864,16.607449304030624
0,13.338215555325197,14.191931045519498
0,14.822329050790188,15.582434349495973
0,14.439744334534966,15.172527652151349
0,15.297670445680517,15.96006458669898
0,13.940622724966364,14.105193606811048
0,13.673550188851703,14.809082930224347
0,11.692710034826728,13.765314958229592
0,13.146490736300175,15.346730002414121
0,13.60609536500907,15.127684869482605
0,13.725801658813701,14.476607995031339
0,13.390229220643574,15.11511826419602
0,13.940850963689194,15.22196935037519
0,12.891867150951558,14.768742960687089
0,14.507758032129859,14.909115932636935
0,14.91082849884079,15.766057542529134
0,14.82105195451118,14.983502777648486
0,14.388681234228354,15.810425150181564
0,13.889899319195461,14.549602216890886
0,13.425355612591826,16.15258875257711
0,12.896884554665837,14.992823458217858
0,14.093098142683562,15.567839303574061
0,14.199195805713705,15.799305852352063
0,14.23943608894569,16.067562473227543
0,13.95039181389009,15.284726204051124
0,13.504773053445106,16.389031984044394
0,14.247799044538176,14.819196249810753
0,13.776505172455026,15.783570575390243
0,13.80709737857807,17.04138114812917
0,12.135930000250081,14.508013366962013
0,13.149938948821355,15.989673162266843
0,13.995644952676633,14.335384412418094
0,14.618419936237897,16.068186219424415
0,12.712517795402968,15.138323234807368
0,14.643754329154705,14.119442927723394
0,13.935627775413202,15.092435023661142
0,14.780908604499407,16.065892772173143
0,13.96669106080612,16.51549572161899
0,13.297474085943982,16.33857172840218
0,15.847214839509125,15.198656689737504
0,16.36333353063521,15.246081007509044
0,14.048690039475842,15.703938813553462
0,10.836171331923136,16.605628165281647
0,15.293039285853622,17.031179999974036
1,11.678607710973987,12.2948174935002
0,13.455384666859445,14.823310286438968
0,14.822246203288826,15.192684100168792
0,13.567106372786458,15.733025787205486
0,13.660170079572962,14.521010198572762
0,15.182758925114918,14.41946932047782
0,15.337850805698595,16.492570164211134
0,13.33590236465414,16.57471449205419
0,13.00938216282075,14.576271891919415
0,13.342294565069773,15.624626263131855
0,14.955331761405859,14.926463945297883
0,13.813038692391125,15.724140412446884
0,13.363830419569638,16.511919527675794
0,14.543782712201924,14.244741124226772
0,14.134739721504378,15.195910039121243
0,14.13080431487321,14.028231482287756
0,13.714512580285625,15.294834520870804
1,17.5,8.253811888512638
0,14.776953687032385,15.508098291997214
0,13.615395547323615,14.972292045728592
0,15.315543520365772,16.417780387881216
0,14.445434599587026,16.159190756289227
0,13.547418042935167,16.624995355759655
1,15.164927336988956,10.583185533484723
0,12.16014307148652,16.246017271856584
0,12.816829122296964,12.910443469393051
0,15.056553931381162,14.721704064986854
0,12.299021642246151,13.15769101773838
0,14.27485116262008,15.18413556578627
0,14.395495655347517,15.770799712930087
0,12.683582156733777,13.310802234249605
0,13.851419757547736,13.615578755348752
0,15.739134500585012,14.003087213269009
0,12.957027621726706,14.629116385741344
0,14.73411003607455,14.60004373096075
0,14.271791678585574,14.647423066603682
0,13.914326339997578,14.40136449597756
0,12.68276010223618,15.916660137705616
0,14.51988971801487,15.30041071492214
0,12.89715832550735,15.548640141509177
0,13.180463109805885,16.005283732046045
0,14.614942229949689,14.64188484231536
0,13.715883319703245,14.050117790834568
0,15.206756918323721,15.53048220988816
0,13.316931183297138,15.00293737738872
0,14.798800648210802,13.61442334844413
0,12.370894604525406,12.889048389849178
0,14.872563927496417,15.044178503133523
0,13.460621281600162,15.055971857414294
0,12.292036010936911,14.78378346453704
0,14.125466370853724,16.03945684781449
0,14.135976906816522,15.87720650756525
0,14.65889047168881,15.124640192725849
0,15.42560041012089,15.588778572910462
0,13.313947970283353,14.477052209720293
0,14.373995302878335,15.827090672948877
0,14.109323594966916,15.114607982070583
0,14.52052174596525,13.425195958176207
0,12.322180403273935,13.387168236926934
0,14.011117846283751,15.176526021476958
0,12.840920187095278,14.609132589331512
0,14.805431238453503,13.109099604664825
0,13.058191200373722,13.730350744701237
0,12.196261487635784,13.49696603151697
0,13.435617208773076,14.73820943841554
0,14.248529291596936,15.104197828589701
0,12.789007729680183,16.317803458086416
0,13.849089624720122,14.568474162012738
0,13.71303336247091,16.43213113948565
0,14.349907862307564,13.813536592925601
0,12.132182966600384,15.37953878834273
0,15.246609279284554,14.695449740662555
0,15.46641952376193,16.019124899210336
0,14.545623959664029,15.314904078623355
1,7.052016687839077,20.955623459245558
0,13.995971878289394,15.440912441901485
0,14.20184785967727,15.587488842869387
0,13.135386774455787,14.63894166667831
0,12.830258166027518,15.023020457854296
0,14.534865306639038,14.939980067895691
0,15.301894777152546,15.925142020727888
0,13.002606082655639,16.917389310521347
0,13.699420472674605,14.416410559602696
0,12.4324944663179,14.548178928518876
0,14.475594106499226,15.550787371625905
0,14.098219756870773,14.195540669104297
0,15.071284402910912,15.4210522616324
0,14.155843070182481,15.538802425109697
0,14.295999908054739,15.368335773782483
0,13.15730739611524,13.888885816441045
0,14.803154056226465,13.862736919498055
0,13.38005949509524,14.908117547139495
0,12.834127401225507,16.328693414344606
0,12.796553992919886,14.57168436356424
0,13.930448954571723,14.944817395323732
0,14.068820912856815,15.183820676765695
0,14.223135393813312,14.228200326380042
0,15.342374166719923,16.40797429050684
0,15.253775028233395,13.913152726306173
0,13.357793416147556,16.31989752818707
0,13.078900025286158,15.06196868676144
0,13.756457035161612,16.15487381687948
0,12.947821723223978,15.459632352707315
0,13.045406745187481,16.65964898329079
0,14.401496657226389,14.397870285783515
0,14.120010308428839,14.805994079411096
0,15.412859580961456,15.556277198504866
0,14.581654357732887,15.20885591161844
0,14.546416161893232,15.14611365272815
0,14.398254514724227,14.895234213034092
0,14.315361952061208,14.559753461757536
0,15.68799595355214,14.639680633456251
0,12.80295319549856,12.687583672574272
0,15.029245368307553,12.927165183433669
0,12.452987766534942,15.734161863499391
0,12.907253117899762,14.597597530859076
0,13.600509871246679,14.611731048317525
0,14.726939560802695,15.475949121977585
0,13.738689905149318,15.600677014919677
0,14.697834700032931,14.681651736492407
0,12.948283827894024,14.466922159925147
0,13.03645615764529,15.154237558966472
0,14.42783527240505,15.846457525022087
0,15.427263773364821,16.052467535361536
0,14.440208531987134,14.686166125405116
0,13.30697900553609,14.424520163915497
0,13.02204523744084,14.95972791832739
0,12.94308030676243,15.127068685949121
0,13.967434425097219,14.29672057374292
0,14.384077705783032,14.897496889134533
1,13.857270179756176,7.656309018292448
0,14.200550699060146,13.711960330477467
0,13.535655700899698,14.264948367390602
0,14.531745557419434,14.718985244640058
0,13.45229509302007,15.03629612147934
0,14.804493069310164,14.355666414557016
0,13.686592577123257,15.334351044895293
0,14.948107953312588,14.59590075406825
0,13.716628300999037,14.722918616842977
0,13.724532494794904,15.385515945574545
0,13.74741964391409,15.32046510298857
0,15.699853333737364,14.631872138683566
0,14.29089611412056,14.633541919037402
0,13.6044481026327,15.336795909247256
0,14.21604595657378,14.72275985989888
0,14.738925509163051,14.915251839032353
0,15.500444415992373,15.839895723205359
0,14.218985943636904,13.937585497436814
0,13.87958270097837,14.721947330309497
0,12.68585176646364,13.866318228591386
0,13.52132913290154,15.042312096502785
0,12.86911440810574,16.10829782031178
0,13.931381578382851,14.36149450320814
0,13.197703141165137,15.266766849732315
0,15.649504529500595,15.046689135951274
0,14.566093752319919,15.146070223226117
0,13.579622032268484,17.043382157593257
0,14.595160928065836,14.151709893403762
0,14.0340639917703,13.983251220529878
0,13.85510969828076,15.52644976150376
0,13.922749667109297,15.508663551847473
0,14.074816434539786,14.38377921197356
0,14.278600250466253,15.766479079668658
0,13.427387455861233,15.209892764492183
0,13.710729359827452,14.805199223579997
0,12.417085176633051,15.13947381151695
0,14.834460669869623,14.782942417419639
0,15.153804419371317,14.899858648933861
0,13.244409815959063,15.231343461647551
0,14.315498204429765,14.169799997700718
0,13.36572494919395,14.554936127402138
0,13.170312380979148,15.086150962532269
0,14.966630453655348,14.40664248683212
0,14.340821664765933,14.059579259479671
0,15.134156187768,16.90898282298847
0,13.736977216226045,14.83898065819311
0,14.745138902961841,15.354881877821633
0,12.345812775310677,14.578956102787243
0,14.021452886357944,15.106268777306093
0,14.033377529757589,16.405967727811934
0,14.492343467419238,15.484653819676046
0,12.601760962590033,15.101057893306619
0,13.521451963773456,14.541302492561035
1,15.154205579864282,9.425676452612073
0,12.827540493918772,14.977363186532022
0,14.22405953930717,14.869622188080445
0,14.34702855161496,15.533446487593242
0,14.763876015660957,14.899438936070789
0,13.724953869181586,15.75919285478937
0,14.963983353895651,15.081501274575412
0,14.81250692255377,13.9001709540826
0,13.774750243969855,14.986139804625642
0,14.142661539921077,13.179933552419572
0,16.002432725500263,13.684616185061698
0,14.341256853845083,15.037341839235456
0,15.31312262045236,15.325123556874408
0,15.087463480647571,14.796705233488899
0,12.49776970637364,14.422594423192093
0,14.882830954655804,16.13809985970008
0,14.207558813374947,15.462785344625534
0,13.97448109974377,15.233654323827906
0,15.061459585799632,15.294865343472566
0,14.785792757311812,14.224707235243581
0,13.510940017488881,13.835239988531907
0,14.482478638802561,13.280438018637298
0,15.639523654992072,15.623977571902977
0,14.36192697377106,15.709903830592431
0,13.615984037524973,14.528743033355736
0,13.407907111456556,16.202078226013924
0,14.126799356128652,15.62011580030902
0,13.118019106149738,15.881091500847816
0,12.438028430709961,15.344165218499127
0,13.671785656097097,15.443298203379458
0,14.765230363988058,14.54939886200139
0,14.747950982524847,15.455251624268532
0,13.141983331345271,15.159531947557554
0,13.711424908084307,16.09478249118305
0,12.939320996244145,14.78209507496745
0,13.316409815203404,14.829147365244053
0,14.229059525571373,15.141475786328474
0,15.34168307098126,14.910888802300477
0,14.939849316138883,15.20744066261666
0,12.353562471111363,14.32033501453277
0,13.230092270056646,15.146385361079057
0,15.256037916051184,14.721478057720157
0,14.824750294751748,16.68493546018268
0,14.93775911733081,15.866513183780707
0,13.544514878811054,15.567955303666505
0,15.43555445332463,14.99805617582756
0,15.524684008669611,14.797187508476904
0,13.41769452288981,15.521777050347358
0,14.13685433789253,14.218471953431976
0,13.025663524126768,14.941666064834315
0,13.622102502451412,14.710592034797806
0,12.718498047263953,13.857583893244918
0,15.027778069522515,14.77832490576269
0,12.98481095097554,14.736968409664476
0,14.5314947701206,15.494013316828388
0,13.411986196264587,15.526612772928935
0,14.157174523640272,14.56518079547657
0,13.778375602067463,14.842539467330079
0,13.653427215324824,15.455554709463238
0,12.83637714758939,15.16108460538086
0,13.740224320596445,15.402014400881258
0,14.800068111684194,14.515460526180046
0,15.89700005356656,14.869017517244304
0,14.57569141340144,15.061519577407442
0,13.834333867004164,15.890498722294705
0,15.317371603796804,14.562257401795657
1,21.17470893770278,13.945381572343502
0,14.437953882201679,15.286040844082201
0,13.960655567015644,13.673365270199081
0,13.757029438020641,15.928348857129208
0,14.237750071718185,14.921339188361951
0,13.141440376113138,14.812732764145697
0,14.842817496438013,15.466053939062682
0,13.662623565513334,15.962717264634211
0,13.997415436045461,15.258375319207339
0,14.410580268203038,14.426620888321063
0,15.48358758033153,14.99873652299867
0,13.650638474419354,14.045810822325222
0,15.948012234723333,14.511398770076129
0,14.264752629776849,16.531232084430975
0,13.691995059803038,15.912915892967982
0,13.489454873389828,14.121162066863793
0,13.903327145886607,14.960451308066265
0,13.708605464930605,13.838538281703466
0,14.71635243875329,15.779611033836272
0,15.422040421520494,16.910898407218347
0,13.488492919776629,15.956576590516715
0,12.551176438745825,14.140529821788906
0,14.577049184492182,15.094651849899105
0,13.869617844653545,13.886722074767986
0,13.91611283781322,15.104805403628431
0,13.150924815173996,13.886242830425743
0,13.856890131511856,16.014503843624865
0,15.82243547197502,14.465531948741987
0,13.171375300289053,16.127698758520772
0,13.670350050756062,15.010166326545411
0,14.28564677914597,14.499957236631777
0,12.61854669077314,13.703429901225107
0,14.153993553821069,15.557636054558163
0,12.963465064755022,15.377562118413865
0,13.807093735073444,13.276059723980449
0,13.717708576521073,14.320019515216275
0,13.342734301387617,14.735254149154295
0,15.073818075102535,14.840460174098581
0,13.90781530790509,15.149359403888118
0,13.600186800778076,15.54357652884509
0,15.234493801179564,15.588355887750598
0,13.05416910923072,15.858388138007347
0,14.225834989923321,14.491718336991639
0,14.503003109182123,15.368498329688423
0,14.513778850152264,15.576167782256247
0,12.656549347445608,15.616269686994382
0,13.832540025807381,15.032208650669752
0,14.19998243668568,14.406816609167851
0,15.156482185310384,14.666513745042447
0,13.868832880547854,14.656328605742265
0,13.811786214931791,14.763313213348303
0,12.513383550305846,14.243789423743342
0,13.02917132128799,15.535686659126036
0,15.135107115335659,13.553247423097886
0,13.71265619588319,15.280554095889899
0,14.906810875705181,14.326355428136983
0,14.5709841771037,16.1392822172582
0,14.135255016467282,14.44924109900806
0,12.993263439685846,13.512222088289938
0,12.925649196620967,15.476190549011458
0,15.21274333211246,16.453326740467595
0,13.298431330441518,14.262276927185987
0,13.066548012357487,13.377792929619988
0,12.860430764523521,13.357463032359686
0,15.500804208698305,15.070856093447356
0,13.35979322275777,14.696833196081977
1,4.8681942279330395,24.399775547723866
0,14.679506803506412,16.244963241321848
0,13.937546850842825,14.65511674225176
0,14.667661949499704,14.445438497132653
0,14.39205348081733,13.446638343031585
0,13.24310588876284,14.895718167665974
0,14.415499718978973,14.575607199562796
0,13.626624663692008,14.382521658894031
0,15.161653853585703,13.886604255842519
0,13.849908830983818,16.44020717461974
0,13.741953659452266,15.160725362444511
0,14.776683647723925,14.701704017312517
0,16.057594499592042,13.735435711390497
0,14.306733913439123,13.231032543811239
0,14.676194656246903,15.109862680568156
0,14.108583870923987,14.552750980855334
0,15.09984791196474,13.766037309066197
0,14.758335193602116,15.458127515954258
0,12.990812633723003,15.416117666538785
0,16.1534121454034,14.891403689875553
0,15.599454117082022,15.531322390864364
0,14.769565347517428,15.216101874642268
0,15.53515370743837,15.332301071285238
0,13.618361714298908,15.254360046343734
0,12.529323749070986,16.218416101646216
0,13.18715747124179,14.44038280433642
0,13.29918649766012,15.518130782466777
0,13.629218130335701,13.877569873183251
0,12.804834370148976,15.359763457238449
0,14.03387337864931,14.68828158114601
0,13.681951357407872,15.424630669618637
0,14.39398048735774,15.239478766175448
0,12.232237220126706,15.763689079588858
0,12.28221207453722,15.47870919328623
0,13.540014459295918,15.263592361670446
0,14.030088289056469,15.239461486160254
0,12.990059934820124,14.274346753559415
0,14.448311879515655,14.845544190410651
0,14.406138559891897,14.315984379257099
0,13.704355598172013,14.24085066329732
0,14.354208530991935,15.323467693322886
0,13.779241076440156,14.689022264283713
0,14.081563055760004,13.573785914892307
0,14.451685262408406,15.441534408154986
0,13.653516941584176,14.137581374629832
0,14.243351424459979,15.65874963701208
0,14.322706028758374,15.871044000647057
0,14.481670810107323,16.009641430674332
0,13.94474526262957,16.178091319399307
0,14.327537974720721,15.511400803893661
0,14.86788625148392,14.273782488228276
0,15.722489242939218,14.972422981120653
0,13.167831494606162,14.985292954021114
0,14.162682141024264,13.838611137701125
0,14.449422708590383,13.517214529133419
0,13.433348733956526,15.27536798572215
1,4.3722664098260395,22.800325754057177
0,11.897339466117208,15.236669496565495
0,12.660286298101143,15.197878868101265
0,12.334629543302547,13.869230547642738
0,13.758314110528849,14.244010043280788
0,13.511018008289266,15.724533730814988
0,13.498158090752673,15.609462174721385
0,15.088503914985173,16.082440152929546
0,13.912120494150102,14.535724510150873
0,13.708268082401112,14.620015714595587
0,13.3472080421525,15.788470392359445
0,12.685192272763961,14.503478691141742
0,13.734890177959976,13.261727837698762
0,13.98228638801787,14.76292576473435
0,13.908769201749253,15.02791402835259
0,13.050444066402099,15.037710106870962
0,13.315661936652104,15.04881234617397
0,13.822175455304153,14.294070966515422
0,12.735933838548247,14.710384154414625
0,14.261368515921093,14.964710537246592
0,13.8603925684286,16.307499103244947
0,12.98129179220211,15.218046972155038
0,15.87148359329436,15.245954757072258
0,15.5006714382546,14.822420917191002
0,14.101393007387724,15.112149162894621
0,13.196585595613493,14.680785410207486
0,14.286082494960846,16.260350924930943
0,14.90003650714985,16.467015233670033
0,16.001055374683364,15.292819910777975
0,13.950914536888972,15.212929909470365
0,13.824984033343767,16.38869282131298
0,15.338451816087566,15.144068021487547
0,14.760569025540509,15.478974499786801
0,14.174358134930616,13.837919047593967
0,14.49182149921863,14.22785542523709
0,13.937431403314386,14.468998403086182
0,14.354548953438348,15.511278447665894
0,14.651723311772527,15.614088860145943
0,13.360099751207175,15.78448043747446
0,13.301143673208918,15.783120739445536
0,13.689928190101528,15.114266306995415
0,13.037192959785273,15.247981036765049
0,12.735712278306098,14.840110372607372
0,13.825237995387809,14.737582331437363
0,13.574068150676258,16.325860560750723
0,13.707630082271015,14.408548822239693
0,14.218299836344457,14.958813243499844
0,13.590339713633755,14.538428198798531
0,13.806227601083695,15.619896460157788
0,13.811076118669426,14.4404923626953
0,14.400473594335823,14.623035999780498
0,14.302138295326253,14.626915621103358
0,13.993502341083884,14.841002700592774
0,14.488380827696549,14.093314263640297
0,14.886772110678614,14.511625853357316
0,14.37375140735819,13.827880576857194
0,14.034265475624151,16.511827501483126
0,13.451131422683401,15.504924646942136
0,13.02586319319696,16.17508191825169
0,12.755816053629234,16.238999849681157
0,13.210249489269774,15.085079402559622
0,14.40336800951601,13.96884532263543
0,14.603195414669141,13.104536633004626
0,15.116388318137613,16.80214746748378
0,13.507202189394022,15.394554549603532
0,14.526105485401544,14.001960020660404
0,13.346722409802977,14.981569786358575
0,12.985293183100541,15.284115168845009
0,14.34770467236115,15.158945097748914
0,15.14665202329516,15.346814074166437
0,13.826562984226001,14.480127976448223
0,13.762934965405918,14.506293821562851
0,14.654621685137126,15.572135207129234
0,15.498481203850849,15.525247831679442
0,13.152746801327156,14.403939755065919
0,13.498667066271256,15.077670253020129
0,14.067051741742162,14.914166796559499
0,13.881445334498284,14.692412627973166
0,15.306955802926765,15.890412659802957
0,13.273921107920588,16.17920643812624
0,13.851546491214933,13.31820851314065
0,13.049686856108163,14.597701846593875
0,13.58793242151607,14.563913358889454
0,13.318142862771989,14.922425412838571
0,12.939322742566853,17.216550559993777
0,13.877953400027165,15.181622768408701
0,14.368099718939632,14.612802778249169
0,14.53984430133874,15.499716365365906
0,14.668226406365553,14.241873590250513
0,13.203624718126413,14.07475479164677
0,13.324932420819852,16.192117711574692
0,12.30530594206201,13.883013556852433
0,13.529298132982433,17.04215653704228
0,13.250273817739929,13.847694165221885
0,13.217743913808212,15.589963701895488
0,14.3324724349228,13.742385513271762
0,12.34152019420245,14.77499849802997
0,14.379907668457097,15.171959426764715
0,13.989687909525417,14.932429483642123
0,14.952055416838585,14.357726653971861
0,14.353174465474979,15.409273790916581
0,13.826157132969602,13.750679480824227
0,13.75438515345786,16.045944840523042
0,14.782952134406434,15.688884098866755
0,15.636709051610707,15.920482160785824
0,13.671101456586106,13.94090466935936
0,15.585026348269611,15.133935858214983
0,15.014929775878763,14.289926746985625
0,13.532398680849958,15.307421759190936
0,14.410744471952075,15.175095883825254
0,13.767114224560439,15.846636277768656
0,14.014257127708856,13.936182669070917
0,13.148399792812617,12.890259697095576
0,13.333477495421546,17.027048003847995
0,13.498901016251343,16.14138918475318
0,14.382217437669114,14.62210576324275
0,14.099187966591822,16.03188541545844
0,14.457086248924384,15.4494479519718
0,12.264574505504227,15.106498162952132
0,15.120638735486718,14.372557709756911
0,14.448772081743632,16.482630183568936
0,14.715566323417582,15.323233945768784
1,7.591035966808134,22.397649372953786
0,14.899631739857352,15.201875671363643
0,14.943831376661361,15.110713181917957
0,13.260625096618218,14.885766547076498
0,14.033451012510584,13.997054251205514
0,14.111174473484937,14.500937067368115
0,13.542314811097897,15.453113716328748
0,15.302145981767818,15.167047747453866
0,14.908924182906514,15.59165867733497
0,14.943409101565344,14.7710031400298
0,14.55237150519979,16.15083756819785
0,12.29284286943276,14.817117541455119
0,13.285725428606781,14.707047585358437
0,13.774152116377852,14.878237912722293
0,14.118130736086705,14.565192212304684
0,13.323556021989129,13.239838370628787
0,13.11459909100697,15.643596945878716
0,13.642425917901853,15.352842257370636
0,12.30741392912983,14.310790078154849
0,14.51104843195549,15.374028112578921
0,14.10025243056862,16.46459894670663
0,14.190298148020155,15.406427940586553
0,14.639468668225447,15.047850160281456
0,12.203248038965965,14.07044103667676
0,15.409049556838493,14.701590731547286
0,13.122130550131384,15.502323874203624
0,14.074204556314498,14.930866939017285
0,14.560248044010166,13.785502601940545
0,13.894928927179258,13.238384038721575
0,14.033443901636705,15.152159661765053
0,13.600300226839854,15.005147696882583
0,13.849661306737573,14.85440493292006
0,14.299204691629742,13.304803636733118
0,14.559649386662267,13.567244796361297
0,14.355471574614503,14.183633004950138
0,13.885314773061976,15.28639692402766
0,13.309032235159993,15.35773676566325
0,15.753215745299507,14.115172225247989
0,13.415474180566786,14.617614648862805
0,12.880335017433215,14.265472933275806
0,15.250640954969802,15.07178681975175
0,14.193167413469503,14.841967415811526
0,14.436262762897211,15.443152147625499
0,12.037142529681304,14.785435501817942
0,14.239976445378034,14.859144001243198
0,13.4492177051188,14.935326092372101
0,14.268788349809316,15.398373533389094
0,13.90869560593416,15.32957705825223
0,14.652716322355014,14.557338485381857
0,13.787011581594808,14.285139430882174
0,14.592078802034743,14.153771711066103
0,14.760661542488469,14.770375093561892
0,13.689688516622452,14.750521282554747
0,13.622129798797214,14.962940426223986
0,15.204350609011868,14.464857934763032
0,13.931013216374355,16.612348682711847
0,13.63150652618357,13.915307271159216
0,14.771107850827747,15.142597946172383
0,14.567945342911365,15.484805125843291
0,12.928199542760272,15.728206448421515
0,14.117930689696884,16.439583704756345
0,13.661257375010543,14.589764418847249
0,15.271896838759663,14.599555554714366
0,13.687983144093991,16.075247094538188
0,13.189311234411548,15.741026988314557
0,14.836817894411164,13.757310579257172
0,14.207359255881219,15.502840373596753
0,14.526056768516863,14.667483788165825
0,15.163588583659731,13.047067266987153
0,12.43758216605396,14.5035052567806
0,14.987708213879646,16.455126837165572
0,16.745105605609112,16.074234562457065
0,15.214205542639458,15.959828808921209
0,13.423940814505908,16.01683416501125
0,13.868546963394856,14.714034757831088
0,13.320879480473966,14.637162192386649
0,13.933563476923863,15.003848059477985
0,13.696315840449499,14.44539876096728
0,12.783786674050265,14.87247642791773
0,14.751938516742289,15.697170600297198
0,13.657928265682152,13.529251418895875
0,13.939272808313097,15.017063933184888
0,13.722299366521971,14.82788858503744
0,13.246855028772833,14.602376320578191
0,14.226035404483726,14.313910177754186
0,14.098338611434272,15.025581411028048
0,13.62116505305018,13.64498336591148
0,14.502563897599458,14.058015774010322
0,13.658029739381755,14.961624047522209
0,15.066592611938372,14.40507398441288
0,13.059812450206511,16.375250816920868
0,12.412854072333369,15.318750843252396
0,15.274857228987202,14.114592437245639
0,13.93822546951706,14.7419787689211
0,13.28756778862955,14.286554737020719
0,13.518351967666607,14.90687726626031
0,13.969796918074108,14.809153322524628
0,15.108660787376145,14.546811667327532
0,15.33606618038089,13.498424693063374
0,14.96074010187768,14.835247354731148
0,14.232283518149659,14.092712336327354
0,12.591951031806039,15.518571147702412
0,13.651700789536374,14.534487632369386
0,14.432736583126,14.826795399726286
0,13.688812434007902,14.93275280154861
0,12.20175530832322,15.888882430332064
0,13.627575224168966,15.606024258799382
0,15.122411944971041,15.850348935419136
0,13.475489315411803,14.69139882906069
0,13.198694284526303,14.075353641664783
0,15.375089150374382,14.38282037593848
0,15.535125721131728,15.397090714154478
0,14.37827660511873,15.543732589213343
0,15.049000777000963,14.518675919929299
0,14.468152422106222,14.756617365878869
0,14.244730952677452,14.88279300850427
0,13.798551120195759,16.84451139531985
0,12.70203663060662,15.015197275853646
0,13.900217086289604,16.230951239564224
0,13.35463019412956,14.872222484691155
0,14.764334653242122,15.346959973433322
0,13.332480302539642,14.778389522890484
0,14.209785744523153,14.516668391034166
0,15.54448401033547,15.746728746829378
0,15.325844011027732,15.627588721873115
0,15.085563916657867,14.637650288105817
0,15.663851478085908,15.7483932201251
0,14.746616860992006,13.754224418795623
0,14.741302805862222,15.167617255043625
0,15.089605061369824,15.711033477404085
0,13.338186357651507,14.811238707179534
0,12.668717141971761,15.843394626063958
0,15.137606887563399,14.920944687710483
0,13.966335732160417,16.53101395935454
0,15.225353098855596,15.048721080747478
0,12.72245375629345,14.706689939699771
0,13.143737184573423,14.898191008016482
0,15.105589837291541,15.060997718831302
0,13.10201714700968,13.758671490649686
1,23.37958662042565,6.562315789672288
0,14.121914863219887,15.161232580727326
0,13.027914316500736,16.81145751920074
0,14.604942186153059,15.01030127422151
0,15.000771853458309,14.990986443588856
0,14.49854858625475,14.95831137153379
0,12.719658860973023,14.756436702762873
0,14.518686780051393,14.92234703775673
0,13.534077887849946,16.60319744212554
0,14.560987418438428,15.877538380138931
0,13.15434122736287,14.572464610943564
0,13.398422111874359,14.934288954777474
0,13.928970453120312,14.5129018095943
0,12.79515038829993,13.448071820269629
1,21.86575458236388,11.726966684230245
0,15.373646315932561,13.564651648582002
0,13.152459603067603,14.732485622275597
0,13.211850867291409,14.535686794960965
0,12.842055863496222,14.772069992761475
0,14.419011986238447,15.18850286708876
0,15.684717679421071,17.380381966457612
0,14.305721059335864,15.804202822780917
0,13.987492683643907,15.090070798591807
0,15.349278268559338,15.292027365648266
0,13.45287796597923,15.795410495055728
0,13.981194408311186,14.018864180897378
0,12.62914898882731,15.47147962765983
1,15.553842487397628,6.880922434508361
0,13.195332350278443,14.295095715796508
0,13.057260730436674,15.963018573470617
0,15.300164765711642,15.05924164246067
0,14.967165782873906,14.85026955463778
0,14.5791659608962,14.912219468604007
0,13.434924563736132,15.914264031029878
0,14.17893352706402,14.756135916066539
1,20.585419514736543,13.951827283082375
0,14.112612726329061,14.179452100740104
0,13.881909352505318,14.507159438660082
0,14.664667420022626,16.374287067975153
0,12.600696788099004,16.189220439223792
0,13.203997557871162,15.258884950775183
1,4.146621150943826,23.061547034907374
0,14.509297252985977,14.548167815514756
0,13.546658602429794,14.673084949381055
0,13.266740979321094,15.240399358604925
0,14.075145870058574,15.307146808585394
0,12.959145933831715,13.690174482387409
0,16.46010769773458,14.375312097841205
0,13.414152869264777,14.042542354913316
0,13.533319848872427,14.194632962369662
0,14.915903625031087,14.91547503803096
0,13.457508300390328,15.6403564357564
1,4.181613624688982,21.74283269555462
0,14.221669950007401,16.079248952143537
0,13.996898185180337,14.20354810935518
0,13.769232994441797,14.114328333517395
0,13.4703508505433,15.856039159565894
0,13.015808700968563,14.582327842615662
0,13.593188592628627,14.314292880622132
0,13.502373068805623,16.309646799889208
0,13.957102458877138,15.270945159003192
0,15.461358404768573,15.584602835261979
0,13.047373816709573,15.512300169520174
0,13.232782312489364,15.908182579470678
0,16.07535324877463,15.562587511354812
0,14.38486346374006,14.474822991035138
0,14.040135908517733,14.483799087205448
0,14.225824058763557,13.773995044044685
0,14.007901342516776,17.17324283822805
0,13.46070872669609,14.143028385272878
0,13.569423272520396,15.755437401625377
0,13.203093513932533,15.688348593641322
0,12.433063809863595,15.583368557279364
0,15.519933738268717,15.321356052523981
0,14.33761171524172,14.548885458215906
0,14.285887558592986,16.371695197043955
0,12.633971971362088,15.082004865392774
0,13.800271234953229,16.271873214422282
0,12.738596690609402,14.132887325642017
0,13.561091325131626,15.494747732740361
0,12.756151310496554,15.130060013234134
0,12.349062247606296,16.196544339772895
0,13.571571678784702,14.289980131133696
0,14.765531056198258,15.303331335455686
0,14.351834801582516,14.323804222252903
0,14.438808756656622,15.1399784777287
0,15.749081733200736,15.113038991936584
0,12.892296388161153,14.197431460035608
0,14.168302584123785,14.062923219037454
1,20.244933646516788,9.618062562560533
0,14.531181527694107,15.284637469689926
0,14.062232028914645,15.374216412992556
0,15.856213476888524,16.044913878214867
0,14.249799580985385,15.34664425260522
1,13.716086544428137,7.9906073966972215
0,14.264739998690606,14.0609099812646
0,12.97323181204727,14.23393496943173
0,14.94009426063788,14.65702016904435
1,21.1604761572516,9.097229218310108
0,15.064504732745455,13.857808352631544
0,12.9061055816691,14.7132389829811
0,13.948869829244478,14.817641345552657
0,13.827302467395016,15.259688781904638
0,13.42481474207173,14.893884388821217
0,14.24427111436814,15.331383956105276
0,13.56351133526281,15.77296360981775
0,13.765525764488695,13.911000215037886
0,12.828384433623782,14.247246362267358
0,13.975460130925327,14.79906293120108
0,13.411427838406597,15.942762755389964
0,13.799059349464958,14.505569966416124
0,13.724498571929155,14.655629267590706
0,12.238764741780535,15.238306512694681
0,13.459084851610285,14.64633834590928
0,15.289566158030988,15.532012347294387
0,14.10747665286961,14.633359776668309
0,13.338053479190409,16.071614906701267
0,12.939776701244064,15.939708655502752
0,13.515846467027918,15.293615973452528
0,14.974583862101188,16.153951166854704
0,14.407563919611768,13.596414988885412
0,13.856187848480172,15.022178019015751
0,13.668419488844677,14.287032032033178
0,14.166228151230433,15.374763491120166
0,15.144589883686594,15.970533822893614
0,13.501832920605679,13.985354117744457
0,14.489544058856971,14.539155542701428
0,14.88878962039495,14.811398018597965
0,13.162302608660601,16.212659119388327
0,14.245536618816713,14.764731372356756
0,14.787051516542219,14.148480544662785
0,13.82144481228653,15.472494564457895
0,15.42540255796615,14.341542743492026
0,14.51488503309171,14.94932421483423
0,14.01176644992548,14.353654882675036
1,24.41552482776611,15.0
0,13.678771513953492,15.631462716478564
0,15.259801092658384,14.391045513984404
0,13.73856498769051,14.929742582016964
0,14.75336934373482,14.131565398078754
0,14.471989810844207,14.67151325696636
0,13.859994577212968,14.130698738774118
0,14.231471756060579,14.224410067580136
0,15.376547988132879,14.89674272033051
0,13.503141704558068,14.929648800243609
0,13.556614142837034,13.908373817108185
0,13.521893117114542,13.386818959262948
0,14.106967940919766,14.955339026662138
0,14.082252483327025,14.657282385111582
0,13.35582112061523,16.06171605028299
0,12.431741877727108,13.669437100769665
0,14.618587893056212,13.989789718605886
0,14.724156897343864,15.78573345658379
0,12.013504711848727,13.318542218444785
0,12.537099855843541,15.461227437748217
0,13.088650278038829,16.235513766287344
0,14.081839380251678,14.580872677251653
0,12.703480651952141,14.958772091255227
0,14.265065135121613,14.532215455260884
0,13.605397425280508,16.328660930180906
0,14.111428611667714,13.770086311290331
0,15.382654314341924,13.790550516541783
0,13.277703236430595,13.997206531493495
0,13.969012838839678,14.387995105500664
0,13.758162731681491,13.62525095829497
0,13.893869378547054,14.625670310060173
0,15.298110949169374,15.878863209175782
0,14.868402705690407,14.323503591378831
0,14.86677500881767,15.878885856628164
0,14.877587434523004,14.641368763278825
0,14.325671492600728,16.014661022735524
0,15.615910128693583,16.570951083926392
0,14.667555553060343,14.3450520260963
0,13.86263197237328,14.54174600534834
0,12.688292573919766,14.462205062654858
0,13.675605834733416,14.460898617296266
0,14.810469273818468,15.556211462703521
0,14.688787633295096,15.820645516089927
0,14.881844327028311,15.822688923101458
0,14.663081920526617,15.098410039427462
0,13.555772059550323,14.108198842803588
0,13.620463822274408,15.499173699620606
0,14.140810356673281,15.71586543123657
0,14.520133512929215,14.616578188571875
0,12.954800551174982,15.7190158933842
1,14.155025542088882,8.42238459064911
0,13.51604267803276,15.196474366890701
0,13.300271768128981,15.65294905876243
0,13.537208133900169,15.828094358766775
0,13.340623172639525,15.58028887812271
0,13.019933029931435,15.040973136776437
0,15.188328311028755,14.99697977021841
0,14.323353320916265,14.877149289698016
0,13.870184720526812,14.504492428533423
0,15.132999419577065,14.976568896024606
0,15.846654544310491,13.607737962163297
0,14.585550794010855,13.004951303581379
0,14.199407616787314,14.072465250970104
0,15.129988563977603,15.002522350695884
0,12.984515113043127,14.69566313635835
0,13.093901582540765,14.258883853764988
0,13.385414192024951,14.525299658863563
0,12.699598881486633,15.163083697654976
0,14.334599449018794,15.679145286661747
0,14.520732608419031,15.744898344036464
0,15.268916036468333,14.872089759353054
0,13.872889792888216,16.063096331259743
0,14.44999729327688,16.41436685384243
0,12.974832490583974,14.510225225780125
0,14.867423192681022,14.485601877869845
0,13.881460272088791,15.021109790161889
0,13.02062146280451,15.743477722980048
0,14.128615018069295,14.749391760882096
0,13.480900326998924,15.571929295864749
0,13.484792339247777,14.14182859948476
0,14.569899980475007,15.234247768209647
0,14.584140316713889,15.110216451160413
0,12.773923579858547,14.533019127793228
0,13.63373650917347,14.969804095839477
0,14.022696687394124,14.787839961685153
0,12.463246351301656,14.464852012167416
0,12.135822670560545,16.66030095652931
0,16.890575656580886,16.215695375732523
0,13.506279306875227,14.450798987342013
0,14.962599789739532,14.362884235247511
0,15.094504605774205,14.474683629325245
0,14.88420647054015,14.037539352028245
0,14.33826803560798,14.239308387542879
0,13.403616380122374,16.446685200846886
0,14.028461369065486,13.377555523130216
0,14.834497142441615,18.000378710104535
0,14.625243685528888,14.55395130664878
0,15.181437728895105,15.244989817929854
0,15.060025704066012,14.205529165770209
0,14.874126749424816,14.244610311647548
0,12.613895000961094,16.060095856941686
1,5.5264951412825605,24.174055729270847
0,14.068046399501675,15.043136730765925
0,12.624466338803865,14.998770646057604
0,14.443728636206785,13.988204531412613
0,14.414205344639607,14.812808248029034
0,13.76721597584099,15.639745770903986
0,13.719417789043796,15.318867176385366
0,13.063139058919214,15.808553460879821
0,14.056316810371422,16.40504224818047
0,14.56158906794907,15.515636431001854
0,14.22729082388431,15.247269843417277
0,14.498313925788898,14.68129775109573
0,14.043220855194756,15.20725156537754
0,12.810026448722223,14.595200921363213
0,13.738212407901324,15.388903252618771
1,20.39691224622385,8.15603094106698
0,14.234394204408943,15.427701935226004
0,14.341015306155567,15.068386381742133
0,13.203467479023068,15.674189737175771
0,13.612867668461147,16.079851257244723
0,14.207284838016545,14.514532514032497
0,13.949196466358483,14.750897161337805
0,13.886083094647748,13.602174521028354
1,12.932641949311279,7.71245816021492
0,13.241702595600223,16.619170912794296
0,13.972893254711579,13.585399980113483
0,13.325349409081367,15.478614014187336
0,14.170950351398684,15.995710248131948
0,14.647137771022877,15.26187773980364
0,14.179962541934023,15.228530336922992
0,14.838046414648188,15.682532113304873
0,12.79749658366325,15.427921853947954
0,12.957084384322483,15.6956465200398
0,14.935296254077826,15.703782418011153
0,14.15826342382179,15.646475465291548
0,14.218243987570563,15.693614565790208
0,13.433320727761284,15.070923903618072
0,14.943473270516817,15.593260907817898
0,12.835357473112806,15.001430508710655
0,13.783806665058899,16.143849112373676
0,14.822250669960036,14.70069363505054
0,14.633372090244276,15.614015705645311
0,14.253584510136934,15.108725535233196
0,15.26434836270773,16.021117175598484
0,15.191522487586736,15.65317578492974
0,14.122718926522095,14.98793616224244
1,20.227067740198073,6.608818877940969
0,14.98093097118644,15.037436280279698
0,12.874970778818758,15.293954305667533
0,15.44192518352419,15.377314128558982
0,14.512025084573422,14.656065512209592
0,15.989899147453333,13.734954443678868
0,14.476616405926958,14.433463457366328
0,14.509541339330756,13.159450839692479
0,14.254498485654084,14.923817981675239
0,14.026347634378755,14.505813992190225
0,13.720363649022445,16.106625283775813
0,14.710528474125422,15.009208882176974
0,13.232537011232502,15.12586405433044
0,13.622645459805108,15.923181568624475
0,14.028856457339545,15.229605643956571
0,14.403496082330625,14.828758347670044
0,14.28566108215688,15.038105233483694
0,15.370809273921727,15.4222890271039
0,14.534145756445575,15.094686736084453
0,14.28175434069148,14.760068483469848
0,13.470883219754802,14.61626183678553
0,14.449686691786196,16.175118162707722
0,13.462183165969288,14.922442097912224
0,15.061729688193433,14.87100688600955
0,14.775905603756827,15.044863430005677
1,8.620061197601638,25.522267122590584
0,13.88879570965291,15.032173172577336
0,15.031000922498805,13.948185999505336
0,13.201104617951621,16.39190846429135
0,12.66039728726582,15.661542525757065
0,13.510047274187135,13.8970981208827
0,13.859385599959797,14.437358051668495
0,16.124139308318924,15.073012877202114
0,14.435831246627286,14.18875705277396
0,12.279693465787547,15.478547102096817
0,14.984018792345758,15.370301777775698
0,13.589364421898235,14.94322582414482
0,14.58591835031046,12.378585104262061
0,13.853383686413816,14.05307726263183
0,13.482296645450903,14.529826470585274
0,12.949461510490421,12.931040274220628
1,6.084549066028182,24.064376198793266
0,13.613466342508168,14.062378199510992
0,13.43515570100707,13.839909402783002
0,14.838187418687024,14.14733207880215
0,13.585771174635896,14.00585106033484
0,14.3314358210679,14.413137839290432
0,13.673780004061607,15.099551393189616
0,13.505514207057427,15.779964034323733
1,5.832880424355834,19.863704530309583
0,14.106488956522748,16.7167607023558
0,13.030340798298264,14.523842814668214
0,15.24220402890544,14.588091770297135
0,15.047119656026412,15.606381548180153
0,15.124629304003417,14.831364842430931
0,14.024496755041355,15.431249611915675
0,15.249805295763242,15.01447888279718
0,16.398264980563525,16.903803367613182
0,13.421540006751293,14.269277258906834
0,12.968034794162584,15.579706577050887
0,14.166702479318847,16.01990240597821
0,14.59525877684908,14.533307866668785
0,13.074697827180978,13.877274903877009
0,14.050526971178664,15.266342395080649
0,15.095149921809837,13.45430748104971
0,13.363414344659311,14.28280359808318
0,14.133430314701528,14.318692823397344
0,15.186804751892517,14.074764626502134
0,13.966062988660548,15.457614374048868
0,14.368180377963771,14.872073109939937
0,14.054515162888531,14.810811006242513
0,14.250202898566409,14.67492210063234
0,12.831171822300673,15.760011148548703
0,14.32688438231498,16.21951790757255
0,14.17523466682554,14.66021583837871
0,15.487969486188305,15.505701127437556
1,4.284168777815846,25.02497267307136
0,15.490735944224285,13.628162397405355
0,13.260776339215422,14.885615446279697
0,14.189722460267301,13.771278398581808
0,14.392519888138438,16.182285063584978
0,14.220719319894874,16.590827860252855
0,14.023918874153388,14.93501663829259
0,13.85762563043622,14.517326996181339
0,14.62448382644738,15.522615251317129
0,14.826206771351538,13.934044864799496
0,15.20897498458666,15.468265154755999
1,14.718604370911903,9.186597540931707
0,14.145909347310088,14.790774677230962
0,14.563779414597308,16.330378388622
0,13.917379268716026,15.834192189047632
0,12.91920056499742,16.711994499988993
0,15.035200782717144,14.094004716875144
0,12.953301656327078,15.181999433050803
0,13.857572387758717,15.20084693797612
0,13.248122667093098,15.725589800089741
0,15.795388383716277,14.799737991025282
0,14.61683162627114,14.552210750355734
0,12.650245418854624,13.89996458634572
0,13.769373308889453,14.775207097814379
0,15.635171591446353,16.37776507348572
0,13.945789762949117,15.607656315202595
0,14.149121534806204,14.84268996298389
0,13.90489968421555,15.947923094363482
0,14.400751666800048,14.804849142050363
0,14.85608055452599,15.71150889029105
0,15.320840758774292,14.600334314771729
0,13.900493935021965,15.076826527339332
0,15.362821006569948,15.341712490819521
0,14.530394532505305,14.426833708664137
0,12.727156162153511,14.939094914335358
0,13.698568803023132,14.937122299982402
0,13.513455313460431,14.774055678965118
0,14.816971054897348,15.981125164499751
0,14.480078036093836,13.568209161703397
0,11.87506970798272,14.534399797850554
0,13.772317776052871,15.375335340143762
0,14.014920192961599,16.342786978300538
0,14.269993244230228,14.326459540347159
0,14.84418316305579,16.200264561180045
0,14.787429170693887,14.813799196718026
0,14.545263188548502,14.554976358156537
0,13.605188251968938,13.929551587779045
0,14.229175095457173,14.861711914193869
0,14.190034390269977,14.718007902745281
0,13.147873753045761,14.244606683012009
1,19.959500725034204,6.265038984379705
0,12.439187728588639,14.621374352472829
0,13.807303108102232,14.475952978552954
0,14.617034606704719,14.26871816366431
0,13.284614839941181,14.091133798909112
0,13.582633630384992,16.43851917511612
0,12.62977592141723,15.481709455754144
0,15.121797090751556,14.143656772829765
0,13.501147378466204,14.85563306394474
0,14.347052442850288,15.034857354169866
0,14.151721974557924,13.88724856146734
1,15.779273686669498,10.102044859703248
0,13.39112792783044,15.937082464360692
0,15.403361603595325,14.571230590854558
0,15.411727487211962,15.588394365236315
0,14.937067030656731,14.507239270980522
0,14.40736402994386,13.548279586184606
0,14.683164465170819,14.773425658534228
0,13.108549191835278,15.04563340775523
0,14.087371318933089,16.1816333515394
0,14.826208455002346,14.38945582224349
0,12.654547272001953,15.476252649776509
0,14.520245371748313,16.396979308727907
0,15.853443556772742,14.938689973002472
0,13.117900766344796,13.931708597177765
0,13.010206232521263,15.60026816785874
0,13.852757892469034,14.920281395418126
0,14.049375928054236,14.840183685609855
0,13.228169038706605,14.94476024890458
0,14.420022273458818,15.434474441822108
0,13.23586566381759,15.273020889345439
0,14.885816580066866,15.677587606435536
0,14.515106680121368,15.045337343264851
0,12.763961412479388,16.610053647478995
0,14.922071176689778,13.88157494387795
0,13.734411988364606,16.871464120289588
0,13.377268454565215,13.988633118048224
0,13.625046946197704,14.769240794237696
0,13.228351984437724,15.034069151240809
0,13.823322333418032,15.884203904684613
0,14.96479946152415,16.36333763882905
0,14.224632532170054,14.008602354915652
0,13.991720614214197,15.758881577501734
0,12.80146703112173,15.096742015479954
0,16.035142615688553,14.194078080244264
0,14.8933725968968,15.941556663621272
0,15.132899308046069,14.663072569621631
0,13.725554844006503,14.985132059405473
0,13.343095643987668,14.98074272465489
0,13.753825000942456,14.416030620765543
0,12.428126202328762,14.274952753130385
0,13.364782022905919,16.61098640745624
0,13.05468067542819,15.365112075095132
0,14.299784762803734,14.73849887802874
0,13.08474539720293,15.318610631001402
0,13.566433516204567,16.095303521817055
0,12.74927012973551,14.075089925898395
0,14.149526459536785,13.753598176693544
0,13.265716299898735,15.1131698861758
0,14.713573724154934,14.059659640685569
0,16.420666421081624,13.73102906561728
0,14.134802772413092,14.15368534498732
0,13.820546224492668,14.352918068616331
0,13.098730356381276,14.589588207586273
0,15.277065412654428,15.354167987585148
0,14.741242616311846,15.793667236675427
0,14.929861440450376,15.432859251690948
0,14.556545528640774,14.789415907832579
0,15.745516361887502,16.24465244361412
0,14.475458612482212,14.525013884443531
0,12.993298686943513,13.634207170002856
0,13.032767922957081,14.805577064094773
0,13.977478341157045,15.796501060611988
0,14.970833771943585,16.122305518044136
0,14.321514310774797,15.509322037296581
0,14.899361122265189,15.958162070763885
0,12.510670070820831,14.583853801810266
0,12.978582632576952,15.293638323248885
0,13.494376925818482,15.87981921558531
0,15.557673803110468,14.1634459268761
0,13.5126294137472,15.719732460230302
0,14.93888887628845,15.187798632668548
0,13.746037375730847,13.462106644038947
0,14.843650549076761,15.938749188380587
0,15.108345901718208,14.215734993655873
0,13.656329575620552,15.848951917416501
0,14.047119225954486,15.057013831402264
0,14.263271172260557,14.948346618664951
0,12.957905316225267,15.301011751446847
0,14.024596848266322,13.885965263516338
0,13.264976886116562,15.304193033541644
0,14.374839005567583,15.19738091649196
0,14.148817502485144,15.940247017425039
0,13.258718477340674,15.716844651506083
0,13.426957059492038,15.193594111845263
0,13.9817868164499,14.856409959805745
0,13.615216583568419,15.466007036074291
0,15.310919384235532,15.721625130311292
0,14.617150621418437,15.007500213008566
0,13.574037000104854,13.976115049814672
0,13.713696224847158,15.41457154651762
0,14.391954485870047,15.221616473989403
0,14.559495824462864,15.78746514091433
0,14.890569756176077,14.895630348165025
0,14.744306255395864,15.731575905500057
0,13.416314305447571,15.591115581531426
0,12.03042376161757,16.719813777646696
0,12.799266383011497,15.937061205286492
0,14.06532713404673,14.414265479341534
0,14.870829861813244,14.1291718564261
0,13.854475802398845,15.391590141919751
0,13.51709311731615,14.873945251832387
0,13.513586277872239,15.979928381959388
0,14.458623648780735,15.20903720249162
0,12.989654022883244,14.74254968235017
0,12.8869707746769,15.298831382370006
0,14.107713818389863,14.503275619356446
0,15.456466367083907,14.140035293447877
0,13.011312304922596,15.56174747040222
0,12.50418400060413,15.298650629051577
0,13.749350906351223,14.84641015222994
0,13.732245206764867,15.445029944421233
0,13.753854529708992,14.544095749558615
0,13.144931776908898,15.46576526971258
0,12.517813537711387,14.336641718339536
0,13.953488568375027,14.007539380799285
0,14.888143579737614,14.52050533670461
0,13.907773706079205,15.42234488951758
0,14.755679927409991,14.057859397039643
0,13.788903307092868,15.458605261120272
0,14.087507117460266,15.273441278151049
0,13.87617448444263,14.017993298930822
0,12.815964196049109,15.144705608371957
0,15.166937633894694,15.827140889093004
0,12.712699286329222,14.519998913877851
0,16.03236064485805,13.472639539558617
0,13.809695234745465,13.868095683890385
0,15.035196302620532,16.110798705023846
0,14.74325898086333,14.453597873372496
0,13.334684396977107,15.063949579830613
0,12.901268796466306,15.575015039788381
0,14.839692054026793,14.282619523261921
0,15.10614377645026,15.029821605921883
0,14.708114779781177,14.368462214652158
0,13.825596625489514,16.88782753754745
0,13.815521400756795,13.992028909523466
0,12.037972420182395,15.569614461794687
0,15.49512321583095,15.317144043729822
0,13.509966799351737,16.07105101314481
0,14.77504063499526,14.396045686292155
0,12.940012116202674,16.75455306193364
0,12.285357772051515,13.14402613612007
0,15.488699383260181,14.680872317657734
0,14.742623631399056,13.954891921760547
0,13.404393197812258,13.561303434530586
0,15.786157223529003,15.427715759249248
0,14.782390441689017,15.194566137988705
0,14.01375629200339,14.27747416154355
0,13.882429968606413,15.217178959261297
0,13.03626648741554,15.857532644274928
0,14.918450434367422,15.545880311015004
0,12.321030826842447,15.405329841039544
0,13.76136771786841,14.822577914469443
0,16.41770612872476,15.459186015802276
0,13.87198036648333,15.401561471693034
0,14.22864059151054,15.18062579370738
0,14.399640553045918,15.17266895061165
0,15.149908233012138,15.110878210330288
0,15.29807572183343,14.894538629342458
0,15.044158804941949,15.355341090596395
0,13.017110444975645,14.343466902298472
0,12.2079805965962,15.938446357425434
0,14.047442116076528,14.633764695654207
0,14.073070302387274,15.957844350715765
0,13.305650847017075,14.359789226190722
0,12.63538709296942,14.238189863364452
0,12.857843927296193,16.563149260199744
0,12.932176607523765,14.868415270885317
0,14.013369939931563,16.220597914422374
0,15.122857228337287,16.28385142661951
0,12.79252295975985,15.058840695071959
0,13.708864264056466,15.066958589320038
0,14.895036376132207,14.698635861431605
0,14.850415753316641,15.944211912858064
0,14.591766123013391,15.551213193414522
0,13.728193281558834,15.943767977037881
0,14.059415318176603,15.767957378112873
0,14.088463014951364,14.33570357420144
0,12.637179206466632,14.20355305962865
0,12.810820680082566,15.55032539329573
0,14.888226606244992,16.73714171742048
0,14.486597919323815,15.973425760527666
0,14.55971677497436,15.589771128272316
0,13.243232193481996,13.359269021014722
0,14.757646479097085,15.032394645599146
1,4.534517786084868,22.19236782043406
0,15.481128244878878,14.383206332439729
0,14.424041950876404,14.884604613079278
0,13.717843361742862,15.237898568955107
0,13.97479435675667,14.735718009873175
0,14.942862914060191,13.730568851363445
0,14.179956453706076,13.717232785816686
0,14.60335309291681,13.312628821564958
0,13.600387681552474,14.679026677590363
0,13.488520133645599,13.330919741038327
0,14.568842218917407,13.517808544536635
1,5.188857202256033,24.735814480353305
0,14.876791211697265,15.058372602354254
0,13.89065108578879,13.929116652932898
0,14.782538083002908,15.539348045476148
0,12.9184063386123,15.446892918373502
0,14.650876083076017,14.432242147830934
0,13.645959426181507,13.923610606033138
0,13.251237936353707,14.445585384787458
0,13.386414400780932,15.58680909717286
0,13.227411927409415,14.64179154181951
0,13.856367009392661,15.259535687830462
0,14.650453268792727,14.97390731075154
0,14.41731943425354,14.817175513184337
0,15.412631856261253,13.457216690225016
0,14.492213788422859,13.888203142068086
0,15.939569576336499,14.90822887075884
0,14.836689249327442,16.128153651892696
0,15.253614693752478,14.747857835391793
0,13.480838669872565,14.470502522101036
0,14.612858268945226,16.146498032224642
0,13.647024835736508,14.979560376914067
0,14.891823330470103,13.770869279717086
0,13.207054983313789,14.569940396053198
0,15.41693029437932,14.075398546267461
0,14.593897234374765,15.477431855130789
0,14.429384739538525,15.770556954370829
0,13.359606208829486,14.543087763697596
0,13.487464082109154,15.52416585332168
0,14.209263896551358,14.504840875025618
0,13.994306026568083,14.458070248579613
1,5.633148163288951,21.484867995423766
0,13.658001094212985,14.367364463963565
0,15.132888033961136,15.161141840077791
0,15.924679565755355,15.220777837016133
0,13.003788934757905,14.403667479782127
0,14.83628899288195,15.853164267973119
0,15.765216597559576,16.252922318507647
0,16.148358383827272,15.739143221077914
0,13.906479910935447,15.525633264975754
0,14.640149727122695,14.168634466655645
0,15.133729238331998,15.103273121383616
0,13.364042015761683,14.043252847630027
0,12.977411588066028,15.946450994611729
0,15.198382699802163,16.01674093328125
0,13.500755084740783,15.182042068609269
0,14.036909509652686,15.022362008733122
1,4.303237630087936,24.640940175873737
0,15.22064321814161,14.685610369977477
0,13.973389366551636,15.467129355045559
0,14.267862995690123,16.090358734415023
0,13.723283012834163,14.768364579782132
0,14.685705189377838,16.10224804354093
0,14.410140554681327,15.525551207358625
0,13.97142862591855,14.839450110932374
0,13.037385651944385,15.592210682464891
0,13.220722546483083,15.326254492550827
0,15.863262807225906,15.608653275578282
0,13.839580306723592,14.985884916281835
0,11.88151548366222,16.189990421378727
0,15.318144301656108,14.290777202326355
0,14.901981307809042,16.87501354703462
0,14.497254607467882,14.48799678526345
0,15.297827889436077,15.315155124441162
0,13.672447662532162,15.686670477132312
0,13.711896583052889,15.876787125437248
0,14.624511526007282,15.056577919779876
0,13.43694310527866,14.932659894023514
0,12.158308855456793,15.299496976406605
0,14.630478796187314,16.23010313774858
0,15.063981830593624,15.688362836519998
0,15.184234389626125,16.65746994386748
0,13.322490402769446,13.43397424955509
0,13.305992829041518,15.666022346462483
0,16.51842485787901,15.165561952169583
0,14.773236447278522,14.12503002055063
0,14.744177814681205,16.065278578052336
0,15.298344398347862,15.595572565724119
0,14.145071995874726,13.447225543985615
0,12.6408858109962,15.880394356013035
0,13.473122668986678,15.709942953516261
0,15.538557007619529,14.98995605146192
0,14.128680412273393,14.265661283263787
0,13.909658348990485,13.831767452458767
1,3.8351780544398695,22.89384980221556
0,13.53235887174085,15.56145436760925
0,12.96741284648374,15.784167875227372
0,14.762359504647351,15.797475963026253
0,14.684211174422437,13.844379829345556
0,13.162807389471189,14.537704155796275
0,15.508648933447084,14.623032088830266
0,14.396367702898134,15.198142156149997
0,13.852459155406676,15.407748869586971
0,14.582793857052975,16.534571236254507
0,14.64583218123762,13.874177752196962
0,14.333858325301009,14.631588408147854
0,15.248642826350578,14.773012269001244
0,14.684484292994153,14.031539656174997
0,16.843114734024773,15.2331623406776
0,13.223493222817853,14.166265403103717
0,14.026942853180632,15.270872822678761
0,15.236935586934681,14.549990045576344
0,13.63700800523382,15.237363903568399
0,13.07798244308762,14.429666441290214
0,15.562183889497154,14.43432040621324
0,13.775681825795902,14.588877778847797
0,14.97910666182582,14.829342535809445
0,13.502044424770904,15.425907644407546
0,14.000547007316348,17.135059267109988
0,13.438563143964155,16.05050793701796
0,15.147942445287983,16.09983356270491
0,15.52662976204265,15.827653474929475
0,13.534203613619804,14.44742680508542
0,13.81608632714179,14.112952677748059
0,14.300487313414166,15.331147709180849
0,14.062899353124378,14.671167098944442
0,14.54482053904806,14.104958489758861
0,11.592668981076683,15.003702899839682
0,12.017822566018111,14.748150687405916
0,13.756682378627568,15.960139435467172
0,15.344776960456027,15.793352303443555
0,13.262972583728436,15.442609262749626
0,13.937470312728639,13.32680658310213
0,14.066453892992627,14.134938724680966
0,13.896991490153683,13.886248757409996
0,14.224384965935638,15.219419180723273
0,14.053647088510916,15.086969632319743
1,20.270750260940947,15.0
1,14.72641394867822,7.597281967732178
0,14.791894206415629,14.76228361112151
0,13.408572902790702,13.472556608515845
0,14.048923719538893,16.355010734540937
0,12.951776194055185,15.641343884509142
0,14.210192226461997,15.489318717707812
0,15.137318598636247,17.0409853412157
0,14.168642273679652,14.263681920925585
0,13.987756289221423,15.787735711610422
0,13.976680943991337,14.463895803083304
0,13.660680454058673,13.887545582547785
0,15.265394770145484,15.113171163466612
0,13.447728686493045,15.269104202690833
0,15.353464159102337,15.135731360584083
0,13.961406793869713,15.292845063215557
0,12.104243703237316,15.376127560203297
0,14.741551378959738,13.700623304443212
0,14.50112151408232,14.24395517371911
0,11.998262898087983,15.603368028052301
0,13.906693794645985,17.023332379472038
0,15.017408342405988,14.812482362330103
0,15.050086264208394,15.529286151440306
0,15.176558540159089,15.537885463294213
0,14.85329117601323,15.03974269527413
0,13.645318663490812,17.28558933553664
0,15.16914452502365,15.074705143370535
1,20.97309347144205,5.651512390802874
1,4.94733218657547,22.283071000286363
0,13.897809191984747,15.586151322524097
0,14.414583939073248,15.852236147078763
0,14.013322365030067,14.303608732895345
0,14.522580561923876,14.811617603537144
0,14.563810292322813,13.836716791361312
0,13.506666457795367,13.85064578023727
0,12.879995893773524,13.57303040763161
0,14.498556587995076,15.102957609707074
0,13.825140200663078,16.412972347642164
0,13.586525463501678,15.124428451561355
1,18.854677991418956,8.861093543041566
0,12.167636571161925,15.582304672431654
0,14.538235367439757,14.13902314892369
0,14.429247013818513,14.68500674037949
0,15.91923311832543,15.041963274965019
0,12.999746080072516,14.513062543655622
0,13.279153171179074,14.091329351042894
0,14.729701226199577,14.422703008930016
0,12.890606659965592,15.187521158338106
0,14.826207450929658,13.207139961424737
0,14.217189960696311,15.916332334755994
0,12.89463616241122,14.173196351278165
0,14.183881123677601,14.770496456572277
0,13.460935743644106,15.076731195983449
0,14.157294809965448,15.080015435741885
0,15.262877879978152,15.597466021514478
0,13.47060751884113,14.995138709953364
0,15.031136329929435,15.407357922112913
1,20.60996798478519,10.271947141062428
0,14.081914584263991,14.392752921457616
0,13.964308936237778,14.807107186964366
0,12.530166645472232,15.838959808067408
0,15.082989307934476,14.804057673281918
0,14.17401359438117,15.039199800878752
0,13.252309282836531,14.394912202559551
0,13.560106106007348,15.23340736208756
0,14.054402072280414,14.698893097238997
0,13.83038437788695,15.113450937116381
0,12.823366965344619,14.064539635441365
0,12.566659191334637,15.467660099040618
0,14.137781012638264,14.294301663796642
0,14.757014934198592,15.26520327767269
0,13.445370753604065,14.931736143313664
1,5.1978418859024815,23.02233280605172
0,13.37170420011722,15.087449000382035
0,12.97716893831608,15.188692902818774
0,13.575214381305534,15.73482431891102
0,12.93165795976405,16.494075050852747
0,14.328803520696361,14.529368546363242
0,14.214155551528135,15.949487438230985
1,12.916754600654818,10.880257425111115
0,14.465798669865574,14.738133726205009
0,13.775816720213125,15.128995140086307
0,13.707105280047106,15.004933532507762
0,14.098255073153991,15.294452721510638
0,15.363612268048419,13.634349356642483
0,14.251601389292869,14.136819742368631
0,13.327909134878347,15.13506973769387
0,14.65920041231278,15.244957159953225
0,15.42257860223784,13.737065772387671
0,14.285507981979807,15.682326040526384
0,14.634767385407555,15.457878409148014
0,13.236815980478218,15.040607411752994
0,14.293938266843481,15.775560401975135
0,12.822188552459682,14.457031903187263
0,12.745771125081339,16.02456739111458
0,13.679717551986009,15.509917960457901
0,14.411987566182878,14.622954806280957
0,15.137654422428545,14.774141778414457
0,14.691704145014365,16.727013164384257
0,14.855209592281685,15.82833467810514
0,13.535579353525565,15.582077811905377
0,14.168118105314036,14.134837377716861
0,13.145809876544195,14.980231644547239
0,14.392113861473094,15.317176558583668
0,14.84201929412816,15.255068175351841
0,13.02439586933974,14.446071393910522
0,14.123157020302012,15.191754178856254
0,13.356158176069288,15.551444752710754
0,13.354969269704931,14.812986180121596
0,14.424722469592188,16.01759063789498
0,12.727635541709816,14.09443543401733
0,12.43255683432667,14.978056545164302
0,12.634149609320778,15.178081690426247
0,12.8740575621996,12.71163962144792
0,15.071885707339025,16.12436811475701
0,16.17833426192958,14.501918441546138
0,13.340967179847793,13.716745897536853
0,13.981083032024952,14.58216157893546
0,14.083685469889819,14.357390868373109
0,13.283557944528217,14.739838703841293
0,15.882164569489179,15.875231325443929
0,15.488376940084121,13.72142676753227
0,14.364933020029024,14.644077361682205
0,13.272769208737401,14.39278417105851
0,12.625489569853714,14.57579605186298
0,13.274895336822697,16.12960798267098
0,13.268169807166148,16.070952747496605
0,13.73791761749453,14.888789240484497
0,13.162161267142633,14.433709701987558
0,15.185366169443517,16.09372682499466
0,13.994633628709504,15.675329993018547
0,13.551401858732834,14.564782440739073
0,15.176600848255115,16.04550423181149
0,14.459135842311477,14.194540004043436
0,14.764923537992443,14.36203473126966
0,13.701056039495837,13.91275038923261
0,13.968718820965393,15.699343721022297
0,14.98635797185619,15.10338816086368
0,14.039059220034192,15.660084819426933
0,14.260953051531477,15.114436736889925
0,15.06267901398122,14.375950635273158
0,13.597592616735074,14.952899529311157
0,15.169332480139627,13.650839731469096
0,15.445947029521095,15.29541414992033
0,12.786320224795972,14.47349309541966
0,15.394107567137167,14.109779355804328
0,14.97455069161957,14.665689827950164
0,14.09194022100713,14.531142416966182
0,13.682764129434824,14.52142669125232
0,13.965018605792944,14.41263520191462
0,11.925232189302006,14.710589031808391
0,13.460348380470625,13.403152491887136
0,14.828997641624658,15.08971053466372
0,12.168834097935479,16.594889982401817
0,14.200697221776565,15.794084782526683
0,14.922347639795992,15.806025673711304
0,14.659409305572682,14.665820840078386
0,15.473091446990686,14.90752781550519
0,12.656559910029296,16.12268949610301
0,13.675500752330766,15.703100300750037
0,14.386422223546912,15.005267922642883
0,12.766066705458478,14.589409403722197
0,14.596392211239282,15.063400867935433
0,14.238966323155676,16.073644484975002
0,13.147079829781223,14.944423613232797
0,14.45643829263517,14.69715274832214
0,14.77779246418751,15.405188545187034
0,13.446942278041176,15.844853091824623
0,13.15929051684353,16.463827008985508
0,14.7215518988147,15.325799286955165
0,12.476436568002093,16.116915332308782
0,13.285348239766911,14.3977028676137
0,15.43317670412659,15.47334720472095
0,11.833559985095096,13.952665993111692
0,13.119167908361325,13.781183731066676
0,13.851368515572291,14.353196093226698
0,15.503919167412118,14.76322831211681
0,14.115827187913421,15.25589205532856
0,13.262681047870988,15.641889964706232
0,13.161489112015083,15.692493324873245
0,13.855319674643248,14.891349602629692
0,13.41881237527071,15.041458265714304
0,15.16243417890929,15.90814220201076
0,14.376278746940088,15.086942636896053
0,15.884315621747845,16.345015758020285
0,13.68269485390794,16.004580945151424
0,13.833645618278236,16.24362544909616
0,14.233666087775486,16.08539066468453
0,12.830769692593876,15.38241955890004
0,13.734235685100614,14.737816235412817
0,12.089455231231351,14.313730347307732
0,14.849123225144812,14.503184710202223
0,14.086796874473507,15.042920336770905
0,14.34999349582148,14.996439714561616
0,14.034862055158385,13.726702355140107
0,14.846902912566685,15.755210993144146
0,13.545115794211839,16.174921028759705
0,14.340190071415158,14.76721633548422
0,14.212340413948393,14.250575246508083
0,12.932161813114815,15.169532546589707
0,14.115666331759035,13.156331997294563
0,15.400245962762837,16.187844649501958
0,13.58264448142002,15.31357642416638
0,14.02486406785534,15.219015103275272
0,13.030634453178005,14.218369627504178
0,14.072773087955929,14.700560772404454
0,13.318155322062408,15.113482616453918
0,14.640930235385865,14.296081009287642
0,15.24277212829801,15.89282130459116
0,14.362738459301951,15.503020155751802
0,15.79146545786214,15.435015778778572
0,14.308546947253111,15.12208703905434
0,14.745959536249488,13.80175557867116
0,14.269028194141015,16.39178071379573
0,13.375816030441223,14.989434731660793
0,12.982097694211857,15.896505446695013
0,15.21399314020028,14.895936566442806
0,13.817202452966438,16.190149191381167
0,14.056431624475932,13.635045865699555
0,14.543964259972881,14.627307779882472
0,14.943120474724928,14.87997599723439
0,13.684953566300967,15.49331590945376
1,19.949647296149013,6.813647250385444
0,14.461677667981583,15.337712172735879
0,14.381765735002016,16.004646180256504
0,12.911572597571064,14.626599520855015
0,13.932532337005721,13.71332946438908
0,13.884554545563669,16.640888113895425
0,14.761223371641835,15.520880517275359
0,16.149794935987668,15.172005957466236
0,13.184425328646206,15.43134870173979
0,14.617840010320675,14.077111161635376
0,16.16775756256344,15.383846444030493
0,14.169953140661708,14.333884793105902
0,15.784123305046737,15.16626144322354
0,14.245226807065137,15.0578485239879
0,13.237956799909968,15.65600248262712
0,13.463653806709226,15.059027930724426
0,13.561574495581677,15.557384876907184
0,14.629435622337681,14.810858000144377
0,14.694736483581108,16.21400624384482
0,14.383019264275397,13.977525505589583
0,17.187989360769393,13.889523082529584
0,15.157031299852882,15.136257868903252
0,13.02451897425718,13.423096638175874
0,13.54059851902383,13.646343018119389
0,13.754861869410853,14.577891120352458
0,13.844358002179908,16.174876437498156
0,14.56372072209084,13.75566195200975
0,15.153152412144333,14.172400336000855
0,16.39838754601899,15.118233532781268
0,14.274120576860058,15.316319816366839
0,15.508894754672525,16.394096201109786
0,14.27853421080705,15.522144038359324
0,13.75077715126321,16.095154097229234
0,13.537762769578645,14.743093728789068
0,13.552185054389073,16.290524756964896
0,13.081251711796286,13.811909608940365
0,12.470188473458995,16.262943978065067
0,13.773475657836737,14.70641220005919
0,12.967416008933704,14.365362072422188
0,13.822748142309825,15.211382300790836
0,14.897308830399403,15.857713539318635
0,14.33267696861017,15.63608324631813
0,12.355696634164373,14.513892806191647
0,13.784973151309082,15.012083435486812
0,14.659522364891698,13.53569550965656
0,14.976008736386179,13.80483480134005
0,13.743572151523745,13.86051513569774
0,13.288162776871811,14.168390000340159
0,14.624278185042511,13.914343070777305
0,14.732684782149224,14.530354566557177
0,13.737647893513396,15.07586073186976
1,14.202572304607884,7.006350481498316
0,15.14343859533108,14.28369131414073
0,13.0721690923286,14.043305143798664
0,12.085702648331974,15.12192291908844
0,14.924804061915161,13.863135198816135
0,13.99166074579652,15.651987137154059
0,13.287029285212062,13.842056125632027
1,19.944518220380818,13.570408556385324
0,14.767828665379499,14.529010587463512
0,12.978167164825292,15.339693416912931
0,14.974349296804604,15.751235880228826
0,14.08689303159765,14.140847377123158
0,14.16437719978174,14.051632133399261
0,13.82801370319923,13.29082493583886
0,11.943258561911339,13.838455047987143
0,14.097770106700588,14.241081010038554
0,13.758201125301133,14.481469112147764
0,15.281546308001193,14.877336069153273
0,13.195660818461842,16.02028525538369
0,14.732786722837954,14.672111083617834
0,14.339883801467678,15.716884861846575
0,15.169633662764047,14.695746299342813
0,14.134619084204449,15.819935626490894
1,14.856022265761489,10.202112485517906
0,14.068071947498641,13.665919106295457
0,13.792671072837042,15.09261877317706
0,13.036537991410617,14.929577434022535
0,15.269834824210848,14.675006443968678
1,18.103986198196125,9.54257387050919
0,13.435902382086363,15.673162753028787
0,13.021131036810903,15.352562613403531
0,14.238326911725053,14.829392920506697
0,14.061943758780384,15.380706302060638
0,16.48867844183807,14.16837007236959
0,14.998985798700842,14.289288503941933
0,14.16815962475325,15.714917404024316
0,14.353672015212116,15.780889414703516
1,3.808991869997975,22.678704096453774
0,13.689272270552054,15.534962093357915
0,14.248219916650644,15.530916996960011
0,13.848231794986866,15.466562915382827
0,14.419938855587908,13.343266437295341
0,13.893107943884376,14.477282928153393
0,15.16798564272663,16.048757151743626
0,14.006455903722737,14.310900148537344
0,12.82390057143078,14.358711146568218
0,14.888727071852818,15.167621257869481
0,14.183437536605513,15.567456433077549
0,14.38420989349658,16.408415067368274
0,15.614064593075742,13.520449960186308
0,13.476057416696769,15.690961424472034
0,14.725962354493799,16.07780279861554
0,13.490083543298086,15.82571810789513
0,14.556387305727364,15.595696049748591
0,13.084512718030455,14.173844996540799
0,15.325295761499047,14.763155431405536
0,14.692521510149136,14.701346318613568
0,15.026215699060938,14.819312887278528
1,6.088171355841735,20.46696558208107
0,14.759614408842047,14.854415800031902
0,13.162767803696202,15.00121550549289
0,16.117839279811175,14.994291955690455
0,14.252120687058767,14.974066950220559
0,13.083125785772824,14.209074461125486
0,12.379750040337175,15.517190353538517
0,13.668252298696661,14.432090043032202
0,15.684009384071857,14.694498929272294
0,13.681654580470887,13.967786801502806
0,13.050717775997471,14.355553268871581
0,14.014643172746005,15.11125126008052
0,15.405368176792447,14.386383598315886
0,14.186256340058682,15.822725907022944
0,13.49108645301306,15.640545020675647
0,14.055588125084435,14.099956080064675
0,14.619931669426638,13.041463829936642
0,13.412939114306116,15.574671985173897
0,13.738365549445797,14.619747583787674
0,13.11097932916229,15.00927084981652
0,12.145740959026272,15.406453671759465
1,5.516986539337792,20.24620954940277
0,12.49357329722475,14.32270535109583
0,13.679262005986322,14.642306381599397
0,14.53133419994268,16.073691451754353
0,15.022520365854113,14.713675231701089
0,13.69453008258607,13.732484015482747
0,12.962232881491197,13.636812564698781
1,14.43180872195009,8.109222529461183
0,13.40582834349758,15.344576374687547
0,13.553927491216008,15.379341150404455
0,15.376392129353928,16.129686333114492
0,14.08523282347922,14.866712210198346
0,13.067536768891815,15.103575699045372
0,15.022586237756126,15.559365197427734
0,13.682637535123355,15.171799044629124
0,13.286553491658495,17.224339577019332
0,13.628813244973202,15.778935540405213
0,15.288125521824936,15.325494097004928
0,13.921031673297286,14.933770015580503
0,14.04417981564615,16.89662260003051
0,14.63854787080903,14.608456215955547
0,13.471249718049547,14.662675957111855
1,13.779858186891797,8.644241542839245
0,14.510903028667142,16.124361235448635
0,15.259393891461848,15.287923453669096
0,14.545828070994467,14.802458895682888
0,13.895197447198491,14.76367782731308
0,14.875508234661126,16.847961107069022
0,13.63964807283756,16.2728296769812
1,15.146537233147882,11.529172306059053
0,15.123164259170583,15.356778871399705
0,14.202617976221513,13.045385641641444
0,13.542467671731897,15.16286419051255
0,13.83869765442607,16.317049766094158
0,14.345157429952534,16.374705387003015
0,13.627110324295025,16.672141378296377
0,13.463419681917918,14.04348795129075
0,15.485775970741194,15.335970071181297
0,14.356201760476617,16.124786382384684
0,13.992202534179498,15.723005730104544
0,14.941352289458464,15.265341534848886
0,14.86585589063294,14.867306977089521
0,14.535080711379521,15.31365842390964
0,14.46327095573324,14.463701278244415
0,14.171299463619441,13.99737168496549
0,14.039513433352797,14.36490524066311
0,12.602089962095562,15.184561457509888
0,13.00615314799808,14.316811594325216
0,14.520403434593435,15.117955718848753
0,13.26826065736809,15.878529867194544
0,13.165793190843592,16.043020832097355
0,15.14172788795821,14.807054780477015
0,14.253104745433742,13.159826822939417
0,13.66585210101652,14.928509607320212
0,14.085711569054274,14.478606104204202
0,13.02698298373966,14.059168646830361
0,14.423757530010382,15.131265718333102
0,14.807282795566167,15.187458659726666
0,15.334297517615328,14.910599619260513
0,13.741303982437225,12.357409222410247
0,13.946640214993618,14.122111287504213
0,12.394843838513022,15.091071130271324
0,12.56976009738633,14.617876084481063
0,13.787569071178098,13.429615967601388
0,13.186104460624994,15.831756916606524
0,13.06114849157444,14.83924424979769
0,13.56883308426345,15.273402181489553
0,13.814302458409708,16.0037585385588
0,14.673654529357046,14.073988956878866
0,13.344545761587435,14.219609632523756
0,12.982904750256017,15.673537185449415
0,13.98072906881084,14.36915794947514
0,14.752262453497957,14.983008709462428
0,14.677575804661146,14.434596805227805
0,12.753429006978198,14.061307087001765
0,14.103537129328227,14.655358741954755
0,15.927343895867496,14.702211499783482
0,14.797817578751046,15.297479945252556
0,16.431674810171515,16.804828718522074
0,13.50616574535194,14.983791882795463
0,14.370819726277167,13.255219355332219
0,16.027068924436495,15.909262975504394
0,14.542468674734598,15.253406845204218
0,14.6795308689735,14.493204212663429
0,15.126223531770298,14.968561470827003
0,13.15399258083124,15.770777414490794
0,12.592067794961203,14.5990982310514
0,13.267974925718823,15.76044548889161
0,14.807185847016703,14.380601192137142
0,14.344877926103797,16.561244617480117
0,15.28229574590618,15.711097197275116
0,14.870406276589554,15.419083528160053
0,13.61885090095083,15.492712260419266
0,13.994808835096606,14.359645790278451
0,14.074226288976526,14.92239466818016
0,16.114463154470403,16.372247004435685
0,12.885790393738011,14.756966260352009
0,14.052918774922997,14.804325519575261
0,13.438112034069714,14.960129263272057
0,14.372224079989675,15.544536472955583
0,13.781573755607996,14.06979386403636
0,13.857731858122088,14.642124517669586
0,14.916336343778744,15.786627916659707
0,15.101343822124488,14.481054562755995
0,13.99240510016565,14.83037473441558
0,12.9896667061434,15.71517968068391
0,15.533569255755914,15.27364619025228
0,15.048559891481741,15.658315564574563
0,13.731230904234971,14.968020637077165
0,13.05931311480095,15.132191527717003
0,15.015991183044113,13.535649923253343
0,14.390202860403884,14.7323316044467
0,13.51502775709681,16.988185977035016
0,13.479549999794433,14.262094248261809
0,14.076082583306338,15.166144052146123
0,15.242769498219662,14.951906201004322
0,14.621415460081126,14.949949311983291
1,6.90259783905793,21.28921734324579
0,13.287887369957668,15.787291845134787
0,13.85166573711959,14.798099546885014
0,13.7762264451174,14.009239425462649
0,16.003741239958202,15.296514926754291
0,14.58880036459993,15.547810554197584
0,13.673208361659537,16.625378876880603
0,15.54044707987377,15.713568566867217
0,13.788206219734029,13.068119258666373
0,16.188953503408033,12.923702653241042
0,14.965448224459593,15.019626625258939
0,14.30842420970241,15.472685552955385
0,15.262484699600657,15.059458600768817
0,14.26893733820246,13.642895440039483
0,14.203444087821083,14.414437040912727
0,13.802981989731313,15.731225842832618
0,14.112996913510123,13.43420945990275
0,15.956601079830866,15.402460884984636
0,14.034073374964368,13.69639188224271
0,12.493219073502674,15.324129442505594
0,13.489225817580346,14.27430744764566
0,14.592948391307694,13.509509526972836
0,14.788849378897982,13.367299998268868
0,14.295205252508602,15.063699337919445
0,14.191793839340123,15.2817662502238
0,13.946034949562383,15.922173611072177
0,14.673816099755113,15.886687702667935
0,13.71420684962598,15.205439652824253
0,12.71944749253413,15.073645980440498
0,13.053058248924419,14.951740488966848
0,15.431680083072887,13.883189336248437
0,14.150724159690983,15.866619183364682
0,14.179660512734198,14.195675954041597
0,14.638854348638969,14.445471924028773
0,13.10572932112641,15.801136300079161
0,12.797645685275066,15.91552555361403
0,15.58450815367371,14.340105810705635
0,12.637327550179897,15.19319499749828
0,15.66832904993242,15.95693204484699
0,15.458397471144167,16.52781282535832
0,14.711228056469487,14.776149512909589
0,14.272567256803862,14.617232461447543
0,14.822271701842114,14.864431841717387
0,13.157578114717275,15.07598446825041
0,14.184197219961241,14.516403016816467
0,13.571970555014348,14.669959102034577
0,12.84851984008929,15.066263965860452
0,13.718055369207747,15.63126552030116
0,13.929092058491346,15.236107259592199
0,15.151938992044279,14.819612167137512
0,15.183308632638141,15.65789506326088
0,15.06637797292688,15.762743892395441
0,13.472667315536894,14.015655565911269
0,13.890250980201525,15.457520790841563
0,15.13707697763446,15.76736889055915
0,14.798837589836296,16.2131259112522
0,13.581659928227804,15.619348167618712
0,13.32400215345729,16.017033300913088
0,16.358752142010278,15.470261626513112
0,14.426839418846184,15.538334537335114
0,13.183911005072195,16.03673610454803
0,14.204642361366007,16.275487504949737
0,12.729445838233929,14.438614825966917
0,15.383531601763202,15.080906694930887
0,13.014679779993077,14.280670701139861
0,14.621984057366191,14.631663055154835
0,14.187807095464851,14.89425859574752
0,14.35479025332042,13.143489227789722
0,12.45221501285848,14.886547427041346
0,14.942212906078339,15.545251736782868
0,14.20497962230162,14.139449570957565
0,11.629955813467658,14.233905426624212
0,14.196683516356265,15.292373660267812
0,14.089620353143276,15.35792516003467
0,14.047449695221365,15.055604401070292
0,14.344157401267282,15.613188720163231
0,15.034631835352512,15.391744379367436
0,13.962233629100018,15.329411735699596
0,12.497456975166532,16.155111674791897
0,12.863331735774302,14.790849771751162
0,12.913145290738722,13.984205851011925
0,17.095549734762386,14.153912503759221
0,13.720893981959094,15.433687038243491
0,14.74603781089214,14.889019510858242
0,14.184299267138387,16.423347513273562
0,13.201163655066203,14.950523079204284
0,13.040181409972238,13.650718326148864
0,13.562858725578181,15.751655059486618
0,13.155577376017135,16.15966477347665
0,13.473534222857573,14.511607391063603
0,14.757670388688265,15.853390602646991
0,14.644059093426737,16.0102210334279
0,13.46662630378014,14.069572021244714
0,14.435869047560322,15.555123680022929
0,14.890979179754641,15.558757582596774
0,13.2648556248038,15.0694128630719
0,13.7964437982282,14.448114847343588
0,14.410684830394214,15.882359712358149
0,13.634953578742287,14.970984332084736
0,14.893381645415563,15.268787573681934
0,13.880183948683047,15.08365422291183
0,14.66235930931059,14.796431966242157
0,12.439764985323226,16.20123292088569
0,13.984034387437397,15.108918124397134
0,15.135900005067166,15.514094747328262
0,13.257209845000569,13.761014001196228
0,15.315965867149124,15.644478706769892
0,14.760868622608479,15.620066335328241
0,13.331097784809897,14.524526310274684
0,14.686235412434124,14.072717529694206
0,13.864887876547566,14.937829002530798
0,13.188213565759412,14.499740106910371
0,14.837057150865036,16.643430589283835
0,13.573660123894326,14.404729673767157
0,13.997520185227417,15.814101702498105
0,15.429416067831,14.989510068357829
0,13.734884993547446,15.276396595655742
0,16.089837295445136,14.094202613942066
0,15.378760971923517,16.20400110244066
0,13.382417119730432,13.247001807706273
0,14.588813750492976,14.7295616964603
0,13.555657926080492,15.321094730645221
0,14.122798945912832,14.911099387099009
0,13.95391670223277,14.724366397208698
0,14.036191992960791,15.095690453440884
0,14.19448448506409,14.557054470575967
0,14.087134550382745,15.444053949910364
0,14.335362576074978,15.526556168464152
0,12.83728854191386,15.652351782486365
0,13.538778147164198,15.025169457423468
0,14.485136357772085,15.602850852083884
0,14.89886116363288,15.310718813440017
0,12.981262148870714,13.29298872196385
0,14.641170168233632,15.618500128302836
0,14.65250859464815,15.289090428004855
1,22.4352403333341,7.7001669892542015
0,13.83512849839108,16.104625480009698
0,15.333296209866193,13.659773882151073
0,13.814975358134417,14.055331898596174
0,13.7478205293184,15.43381241319603
0,13.513635187763839,14.682319715681299
0,13.843622410580336,15.488946670036784
0,14.019373068063151,15.754703366383742
0,12.785658764346993,16.61025930737647
0,14.193799197897,15.786778760698978
0,14.411182724023684,13.283902306179815
0,13.817056767111051,14.656692405887767
0,14.327574921177115,15.521616607044686
0,14.080145126027508,16.322242258577663
0,13.397828330198974,14.859138483423749
0,12.88178155657409,15.245603564186085
1,20.517576212393358,5.971187940585657
0,14.277719879325204,15.863895212535475
0,13.895562965959293,15.260424156820399
0,14.519071880076332,16.75872879658044
0,13.31689576419253,15.175843720862684
0,13.94666257128387,13.949272604180697
0,14.694140867335577,16.991730463148457
0,14.128487698453593,14.92054903101413
0,15.008013138909575,15.917440986997544
0,14.04303319181346,14.491060823829427
0,11.90087887786773,16.315030942148947
0,14.463775153362018,15.060573899003245
0,14.679441022433778,16.6042941316923
0,13.920713039347744,14.698798643365086
0,14.834132106297705,13.447828381732421
0,14.712445625097079,14.467755184588098
0,13.473395242520086,14.4179182025631
0,13.007304567438664,14.660797363230401
0,14.47233421233096,14.998920356202554
0,13.688510018589902,13.836027893922424
0,13.240366258520162,15.140870150626037
0,12.974409719295897,14.882539109002728
0,14.279655133357585,16.155645254890096
0,15.002611382831793,15.10724048779016
0,14.106199132779851,15.429955367893278
0,15.622805145431322,15.730209948839791
0,13.312135690733008,14.776648193789
0,14.65668174977954,14.279270922539192
0,13.546148150861002,15.097435471551385
0,13.56195661267949,14.318632166727452
0,13.949676432891684,16.38071604266462
0,14.425692381214873,14.621849226725157
0,13.491029009676367,15.76667778896744
0,13.00284782790565,16.082680252571244
0,13.841872306273615,13.830402173162527
0,14.105635137277993,15.377302638658678
0,13.25155863103971,14.251744535455835
0,15.085042680932943,15.231317159840406
0,14.384521622269348,14.521499107849623
0,13.269306411438794,14.913550749013888
0,13.651583319984667,15.655660929035339
0,15.128259414291417,14.958546485663408
0,14.121651238314518,14.789894891775567
0,14.402236891093793,14.747442905678458
0,13.541188344286972,17.18152867008584
0,14.115204979747372,15.006806474842106
1,13.726785777896561,10.071736491633816
0,13.100901383925395,14.254123046257071
0,13.759346141688782,15.881424024023017
0,14.39665972936392,13.936138848517736
0,13.952727014472618,15.37731359467883
0,14.277382093374355,15.397815724276231
0,14.021110214421896,15.301183684367398
0,13.752291017925204,15.098418978656133
0,14.007150983868614,14.345364004975426
0,13.41223946725617,14.40316786602053
0,13.113105404395167,17.160133335443398
0,14.602617274093603,15.323016867741446
0,14.197633382116676,14.26745515163231
0,12.617573434269618,15.25411034830363
0,15.841742064671829,16.92013777649012
0,14.337315696335862,15.220550297285447
0,14.03397712515157,16.074760521166507
0,13.612067097844392,14.998257141980968
0,12.578983951361506,14.087225602021318
0,14.25354143268511,15.295582949178437
0,13.249112894378024,15.257821473599659
0,15.08906041378023,14.51105105836968
0,13.470821419939604,15.19914779850869
0,14.397068139982288,15.884725737802937
0,13.349427768074438,13.161350388663434
0,14.12132341069232,14.749444932134331
0,14.05310253747726,15.789531339923661
0,14.347617369426041,14.157655514556174
0,14.642815950090151,14.068538868260442
0,13.254687615965917,15.471638406432668
0,12.406731434411519,15.794967269619022
0,13.560952529738056,16.235027281865463
0,13.553063719683362,16.196389669498256
0,15.35285622483598,14.789907113087546
0,14.56682951723172,14.641941706313894
0,14.315831415161119,14.45386893506373
0,15.209333581569975,15.177592343139388
0,14.736138327636064,14.701644136101457
0,12.37963156727624,15.72407152711505
0,15.393818707501751,14.937931620418794
0,13.344150411201314,14.311995594871211
0,14.930641435642961,14.822360804950318
0,14.639026128439342,14.495174991553316
0,14.764298605544289,15.279349319567357
0,14.638387148673644,14.890094118498899
0,12.926747791938306,14.415275229695053
0,14.618850508470107,16.02557754617211
0,15.193806464384142,14.858536103472865
0,14.436800867780939,14.265622188939481
0,14.134599037810503,14.989507546804141
0,13.452910117410443,13.233285192545688
0,14.098266966957484,14.502447763750512
0,15.209463145611345,12.238681564446402
0,13.17989937869945,14.867968872387369
0,14.231075674134336,15.642442939078107
0,14.123059517607805,15.708213550143142
0,14.790996578527471,13.57020178202453
0,14.564476869779087,14.406925872807674
0,13.536252422212973,13.374626975119615
0,15.334969022466025,14.782162477011738
0,13.359247091028154,14.235766809462747
0,14.952908567556317,16.016024237611166
0,15.029664845996178,14.467365734745139
0,14.343212868590598,14.827331086267655
0,15.198123081578125,14.215858037816606
0,14.766458044921245,15.05901204322427
0,14.541501859002983,14.695969219211708
1,6.754305271978645,22.798812325078003
0,14.253469380334067,16.3678890516001
0,14.698843789911264,15.155243257526864
0,14.241455060192648,14.270420237224158
0,14.68477325233029,13.919757697895868
0,14.790363321057773,13.356732193424229
0,14.452596256133534,15.538980773310005
0,14.967991875210544,14.623871952693236
0,13.836058785539933,14.93215486899498
0,14.953673490675675,14.293389176184235
0,15.182535176055982,17.744395318018654
0,12.04808623590334,15.431756956293466
0,13.905361810683033,15.4529144455178
0,14.470436602560415,15.270678438099404
0,14.180707773741865,13.809880793056035
0,16.211181623876747,14.51911873540362
0,12.880131594942268,15.463770696122708
0,13.825064767207007,15.54986683443549
0,14.362063869042883,14.567291690294988
1,23.461339660405645,9.186235891885154
0,13.810363579283106,14.547886379281378
1,5.456532550793872,24.74939302314983
1,6.172085646133661,23.08314403948248
0,13.318379062509447,15.042428090873214
0,14.628926448270093,14.965798801521405
0,13.222042233346315,14.174053324323996
0,14.03249067297875,15.213107757423751
0,13.035912980632506,15.555664874988354
0,15.43556087044772,15.911985204570513
0,12.356080532484315,14.731501589544543
0,13.640836029424598,15.41351285507017
0,14.092695944787115,16.565497123957538
0,13.180497839689846,15.822559459995128
0,13.725822189683551,14.762059397885759
0,14.362540803396918,14.76827613633621
0,13.965621921894222,16.419165844925054
0,14.162068830640797,15.976275131714686
0,14.129723411305363,15.239339720936645
0,15.270744710421226,16.22669532597096
0,13.937175875425055,15.050691831081904
0,12.81290492198349,16.81220829775924
0,13.795405972757234,14.758767135207346
0,12.94846569280058,14.825224334670773
0,14.797171153528618,14.94453858761738
0,14.806853243584849,14.652090759923007
0,13.08750408618813,13.299414222167023
0,13.344581836219241,14.934520577917572
0,14.327328783209275,15.2368777739269
0,14.703823638019202,14.904656823167658
0,13.75175780059951,15.367817464432106
0,14.638362104769605,14.371499753416744
0,15.666350435178387,15.547854860832404
0,14.073793203803934,15.3158184744322
0,13.208850454525901,15.549975091116073
0,15.427869514762019,14.925018880938032
0,14.096945056226833,16.455851683820665
0,13.02688302480493,15.69582582201506
0,13.282389059204249,13.118457891249149
0,15.197113739706975,15.20927288338525
0,15.342576953482515,14.76828498323961
0,14.355637949871525,15.369426631261645
0,14.594304666213823,15.046609217669833
1,15.091144424458447,12.5
0,14.669124206916052,14.303396311094136
0,13.491373505104212,14.151910415636987
0,14.798814350368703,15.61424466726033
0,15.236702141856437,14.976505830141319
0,14.699204918486348,15.156330418184245
0,15.612012333808938,14.30456823364442
0,14.2780282875843,15.620645617249599
0,15.805403788600906,13.696934255802136
0,14.514901395169916,14.650382293008569
0,14.293930771098367,14.405018356108995
0,14.45694795905355,15.838969444970193
0,14.789922729588453,15.037242162760592
0,13.930866028294647,14.135548549263955
0,14.779317573507905,15.619445562213054
0,14.009139761699798,14.119330014836036
0,14.22898501868471,16.545901928359537
0,13.667222157915683,15.581191740116319
0,13.939218608162683,13.87533026280418
0,14.727276829094844,15.216565475194567
0,13.041990307230574,14.423224522848633
1,3.934222566042214,21.89736518646641
0,12.752768644337433,15.100320848465103
0,14.70856393099941,14.155249426739156
0,11.94566510590331,13.585054515806302
0,15.045460694541365,15.230572986469255
0,14.237596342070931,14.974306443228404
0,14.221631769373191,14.409536019283083
0,14.30995161278169,14.708330829103874
0,14.208430190084433,14.91893439096595
0,14.15521951212796,15.482771256961696
0,15.865564341338315,15.482184807658099
0,12.441900253625569,15.577656799272937
0,14.28103392502541,15.165285946304074
0,14.268004105819891,14.946831324136795
0,12.427810435182,15.394691736226278
0,14.119056201635505,13.298144778398495
0,13.554181805565158,16.191458538567645
0,14.232307715093354,15.230358725977514
0,13.307765824881779,14.689061388766673
0,13.441568140088561,15.665955735206477
0,14.996431466225705,15.088520466259899
0,14.600728554519463,16.575107110768304
0,14.451250761809314,16.14240905844781
0,13.935867399002735,14.770797540491582
0,14.980496924999716,15.550270057220413
0,12.948621925771882,16.616481355311823
0,13.616258121646023,15.496080354473609
0,14.559060051551572,14.813663812180547
0,14.502730822054781,15.241655460966884
0,13.937458482371017,15.673555436726334
0,14.822017480405357,14.309801343633795
0,13.067469063648778,15.310576096417222
0,14.09901101023196,16.403000777946833
0,13.294100895232594,14.858371458937594
1,3.8504544677983628,23.665636362694016
0,14.115805888037292,14.9144817108648
0,13.857873710104933,15.013691211918633
0,13.460031516760731,13.750848685963046
0,14.5003068538872,14.919685024469626
0,14.638270433475432,14.781133709774885
0,14.122393270779607,14.341949930966313
0,14.349976398986467,15.927582055033804
0,13.840923837316122,13.360576361681254
0,15.10611068349571,14.966081744327987
0,13.678033368883487,14.182322669506608
0,12.601969621688118,15.17081253915648
0,14.325836520354887,15.856099334070786
0,13.668593696853572,16.51353134469018
0,14.369182818547296,15.531757172898972
0,16.07579224599765,15.788097142892566
0,13.62173018986232,13.997409265481517
0,14.791536589637163,15.561553223358159
0,14.835845131563218,14.54376088206905
0,13.76860490509982,14.845683589405898
0,14.573368973440777,15.58870039325155
0,15.72319857198967,14.155205025833965
0,12.608137974684908,14.521961590957321
0,14.541616609240688,14.91836162345232
0,11.282211343044626,13.71594448417374
0,15.950203902405761,13.990634811139664
0,13.827433430952809,15.875175382741986
0,14.56336641392533,15.519952583060862
0,13.529027287172736,14.73073119050202
0,14.121893011595942,16.410127713977744
0,15.20606898434407,13.636084223726469
0,14.662689480302129,13.672121328971661
0,15.198639428935383,15.46069042450297
0,12.907510047686248,13.42866787673441
0,13.461880809263276,14.048683089632549
0,14.152169764252918,14.740647646916043
0,13.155870770315014,15.708783912335864
0,12.840718777621621,15.341587355696449
0,13.081172712479212,15.05367733694757
0,14.084770076816499,15.847896302341404
0,13.214484612817955,15.774584620159716
0,14.771932139130685,13.793587861219606
0,13.718466913462958,12.801717977700712
0,14.312142239842178,14.652232613835476
0,13.936606755824554,15.986932983399067
0,13.844168478106662,15.670378236792752
0,13.740902706255348,16.03941988295032
0,13.75902295373156,14.301781257834646
0,14.42740126789776,15.751349343141765
0,14.932779531327785,15.880515663712353
0,14.777611958114433,13.659019022885898
0,13.613621503943254,14.792187202050634
0,14.33729226956052,15.846558006880132
0,14.697266550564866,13.442281743466173
0,14.444236464370015,14.310342448096039
0,13.238033673054263,14.112359549697006
0,15.582540108274001,13.463381268740028
0,13.800143262631286,13.413232711572766
0,15.026603112081068,15.482443347144828
0,14.40023666018219,14.543254488567094
0,13.436268252388079,13.768896629819702
0,13.862153908708276,14.961123554024137
0,16.162855897941817,15.349494556492026
0,15.023418978436894,16.151705411141116
0,14.315123992414255,13.64131940797687
0,15.090339726424656,13.460646220815578
0,14.475691989063781,14.109470792153434
0,12.225815803511729,14.498429424696646
0,13.733496731086044,14.324670167488298
0,12.42418975204321,17.151624255798456
0,15.169049014465468,14.30877138049388
0,13.586136817908507,15.251403453786722
0,13.998514311819738,13.521039741830421
0,15.056114067007156,15.782986121839118
0,14.533611974274088,16.105550361358148
0,13.282448108056894,13.734011892001728
0,15.042798153552152,14.56593372016605
0,12.438528780450428,15.21584651483935
0,13.930330183341734,15.248227569595503
0,15.924742928375586,14.909493890746154
0,13.097804857717462,14.485658831143317
0,14.938528958788108,13.787865704047908
0,13.332957465936598,16.31517587876561
0,13.88347795596025,16.400770028034522
0,12.539617932452568,14.428835720079448
0,14.062303510884853,15.489605176973704
0,14.111428355723717,16.750800926364413
0,15.297729540624903,15.792647286080815
0,13.145041474475283,14.259552396702052
0,14.242675749270939,13.591136383000705
0,14.672880676572627,13.730999496501038
0,14.838245595530507,14.937703292853062
0,13.507239396280552,16.573168933667883
0,14.99396271056643,14.12970610621232
0,13.781560516809932,15.850142827847346
0,13.557472006199498,13.914684103556729
0,14.971146036410751,15.798139368278902
0,14.864793196864884,15.00674614808672
0,14.107226024342287,14.0706787837456
0,14.683953432537166,14.794736782184753
0,14.836322620447726,15.207006900634699
0,12.987025430425915,14.305310028082825
0,14.173710583847559,14.93709934855935
0,14.872299238021752,14.665623713766937
0,13.572437411538553,14.348502985597383
0,13.62829603083841,14.612825768604337
0,15.099553965774234,14.970397583178366
0,13.686668985152991,15.894561368745427
0,14.960379876888986,14.448959248416811
0,15.508819227956224,14.870775977894478
0,13.46046384378649,14.581245839056356
0,15.134196921879633,14.67520683405254
0,13.009254984180997,14.608186768725458
0,15.371766568888477,15.976260455265724
0,15.238002013108481,15.610007410739039
0,15.681089919240197,14.343402484335455
0,14.85230386803247,15.956646117087146
0,15.036139963580576,15.245766216364101
0,14.102835946660397,16.10972044784766
0,13.71204560679791,14.726206088897033
0,14.620841927962998,14.385943504223597
0,14.040585322436577,15.451322472271418
0,13.166302525360512,14.368636066785283
0,13.042133820362501,15.359422622199304
0,12.216995509884237,14.318060156874473
0,14.232122225139184,14.544119946546308
0,15.246523213748105,15.838176207202544
0,13.446797390645987,14.65659948337898
0,14.91382743758304,14.449535369327258
0,12.978047271343499,14.873574250118196
0,12.472798213738495,14.42358690446004
0,14.215715438236805,16.367601835438506
0,12.579328095087666,14.207998230378154
0,14.282049388403166,16.23737150797193
1,14.433463164284715,10.130162140108153
0,14.757890957212492,13.732188488024619
0,13.45146713829606,15.957320061654293
0,13.099471085462362,15.676650703672314
0,13.74516857221639,15.980772961657417
0,15.99461486462496,15.611667412874466
0,14.380811441286074,14.177242097445363
0,15.820573561821414,15.713072788985574
0,15.101246317095374,14.10783754136097
1,20.697134727908246,12.377803092070929
0,14.814214055045058,14.801210821031237
0,12.85996141444515,15.199692386716835
0,13.638016801833691,14.388436104555336
0,13.044714340573664,17.073295758023292
0,13.806045159716104,14.972402209147791
0,15.51720488324127,15.722576943725187
0,15.113158897961688,16.99005826240998
0,14.454566236986912,14.455176482499962
0,14.053448714985114,13.820715162685609
0,15.011686939400901,14.073539983603252
0,14.603928349678418,15.146559949908267
0,14.462041877607996,14.924096081534996
0,15.037754322406501,14.528166207432037
0,14.197119718882444,15.150475894698824
0,14.720927179789763,14.403684350028312
0,14.11533790346006,14.647870641901465
0,15.267884273353964,14.890469294303475
0,12.06937464647898,14.844609446626373
0,15.24679758347455,14.513980106497698
0,14.48222531539124,16.23947585450882
0,15.834859687107947,14.904647955698389
0,14.151107430189551,16.079195906969588
0,12.697180256125307,14.455218603520146
0,14.37200673803668,15.326026769286809
0,12.511971610548184,14.613691203207443
0,13.545535132261255,15.566128436245641
0,14.112477907564534,15.56683152827573
0,15.358588370888697,13.765688453838916
0,15.188118631011678,14.355981659328354
0,16.183938777178156,15.507145416662535
0,14.965197036058152,14.875670832455278
0,12.5959583290986,15.026135556725244
0,14.488734035672595,16.02653078124646
0,13.527049250059916,15.57073922347786
0,13.360860165343336,15.049865460933677
0,13.48065950581383,13.885349796065015
0,13.537209388619125,15.167093347878565
0,13.837811291638069,13.476748392763081
0,13.761183306579909,14.830264641606965
0,12.82042642155765,15.370624257122888
0,15.927772496887979,14.893929038372715
0,14.602625344968125,15.682735977680863
0,13.637194979981771,14.313893584403157
0,14.440128331902661,15.101249129934816
0,14.7050190595861,15.557641362531085
0,15.606337047672818,12.975098198238697
0,12.718058885129706,14.28626893634485
0,14.611855339949154,13.821417908202665
0,13.231237132116707,14.769454361133347
0,14.007863110699608,15.459902390231976
0,13.117218893964615,13.833665463594823
0,14.370745545180602,15.842512669686819
0,15.7815943257782,16.74711539317104
0,14.1341664699278,14.863575110196683
0,12.526059945729344,14.336506085427743
0,13.454519126335386,15.066397161521301
0,13.701228153263434,14.624308743858972
0,14.36289834981882,14.827741433936195
0,13.096442720782171,13.396852643001145
0,14.409812834889216,14.998675766054436
0,16.04011132839855,15.405692339711484
0,15.245053858752014,15.034570700982053
0,12.986824267238177,14.998975850751261
0,14.038070173692713,15.28358885278892
0,13.551652975760552,16.143285370278278
0,13.714422000192465,14.886223498738511
0,13.520100289128465,14.757785595176047
0,14.06340615878614,15.811515627537176
0,12.395189567691716,14.069454368137622
0,15.325539525959101,13.30137328913763
0,13.851554438147284,16.03387042757411
0,15.022882579427483,14.341091005441436
0,13.228527887165193,14.730196071791852
0,13.793760018838258,16.108913303347684
0,14.977793081582249,15.391182121990353
0,13.750094395086144,16.97649860537924
0,12.99572371054409,15.427432689606636
0,14.657419965885053,13.893104277587646
0,14.503810551889869,15.254911854925309
0,14.162938730861242,15.128057247485328
0,14.841995912986253,14.302964068901401
0,15.537762313359657,15.826954469273712
0,12.518397550544888,14.427741060544868
0,14.941202226298676,15.33630117057956
0,13.33817683312544,15.665463821657823
0,14.771324264225585,13.827491529616397
0,13.17865052589681,13.806642102384082
0,15.209355896521892,15.549608615657263
0,15.065004408997606,15.219799019811571
0,14.778895402077495,13.976624708131187
0,14.0661623099743,14.93703312376312
0,13.052455558791454,13.72895656535449
0,14.009578342331782,14.20213910307604
0,13.907916983948043,15.862132375105123
0,15.894057530167453,16.053965124650336
0,12.847101615982872,14.512937064647211
0,14.237197815840853,15.261745077653408
0,12.9535501221,13.74116925783645
0,15.924027080665415,15.177835472004348
0,13.389935836651203,15.668933055004043
0,12.526404303109876,13.61267808455369
0,14.284684220597455,17.030670841170465
0,13.336653230062286,14.208727244068934
1,14.758207170492398,9.82561904823107
0,12.840473610670896,13.343012501600414
0,16.519295628959547,15.177499512165216
0,12.7687573649403,14.222630481130533
0,14.4762270949858,13.43462850273215
0,13.338263158753746,15.197457712331094
0,14.44254870463526,14.375629705137763
0,13.79738861468278,14.409934093256613
0,14.294953893937688,14.79457469461883
0,14.653522577860047,14.105869739454459
0,14.83773148849675,15.222980297105154
0,14.75480192352069,14.292705330763445
0,12.267469053538974,13.711625811524906
0,12.824992495326036,14.659721941399846
0,12.603153868310295,15.059466959433452
0,14.398912078270447,15.454570081368288
0,14.114396661104692,15.287456254327964
0,13.943020321568039,13.845870307491733
0,12.678397101694866,14.854841045015924
0,13.63389149446178,14.591924549271955
0,14.30235801618201,15.153460535636583
0,14.514961909869571,14.583787141461032
0,13.97768938782426,14.918853354956383
0,14.779403544987861,14.038315744311769
0,14.270234204052262,16.81992583178974
0,12.671125958274144,16.00956928251428
0,14.524073171291363,15.466860463826759
0,13.280093283612054,14.610415018950368
0,13.672094508880766,15.88226384134851
0,14.210079720940103,13.447942626442705
0,15.054629739655457,14.139143238440903
0,13.374338668214477,14.765872222341791
0,14.37465969805554,14.662366721729422
0,14.447106420128646,15.05247317913062
0,13.788558756047921,14.08615567730499
0,13.001193979103283,15.011952989576676
1,6.317383779974367,24.345547313509645
0,13.789349457540913,14.220020982027734
0,13.421655522662366,16.062809036444364
0,13.16228336631562,15.980009380812788
0,14.482820838579137,14.049182321663169
0,14.377795100734511,15.120175776956316
0,13.2864699013856,16.39849938382778
0,13.651058110204723,14.517406760376176
0,13.067411533831432,16.226422355041784
0,13.592634398907567,15.78525967901693
0,14.261461742338009,16.106130728529443
1,21.127357921703638,11.983520971646609
0,14.729303312321099,17.699562617997696
0,12.074335405953011,15.019093459491094
0,13.35448839684336,14.71699510073513
0,14.489492969002558,15.58433388196992
0,14.078119999564429,16.273162866963414
0,14.569329812305636,13.898083045083972
0,15.00248530556507,14.875434135048431
0,14.74947937270861,15.997191578889355
0,14.326404410509278,16.177972002826017
0,14.42493714796986,14.323022595646023
0,13.805788215197415,14.754900786982452
0,14.65794376586216,16.4890493223383
0,13.442755143453333,15.112531661330767
0,14.497000133433442,15.205646542952326
0,14.84480843498822,15.428496066061722
0,12.52092601189274,14.215896616803049
0,14.94818706194095,15.553474907774763
0,13.424346014785796,16.15375446235083
0,14.170683047373847,15.886533520074444
0,14.071598073366577,14.957822424281668
0,15.050550762251529,15.305303092128147
0,13.438547141310156,15.218419855585354
0,14.709730688965637,14.937350685981917
0,15.02868506900625,13.968525032802926
0,14.730530419104777,15.784911022736003
0,13.780420453314376,14.026383710030846
0,14.598770601385635,14.715879859762
0,14.38305631754654,14.264051581559531
0,13.915484920905959,13.806155500564968
0,14.635872220844883,15.464768026164876
0,13.772429456572755,14.01708482968487
0,12.708665128453887,16.40768347076612
0,14.18785212157111,15.747763092003503
0,13.162768243365353,15.291708440661909
0,13.708209599136225,14.177842991713085
0,15.122403226650215,14.332170945096198
0,14.787778816932287,15.788980356098357
0,13.764747689627072,14.107363994083382
0,13.48982707941579,13.878957746750222
0,13.351751881561402,15.461131795914548
0,13.823205719561408,15.043436977045566
0,13.480383175538735,15.024399177691736
0,14.673059542495432,15.318223680589108
0,14.868571285778298,14.824234318176359
0,13.989516997866762,14.127533754317387
0,14.206170820182932,15.391890538882915
0,13.840492905348043,13.585171575739412
0,13.548176735443368,14.586822090871468
0,15.519076873626089,15.592016998150145
0,13.134346741298538,13.593344815781286
0,14.03538403380901,14.70313095800554
0,14.593607176900846,14.924105238064115
0,14.042102468202106,15.095781741199852
0,11.66879323941689,15.489595642101586
0,14.74601059370665,16.004772735836582
0,13.970306749048339,14.619347644744524
0,14.278624288473894,15.264449079216464
0,13.083851817082293,14.836536403201787
0,14.841024916266774,15.111063844496746
0,13.951612120735374,16.13174007598943
0,14.842765391042478,16.368781235475705
0,12.814688445508168,16.22165583042976
1,4.74361377978222,22.833534721209016
0,14.536619919485354,15.590698848065102
0,13.851868350947166,14.358925652754454
0,15.42098578342171,14.186641850995363
0,14.132658172532269,13.962455195067289
0,14.208666177972553,14.737810842791449
0,14.281968093213328,15.039940261999664
0,14.856368525344969,16.387050739304037
0,14.477584054475479,15.497767577070123
0,14.441559964502126,15.577607136807007
0,15.358593988611668,16.29956772157754
0,13.423683434604428,16.23729893190777
0,14.753965074086274,14.545790102713319
0,13.822603286878305,13.696552952751288
0,14.25889849887235,14.559235388545405
0,14.433541750389674,14.775871215772526
0,11.810711029549822,16.25688619026958
0,14.621785928720213,15.065243033229676
0,12.502931122175989,15.208457260155972
0,13.988646530769765,14.034772071985799
0,15.726624249218048,16.379546321755786
0,14.068423783617135,15.828599254550449
0,13.75508448587164,15.831018744288611
0,14.173814546371839,15.030071128905536
0,14.708807945586363,15.364961838721799
0,13.037589799197624,16.590860764766063
0,13.749943759351066,15.383773013009014
0,15.605996148563168,13.684546343866174
0,15.21415252111357,15.72310897204616
0,13.397507770077011,15.214163203607113
0,14.972077906203051,16.169273754216544
0,13.634706261884794,15.781522760961405
0,15.684018424154045,15.563565033451402
0,14.331062047864325,14.953338707206381
0,14.20697359008199,14.904477843844173
0,14.125727664208211,16.21855471673967
0,15.31609497020367,14.998489960050325
0,14.114962705122421,14.004777775916114
0,14.932290662142844,14.201109523452049
0,13.073631705190063,15.262692882104364
0,14.445444691911673,14.850028419392569
0,12.84006349246141,15.211352410253635
0,14.49019667104318,15.036966854477878
1,5.631328869672404,24.60813330910643
0,12.960891852572622,15.298812681237711
0,15.088169118458822,14.761565550970644
0,12.851383476342132,15.050636026405366
0,14.661088508713005,13.696438406441724
0,13.89843671956156,14.10338594144467
0,14.359138148019518,15.19164123688858
0,13.631621480370372,14.84085225547001
0,13.923983892471831,15.652334869221498
0,15.305174689882916,15.428615280261376
0,13.58737467090167,15.366601052532953
0,14.435985817172066,15.083027297352976
0,14.232833133838401,15.514366678909623
0,14.63349240739993,14.681865901873783
0,14.519848881652509,15.523428390925634
0,15.127093485544329,16.31103428589993
0,15.019089099501446,15.783843898686971
0,14.203959283961803,14.233482299675746
0,14.099464407528206,14.06603075795053
0,14.174023497227216,15.76894838135439
0,14.913637285979068,14.610232166975802
0,14.063434430545621,14.608480938501717
0,13.650497386999193,13.712432286532799
0,14.535864888478258,15.132981297710584
0,13.603630624110254,15.156975372341098
1,4.664431564921394,22.882154962225716
0,13.51661187562556,15.81537482181625
0,13.057351963475504,16.312457198374968
0,14.355712026015283,14.045956585165097
0,15.138810764959848,15.846328309504457
0,14.483484858642875,16.39571376991283
0,14.457398169645446,15.35983375407627
0,14.521185306164242,14.807391955580654
0,13.56196970733221,16.484533227537373
0,13.060506426484894,15.837385160490058
0,14.64970033128332,14.43049065404098
0,12.963828104727463,16.17561601837379
0,14.480963299864532,14.666114661354102
0,14.686215297876473,13.60635776521806
0,13.153323249194017,13.14711193928977
0,13.911684523459304,15.354447763366748
0,13.474961342625198,15.912036814943603
0,15.509032762377576,14.70873396754089
0,13.829073796555873,15.239000098886983
0,13.586336505612943,15.598691071041582
0,12.78886158337176,15.296269956228713
0,12.77907099891715,13.919352610767254
0,14.263551294353123,15.509130393537532
0,13.738799882110746,14.293282667779435
0,13.357090896781148,16.281681000050725
0,14.695358542819797,14.897311810765958
1,13.504641002026135,7.564625136425521
0,14.58750575953567,13.438901026220933
0,13.706045313668843,15.294025690771058
0,11.991870149880139,13.522603548100054
0,14.764373347007282,14.480568579881773
0,12.79674170863374,15.307896776620622
0,14.094856048304958,15.671943770761217
0,13.644086338109894,15.120592417477718
0,14.212473754443668,14.927864924566185
0,11.710049449877328,13.938172911997173
0,14.187707763502495,15.598289379905296
0,14.0572695397164,15.563171731897706
0,13.852360707012187,15.571671029186337
0,12.925704791858653,14.293842804358299
0,14.087459048634908,15.826032647058515
0,14.378716103007596,15.622331862527853
0,13.369530192181841,16.112270693876955
0,15.826819855160716,15.027891311834654
0,15.350526230378806,13.69220568306817
0,13.599519146944003,14.388847894581142
0,13.579553646476214,15.379467346681857
0,13.219036067824401,14.196835393865316
0,13.30533196153312,15.035969883390779
0,13.577357452147055,13.875697254820501
0,14.327547450289702,14.843182184058461
0,13.539650967713834,14.917859617384362
0,14.103017750682017,15.639132504698514
0,15.124457551338494,16.409956728332993
0,12.963642944584572,15.115890448069525
1,3.20638478319625,24.699597662649207
0,16.093068589605878,14.541706072705532
0,13.84526808207088,14.403833461986194
0,14.341686620027213,16.58202071462822
0,13.886967649505793,14.685732034980758
0,13.183882421428077,15.813297388210357
0,13.017470327416351,14.331635966684331
0,14.66271642679562,14.783285457943133
0,12.804321189074884,15.187721886974773
0,13.40817201714628,14.665273340823651
0,14.16519929161568,14.726937347250397
0,14.491071734534906,14.772944487536602
0,13.739901516951672,15.06251759783077
0,14.770952869248212,15.194126922877608
0,13.469534214195347,14.21113323795463
0,13.526582458455318,13.756105734576508
0,13.157626999284664,14.700018643338192
0,15.12051281863187,15.170776156451689
0,14.40927942868202,13.85899604601433
0,14.694106836047824,14.273422999941694
0,16.311106905962493,14.747552539950583
0,12.819823211769858,15.218733807108741
0,13.953374766702318,16.218386354006135
0,14.36081718920247,14.472943136553145
0,13.726150716640063,14.844799033153949
0,14.739092354359304,14.992927602967576
0,12.763134774100926,15.420362107058915
0,14.228714272323158,15.203480156123087
0,13.707338546688714,15.202715821088116
0,12.050962817792223,13.084469032770224
0,13.351045689912464,14.75358971705242
0,13.854734831596215,15.194591067324742
0,14.253089902201221,15.725193885881108
0,13.795467289749157,13.074678287821781
0,13.899861599218294,14.39285236833615
0,13.782100486650087,16.559619574044653
0,14.380970511573928,15.432981339977285
0,13.857800380763997,14.48688386517546
0,13.976657043028482,15.46822392855377
0,14.048245531821626,15.926023857790701
0,13.066008408219867,15.713999450411901
0,14.337288061799544,15.531979293549377
0,15.526840915754754,13.542554844196436
0,15.369000621859069,14.917935035525984
0,14.062766344537854,14.387576753752654
0,13.355544689892817,14.615598753325033
0,15.092263977157328,14.810696661365041
0,13.15731974300173,14.004240879818594
0,13.24513849403465,15.532360046478043
0,14.061647353986809,15.316165240543416
0,13.853580231033195,14.864362047216543
0,13.376459959097613,16.02845937821874
0,11.733137397950177,15.99090373852041
0,14.169985187593664,14.782849879216664
0,16.365566165422145,15.89338416218
0,13.78198963756089,15.484007012284966
0,15.128290808276581,13.742437072421078
0,13.070906684028952,15.994652109767124
0,13.891975024459684,14.363675050800664
0,13.875972023150286,15.347908777413151
0,13.685405865395186,15.344007867156996
0,13.978340956628903,14.70523417835148
0,14.620958338726227,15.499482965903729
0,12.21946116950139,15.278918175176868
1,13.366116580248638,9.550700275084216
1,15.084061339442023,10.119325671057481
0,13.45164003397963,16.65907220150737
0,15.53150598131125,16.3061955965903
0,13.161019154131168,15.380274087421421
0,12.452342902783045,15.363234824525518
0,16.554048969943082,15.7357666162277
0,14.179386378325693,15.375394071173972
0,14.143814179960758,14.566947211277991
0,14.859329571185205,15.316014829967914
0,14.740429286033994,15.138263915118563
0,14.299835586532597,15.758457243331476
0,13.818523889702314,14.819474252502992
0,13.136154414425325,14.692529288724344
0,13.5485285830958,14.510872749970034
0,16.198068441100798,15.193920155233979
1,4.899483641229755,21.774668905973147
0,15.344228538765734,15.016666994582543
0,14.482308882288812,15.769973011316461
0,14.143550485059068,16.544447834886235
1,14.1498706708632,10.179299050931098
0,13.798144797591789,13.769480834463174
0,13.60583080500316,15.2850406942764
0,14.025672754307807,14.184313665046425
0,13.312366158869123,16.248068999792462
0,13.584770045110373,14.007829219405519
0,13.183674280481663,14.765825748187066
1,4.990334121294259,22.396262219865072
0,15.386734182774322,16.196867389934237
0,14.344552814822634,16.215344113946646
0,12.756884105228993,15.688413758051203
0,14.300670238656945,15.147088647941402
0,14.44365446667859,14.436789314407044
0,13.524952396299728,14.430767793854578
0,12.841607710814728,15.772608813132297
0,13.519861346135231,15.362962514193654
0,15.311952406155315,13.611723120141676
0,13.857128757535373,15.79293972903136
0,11.958918777552249,14.352929043942932
1,14.854595496301569,7.328623708328196
0,14.136867437716496,15.965211220123372
0,12.394404314448705,14.6570520879689
0,13.904916847881166,15.300403556491084
0,14.336048107934765,14.54832549922041
0,15.302177266327199,13.780157399230664
0,14.576111926306734,16.296439441486758
0,14.14032977397358,16.86111791412749
0,12.693399776852603,14.922183939791713
0,13.597446506879058,15.00181387491722
1,13.904463529290538,7.1383403632266855
0,13.498766809021333,15.629538353000067
0,15.02536842689499,15.357440637873877
0,13.787919226649974,14.78661858277292
0,12.7179668226758,16.036682260737262
0,15.55069931894572,14.724993685209528
0,13.354282167562012,15.837704591757344
0,14.270309422987387,13.298700876640805
0,15.313125489471359,14.831620604171517
0,13.557019068475862,14.139796824781254
0,14.728165951676885,15.436841264802824
0,14.572277735731019,16.95658976436113
0,15.973854775594013,15.285254789807594
0,13.68753676761273,15.469678349852718
0,14.673281230306936,15.153720950562656
0,14.357210735578395,13.621609057385582
0,12.240862321867583,16.73117421829907
0,13.743429576544093,15.512046957482823
0,14.933565500539563,14.007449543042146
0,14.298468222969495,15.05321262783393
0,14.417928532659573,15.460273982510836
0,13.963730663114239,15.350022486343292
0,12.645286811900396,15.400443799400875
0,14.449108022250204,13.900612260463856
0,13.76011130850389,14.832860597130356
0,14.046856225839097,13.360685223814851
0,14.001376949982276,15.102843312269156
0,15.264130142713103,15.606030507970045
0,15.696432634878978,14.249658517268259
0,14.393970095540828,14.126156639173939
0,14.265413249982894,14.356891778003005
0,15.18243949335793,15.674013201062849
0,13.583644053644472,15.21754335435438
0,15.129184434051325,17.040276330441344
0,14.721845642057344,14.539126563260467
0,14.377335974069375,14.646876194224275
0,13.28613599080203,14.90187209560069
0,12.526883890699152,14.675677555103356
0,14.950170487032583,13.419655915089841
0,14.706162984397507,12.590907732792367
0,14.45235830045749,15.296405463510508
1,14.942289702921594,8.79517324317373
1,12.445226897946762,10.121737116836965
0,13.661388461257062,15.294347909437747
0,14.493827348749004,13.679831588467215
0,14.166898853101598,14.411996352572414
0,12.56987700375139,15.871653567898429
0,13.838334980762028,15.05897695640173
0,14.132423985002756,14.290524808561804
0,13.973365709552448,15.837727965900498
0,12.619565375085271,15.259249691922316
0,15.12434362409105,14.834101319873044
0,14.65668828254095,15.248737784582186
0,13.63006611172451,17.028934739126875
0,14.782185832936417,14.767077036590246
0,15.036317323157698,13.82998208041862
0,14.267044434207461,15.223469563546404
0,14.164157404790668,14.726263086821632
0,14.665899132932331,13.10265565539923
0,13.586309187943096,15.616683760007778
1,12.56070643842177,9.148466865705574
0,13.877811792524978,14.288773433301415
0,14.268580659085467,15.192490378065086
0,12.932535780333428,15.712314731143481
0,14.519176451091937,15.449111426392987
0,13.504142298992814,15.354902202900739
0,14.048630714493259,14.385867499356289
0,14.600284887846147,14.803340016109567
0,12.608511126407945,15.740354679997681
0,13.562646212443976,13.402150089596075
0,13.985638417477286,15.324837823151165
0,12.597849096527842,15.646642306937208
1,20.79367759268328,8.411119404777855
0,14.40055846367547,14.995992451891377
0,13.364350051276022,15.590915685769845
0,14.411172768988793,14.770134436342213
0,15.36123130272649,14.308227211772763
0,12.788056880233734,15.098326075358992
0,14.052008493276565,15.744543941569132
0,13.703343238759723,14.194746978583014
0,13.040677674675528,14.02415710339145
0,13.279837148174735,15.172642116489142
0,12.568500001932525,14.051322876930703
0,12.86255111162055,15.985788404097617
0,14.415112744378833,15.033351733674497
0,15.551266255127295,16.30889530245725
0,14.391188113047356,16.695199288114075
0,15.029481698271281,14.869103520640893
0,15.026726050162338,15.682271275598172
0,15.390513120752331,13.654177428802276
0,15.171990636951127,15.180094454556684
0,13.503330325501482,16.35730077430207
0,14.260478480886274,13.94745151750261
0,13.948493553350787,16.007640495179174
0,14.758664797075934,15.897405608155507
1,19.96184812488941,7.786849256847367
0,13.759118495346195,15.322117056721426
0,13.789184725363844,14.623215952650863
1,13.177881907528258,9.703727380063025
0,12.726835829504303,14.650488094405837
0,14.167589385025622,15.050317572408197
0,15.738986358511784,14.876950654171107
0,14.87941739604446,14.349176442520596
0,12.375452532377874,14.126514724459174
0,13.636610373707516,16.594512612245655
0,14.513276056061349,16.065583536718655
0,12.997673338066539,15.215639781387393
0,12.913831084597405,15.526717975626969
0,13.937713377806347,15.812315718330913
0,13.614168842916014,14.309340402924358
0,14.232889660308587,15.933236114536811
0,13.47294109670551,15.087092308065243
0,14.383489363951908,13.694198934299788
0,13.757136836187085,14.288369699065278
0,13.488002834972892,15.770326374353532
0,15.478115229708944,15.397782480739076
0,14.774242762598012,15.31585152846072
0,13.113430558683843,15.264523420374882
0,13.80968982815735,14.569598093167027
0,12.926338614913243,15.427004212894015
0,14.202322961042702,14.987617179887678
0,15.039224973217491,15.330203486660059
0,15.314076061976118,15.300090095520815
0,14.187460365434282,15.31224606197193
0,15.576959437876468,13.741956409619268
0,13.814838977698301,12.842086075708547
0,14.387196551896272,15.050748034532852
0,15.641537577826924,14.176520697434427
1,18.6250122187273,11.124523117010705
0,15.083862976900669,14.260632942680814
0,14.146497640132086,15.052199130326711
0,14.71999608647926,15.885907869052287
0,14.349815887554032,14.913675893116983
0,14.67834140491611,14.965363866057436
0,13.609129228301276,14.628205254347797
0,13.893142066640257,13.032216513463812
0,14.46393562326566,15.635933466841482
0,15.527168157551866,15.675589787581604
0,14.75312107402156,15.296621390202136
0,13.184828498405581,14.795420378473416
0,14.857833823258618,14.059561420220977
0,13.219814331599187,15.57239802303033
0,13.787795349366217,15.700142466389956
0,14.16114249533223,14.058263856152813
0,15.430775062775302,14.102285319257755
0,14.335120215340494,14.518368484839216
0,15.975141871075,14.472492578410485
0,13.085866384658024,14.873856007138553
0,13.173335973574215,14.958546873919468
0,15.327298823962114,16.013120952565437
0,13.40001862744655,15.03588121589022
0,14.892394030172854,14.404792572176301
0,14.222350702229505,14.777836047741566
0,13.6226138519982,16.037613262940177
1,5.076366091604702,20.241333048265165
0,15.049407858331854,17.29106769182685
0,12.619599981357165,15.339188238487862
0,14.364035315120606,14.894174648414806
0,15.249326346703892,14.561103306304034
0,13.427687572117385,14.40004751763936
0,14.079638601859147,14.719161302896037
0,13.321615151115157,13.964904911180266
0,14.822589471898015,15.332583304816207
0,14.938788042983152,15.659176809029418
0,13.827946338575044,14.540553953339773
0,13.557026666386328,14.605343111880234
0,15.137897453958667,13.914322932871798
0,14.662849326157307,15.782305111260735
0,13.150080908782307,15.02138743557344
0,14.955179107135393,13.59035084487031
0,13.270760024913452,13.747778942368928
0,14.620712557457578,15.49694672235278
0,13.23015789628571,14.164161381630178
0,14.757856387483564,14.416397964209592
0,15.091723322421204,16.12055484471683
0,14.030130623379327,13.80570256082455
0,13.581264320231353,15.339317891678704
0,13.179937604167364,13.598277727809217
0,13.993956806508669,15.121583570937021
0,12.683584654952261,15.221839947931162
0,15.770205989561706,14.525312575787353
0,12.92478997755803,14.512163474365279
1,23.674819620902007,5.398283208018897
0,12.702900359123046,15.178634581068602
0,13.926270524370622,15.52776294848228
0,11.788105455090147,14.679506922500215
0,13.871695601213336,14.880455359552982
0,14.100190620737292,16.220501203255193
0,15.534116430808544,14.187888175316639
0,12.745059449570828,14.429993995281109
0,15.318998499978113,13.211677482646397
0,14.104979793563915,14.042469145563409
0,13.072331828167755,13.419307763459381
0,14.054840846449167,14.837608782733705
0,15.686987347698784,14.327009023454073
0,14.261757219125506,15.519693674387804
0,14.203583423136246,15.997980878147219
0,14.700111881807231,15.199169764312954
0,14.225188889717161,15.096381925211293
0,12.724870393388521,16.537906744217
0,13.545077056667333,14.54479425494116
0,14.925847302033914,14.457133568582249
0,13.917612195854476,15.575584652695087
0,13.409969600335325,16.40356991750015
0,13.705559004058413,16.73469705102527
0,14.595470833323699,14.983532095807993
0,13.165447486549832,15.133600338938086
0,11.845295028094707,14.995823600142641
0,13.72080841485718,14.563331547551421
0,15.013515857037245,14.03352540998727
0,12.943623287941175,16.536557052906137
1,25.664753844870337,13.202943033245228
0,13.748901791842933,13.764313481461102
0,15.41097619097331,15.952914061501579
0,14.735633462726145,15.096970252411266
0,14.97441590866871,13.622366700775178
0,13.2618777165731,15.141400421520318
0,13.484873558599496,15.483860418907426
0,14.62819608512093,16.432833750657903
0,15.534139696729099,14.404064341330638
0,13.835976499187412,14.174036286946466
0,12.999246411196548,14.995563552110687
0,14.931846225822344,14.357771360441165
0,14.698196558054974,14.022866062132078
0,16.028213762188596,15.360939532456369
0,14.662924549350919,14.879972777647705
0,13.398528879434117,14.844311007115472
0,14.02756860466536,14.596345563212237
0,14.147007604447461,14.369597706333979
0,13.259437538202192,14.430272337352228
0,14.328186231914726,14.207415265946539
0,14.442705392325587,15.488401025827542
0,14.317943734949532,15.418740254711672
0,14.943819773449954,15.764674344663671
0,14.410879065335287,13.637397978989691
0,14.32687499627538,15.445503854207443
0,15.360926410746407,14.534379636465204
0,15.176600744971276,14.682326251187307
0,13.993209611770066,14.596809628761697
0,14.528354688308038,13.757411713821446
0,14.035125023022406,14.037250670305221
0,12.7085735442472,15.02483647626454
0,13.709618241751485,14.880579454664536
0,13.602938585646925,14.389379101164694
0,13.377155294973095,15.773347399105795
0,14.412900364266264,14.779537826519364
0,15.349431530510271,14.725067233251737
0,15.522428644267306,13.874178641152698
0,13.068727885067897,16.99920228290589
0,14.728707507459774,14.955382326115927
0,14.369648073793186,14.938621074130072
0,14.013517501856311,16.456382878089624
0,14.413814854328821,15.16406727397262
0,15.187414679146208,15.101642772601139
0,14.183448168622705,14.732824585272363
0,13.550315153344204,15.930552014821835
0,14.807889182317334,15.44725714523292
0,13.814078462439543,13.43707946157468
0,12.342987068125405,14.25508864452778
0,14.162198321074877,13.843404903180254
0,15.304513405051644,14.78989321349471
0,12.660018489011538,15.731009497126449
0,14.776989897740153,15.265880082215315
0,13.625926989085398,15.30658612986364
0,13.627710830438968,14.53374312476569
0,13.359644297303985,14.476522524476302
0,13.865470114613855,15.701029630763673
0,14.09376500424552,13.559369005495615
0,14.041477630253329,15.054459047208471
0,13.947356908409967,15.307697168979738
0,12.303930524052298,15.990318970024505
0,13.37841259232705,13.97545091721995
0,12.901902798038115,14.5690622423034
0,13.333236251804914,13.741474618289521
0,16.886298880368663,15.251918789473217
0,13.4870611546187,14.592477608066924
0,14.659019439723656,13.770646324613635
0,11.911468754081799,15.401605472644055
0,14.727149901076203,15.618362845022968
0,13.677823011601959,14.020394365501216
0,14.200678021671003,16.271819678843272
0,15.44568498682468,14.531438088214868
0,13.382567463028623,14.601879339053498
0,15.56247678059927,15.437529016017647
0,13.890820526238027,13.56341437331168
0,13.657089818597218,16.44815817593377
0,15.12668982483747,16.251803145525376
1,6.048148889137824,25.313766097642954
0,13.323595997619941,16.19662137623294
0,15.20168312095822,15.784122595230015
0,13.71907320888685,15.429829737245516
0,13.503003482150515,15.752194741728774
0,13.153369771363494,14.259614475632585
0,15.528655713859038,14.67939187133733
0,13.993106547435389,14.805960113777687
0,13.857699207911477,14.333849844606798
0,13.697032444050826,15.262269300173298
0,14.04435381526179,13.75453361605993
0,14.522032584028455,15.839675738282567
0,13.475215976527725,14.875480806317684
0,13.364293664578314,14.029963469273296
0,15.864789850179426,13.736803390280459
0,13.790804520832202,15.744216072088415
0,14.643310791943433,13.819100824107126
0,14.580395180255618,14.529549691104743
0,13.111682143136765,16.476888625102642
0,15.16490863991716,16.107435706980958
0,12.858977035417306,14.886106973571426
0,14.765132412938259,15.07535480040922
0,12.821091060424319,14.965997423461593
0,14.562002417202491,16.41261301423416
0,13.679518619568011,14.344661771917632
0,13.400842571742729,14.426085587339557
0,15.049865665315528,15.374729169318975
0,13.511334592025666,14.827165381749284
0,13.03757528322589,14.350458597411114
0,14.861677262481379,14.347023590265628
0,13.191778077235975,15.868214422325392
0,14.461219398211245,14.48142889719724
0,14.449502183065823,14.607439061743229
1,14.36176883979498,8.64678797651144
0,13.268088881730968,13.890774983546407
0,15.316605469759336,15.32447278066799
0,13.365593561185687,16.179386904530922
0,13.077828480107623,13.703112131256443
0,13.008111672448583,15.816510712000056
0,14.269934254521013,15.676281903663863
1,13.989317941946277,10.36140298608848
0,13.773424754877155,12.688018016594095
0,14.285918660566466,14.964891233502103
0,12.57735280290762,15.235952521750367
0,14.577215408547598,15.37769469599138
0,13.960550646244888,13.998343461095756
0,14.953865980599458,15.543699679050771
0,15.250695627314395,14.671319572910168
0,14.774317971503855,15.35665684855725
0,14.316371879707871,15.386673698463154
0,14.007805018003038,14.31868778712965
0,14.739829049049181,14.18248590818122
0,14.872491806452631,17.165262410934517
0,13.728912314496007,16.460008042941595
0,14.023682319413803,16.588770740756566
0,13.854620247757532,14.237243226224535
0,13.971155085738214,15.545909161744202
0,14.16710991455795,14.457128422805457
0,14.812431773116913,14.892869536799534
0,14.415696174639766,14.853534713411078
0,13.944898787167883,16.711502115441654
0,14.26793304655155,14.578606971158774
0,13.724592836960682,15.594052474109915
0,12.078002808202292,15.505821970299607
0,12.493179236887975,14.622056722931228
0,13.884526822138737,15.412290557415389
0,14.508314294226965,15.4573187002739
0,15.907047936481671,15.186293567401044
0,13.550815492285205,15.115764431053746
0,12.74967434613226,15.163853264642652
0,13.614549471407617,14.921197351769743
0,13.337892548438104,15.239317916479855
0,15.353020168267028,14.486131055039333
0,12.23048312018727,14.127667548139183
0,12.584032164402338,16.21225562829977
0,13.687554220207515,15.015073374706068
0,14.841427124611961,14.321563409256376
0,13.91786329829305,14.677949121390148
0,14.791910427385108,14.872330977421099
0,14.48538704974093,15.469407892380731
0,14.616174481988127,15.437786234085975
0,14.982254963452107,13.676948339092533
0,13.922314557272458,15.0070316017497
0,13.202461273142909,14.833020717514572
0,14.62349296485681,16.200224990697293
0,14.295300738877923,14.696980019065077
0,15.447125617509755,16.009722068694078
0,14.777870372950574,16.57869484295199
0,12.48343398385596,15.308448114974022
0,13.37262235164757,12.622419847848121
0,12.830509917198182,14.90973088522175
0,13.973409226667675,16.05712925835506
0,15.067468200263777,15.09683373334978
0,13.702502314845361,13.430006191194739
0,14.114180076668632,16.194589072540918
0,12.903895024658857,14.447127367549612
0,13.725605735394847,14.463018185100593
0,14.823315648308213,15.107241324571726
0,13.015050596440739,15.509334728363678
0,14.170031362701419,14.14073997083328
0,14.037327028992276,16.339342889156075
0,15.56871488583669,16.083898269798937
0,14.808543234445795,14.631341906909377
0,13.53701177676312,15.929677344400103
0,13.126819712273296,14.311347834884623
0,14.215285808907797,15.884389713053116
0,12.800182447690705,13.212677158643482
0,12.077327839132073,14.667599848844219
0,13.57962229062723,15.322498027452259
0,13.623817086979402,15.940743033469868
1,14.772179171786762,9.15782892811943
0,14.036353486293395,14.55592485016165
0,14.033439258312159,16.196093915093854
0,14.875231024457078,15.870128771616649
0,14.454780092165368,15.399370691170011
0,13.747629198993266,15.748671384066446
0,14.656392938344984,14.450765478951931
0,15.23969112371134,14.721454230298152
0,12.501157817603257,14.12347029206053
0,12.61095873021743,13.494537377759812
1,19.126769690437477,11.135146515412266
0,13.031368183071418,13.943073660624783
0,13.463319748822983,15.652597547207343
0,15.405693512673556,14.301471923210944
0,13.491167896883969,15.808287359268506
0,14.444025062807874,15.278074933134572
0,11.791124655956814,15.546793215969693
0,12.138264157613921,15.569988397725956
0,15.82225809699582,14.504387517721941
0,13.608496205958897,13.84261203040954
0,14.872213109008399,14.475295386708964
0,14.629913623292971,14.678742721089652
0,12.2349094863979,13.877659144603596
0,14.364972705727222,16.403876572932543
0,14.802464607847165,15.089961621820112
0,14.171544114692077,14.624575517967699
0,13.366160360168099,15.248972763566194
0,13.945123458968745,15.18132269988426
0,13.951454755580446,13.974204070448456
0,14.472202142973234,13.987493663729895
0,12.675687230168036,15.898183802018323
0,14.297430363889879,16.150861100367514
0,14.441560024566918,16.320186587421894
0,14.028722493598604,15.325452607844811
0,11.620658740656353,13.601087936614366
0,13.799805587712468,13.923792622990966
0,14.431881571993918,15.821275197472897
0,13.146990792584138,15.069442915284865
0,14.722408120111735,15.001751470470946
0,14.091487391081685,14.768494719392818
0,13.483242055295122,14.94203487390262
0,13.085519211985186,15.81905981092692
0,16.387883382411054,13.946794741617683
0,13.323037085436528,14.729040073373326
0,12.547303796584195,14.770793472407268
0,15.204622887114848,14.57551238560971
0,13.75124461884041,15.83849903461921
0,13.382048186798901,15.947329147004046
0,13.908174005254226,12.691250929851506
0,14.894014207083263,15.183379343325521
0,13.353906076402799,14.813699893396961
0,16.033651680938544,13.374542891967643
0,16.080045868543408,15.057920792605035
0,13.111128634756762,16.86272933876194
0,12.89101929198404,15.073835654116396
0,14.25595907908483,15.259450499944368
0,13.571709978028364,14.42493021092887
0,12.830395049573612,15.20892656616754
0,15.280975544292572,15.511414960291132
0,14.970523796476636,15.373839620116472
0,14.566575658777147,16.00660400648846
0,13.526700656922877,14.870719051135065
0,14.019910031126123,13.93444591386844
0,13.26727452207997,14.99082863135779
0,15.445593493736373,15.600068794111095
0,15.098653233785843,14.404619448055435
0,14.061835910527535,14.741916214149215
0,13.603849004888595,14.862681693280669
0,15.028869966416117,16.73120745175785
0,15.053024153703081,16.178703398437612
0,13.698713998786836,14.457266954633623
0,15.59634670867565,14.202873804381701
1,20.202465620761213,12.728961184992869
0,13.477240854720293,15.295280795851887
0,13.782849256985047,13.97239646642251
0,11.71029196292861,16.111189351376478
0,13.496073618338784,15.777461136345504
0,14.08619678940049,16.385727553648444
0,13.747231515912498,13.483983809100343
0,15.283949002004256,14.868851534257269
0,13.772312995623867,14.739410993783006
0,15.79843544653994,13.87622829148799
0,14.19428753243075,14.868987311790884
0,13.73625296663755,14.00314156659793
0,15.463333539183068,15.221636734735922
0,14.456195511779866,14.400642583532743
0,14.136787819563072,13.849880732541326
0,13.87224603700245,14.3675815294254
0,14.116421551969754,14.58248113133053
0,13.891412048626977,14.066188881386552
0,14.69222011201775,14.720249368978944
0,15.236082626820803,16.539794381921713
0,13.025154267849153,14.77994639122584
0,15.26407278827441,15.504319006640804
0,14.519915295313101,15.131613455624112
0,12.400300403536452,15.89003563329622
0,13.854431647277568,15.783974279754093
0,13.674785483188117,16.72828198690583
0,15.120872252243542,13.78436103253865
0,14.444834111495611,14.956221873076592
0,15.078780541919972,13.90026475969639
0,12.942355376007036,16.30160679539132
0,14.495558579701683,13.901622761487642
0,14.244366268356552,16.199276892269893
0,14.137877894911663,14.871753138567925
0,15.029222440675017,14.894202073878457
0,12.551326724275347,14.915867833094326
0,14.21425657072746,16.637619498161495
0,14.93325551197545,15.724458917695307
0,12.935689645212923,15.455280985814301
0,13.807989949080282,15.269060139816045
0,14.239110335473832,14.660698638809356
0,14.109634213507778,15.08640263612022
0,13.475568214472323,14.119383074281902
0,14.640752218547666,15.130918099953293
0,13.481475699882905,15.471864401300872
0,13.043258817562943,14.357319038493339
0,15.238869124211256,15.665801381769235
0,14.810085497586336,14.829219374796779
0,15.313020327790325,13.761520256257283
0,14.24753324292973,14.603347817586943
0,15.301051450515995,14.155510209243866
0,14.718847658459195,14.318995206585498
0,14.355410584675667,16.12363194776499
0,13.472719576416445,15.167422639006874
0,13.642346422404625,13.775044555617402
0,13.782066761063552,16.291169658778916
0,14.166668071288802,16.259784426330764
0,15.060134850223974,15.052381484808723
0,13.214070369778469,15.934971037309719
1,5.967250291912563,24.839254493760123
0,14.491962911581426,14.778519999767205
0,13.55503014166089,14.366738867579986
0,13.972327115744768,16.649497265220464
0,12.105115510080623,14.514334237266024
0,13.984133599171516,16.709724328114177
0,15.349191912838384,16.007292144317447
0,14.58061705222658,14.453270888396961
0,13.942016136050539,13.586043163829132
0,13.781592620737495,15.497871918540723
0,14.534640893874263,15.394341376187546
0,14.864636367485822,14.016132542132677
0,12.769853634250692,15.149803478137514
0,14.697600094989443,15.084495075088615
0,15.174707737800873,15.666372848072145
0,14.414503598492542,16.376044854808757
0,13.979099849671067,16.19634334247181
0,13.826185694351622,14.235622944221983
0,12.49270170680877,14.624207916489603
0,15.422370916594216,14.630834115589616
0,13.019364549704148,14.035586224653994
0,14.688708739457015,14.973261395928064
0,14.606119841985958,15.847477790573
0,13.136809656210366,16.229699900022876
1,5.113526542394967,20.94293621173017
0,14.564885064855423,16.874458734000743
0,13.872642228341382,14.523129355247697
0,15.433860528726004,15.725980504333393
0,14.592571401639772,16.823362231142138
0,14.12841522873154,16.53607110088344
0,13.64563400560369,13.934237523476193
0,14.975364061494076,16.35240867463856
0,15.088161093013147,14.27393600784211
0,14.030906007140999,15.540677882766355
0,13.887849315923104,16.14900298569806
0,14.632764387565341,14.740318480074627
0,14.127698061381471,15.531152006020823
0,13.9366676813454,14.685071687576102
0,14.389247741825757,14.761931876272502
0,14.364805050192023,14.801248638525948
0,14.103343546999572,15.457246794985123
0,13.898443261782544,14.84824164923916
0,14.347974482832583,15.173020728786705
0,14.135695966233198,15.425663938307602
0,14.430915365391606,14.398196946238748
0,13.535874874606133,14.748599002928167
0,11.985542818034995,14.398801546043524
0,13.528420914723165,15.607036553595195
0,14.187086066573839,15.844868671856617
0,14.505107061597226,14.349602231585319
0,13.684495229713228,15.848212723161533
0,12.010064849619237,15.433824396645726
0,12.127855886995246,14.24555877462904
0,14.549242525967836,13.8857760362398
0,14.731045848354546,15.896838769216956
0,13.308190683312546,14.627015475542015
0,13.162192348397292,13.028699291091932
0,14.963820313578157,14.47437532967653
0,14.783143835700939,14.3455148546372
0,14.357227799890941,16.878630038341978
0,13.79841557821987,14.528974103920886
0,15.323117018248176,14.924530093842824
0,14.232006929645408,15.854110455909993
0,11.918100451867986,14.767952541058744
0,13.778164572739113,16.389729862310418
0,13.754259702037313,16.21919909470064
0,13.638533419396362,15.485475666464783
0,13.45556837260115,14.725794965918285
0,14.442264275494182,15.547232747699875
0,12.987050978576065,15.767099081778193
0,13.423816423384485,14.422144479326743
0,13.83266147348786,14.365259573143527
0,14.039294688622617,14.614925649392212
0,13.940324077151688,15.118607880280617
0,13.666341312507026,13.844520767943198
0,12.41696448124263,13.888435912240768
0,13.439586243329636,15.7393060735923
0,15.570205561019716,15.678411713144463
0,14.318347184051323,15.21018681818054
0,15.089012346229369,14.868493144353362
0,14.823333591701196,16.690340997826098
0,13.538836060422913,15.285985895012157
0,13.845021588554104,17.358619519815964
0,14.641231189341301,16.295345801579654
0,14.071693946183792,15.874614508681224
0,12.655452900470758,14.341715380694279
0,13.390894906505292,16.426510170786386
0,14.098608041422157,14.44135874649322
0,13.875649932390399,14.064097130582375
0,14.41302117287502,16.378412326968746
0,12.861095639331987,14.400374373663748
0,13.295574487829134,15.3735581052167
0,13.712309086824387,14.54703456100004
0,13.356463290933696,15.805020095997655
0,12.511559099287417,14.02572468840014
0,13.914757863988813,13.684651894168258
0,12.822632165460838,16.113753146203898
0,14.033920154064155,15.84765691896413
0,15.33571845035922,14.62824381457046
0,14.16271027973773,15.253267321821227
0,14.56223510927785,14.67852268689693
0,14.466354001767868,15.601206356117062
0,14.16917014501224,13.887872003799364
0,14.095923678661931,13.675614810603282
0,14.43240731554179,15.892721219342656
0,12.32421519014118,15.432388384886835
0,13.428536962440527,16.06720135983096
0,15.293505252915619,14.963076672098591
0,14.494311256399964,15.123437378991738
0,14.793992119936707,15.922879662410418
0,15.604177058922204,13.05654256381607
0,13.698504410949168,14.486142495342259
0,14.896712039125058,15.290690232600387
0,13.510721987196284,14.887766961526756
0,14.39313609934948,15.16477078342213
0,13.70963090208498,16.062040356158242
0,14.967556202617892,14.928988605452828
0,14.457467068533841,15.017457279714995
0,14.28519884332837,15.584859901319065
0,15.38699245670001,14.304987228931251
0,14.12393358084835,14.367534381406823
0,13.098234157110882,15.859476962907662
0,13.778871505579128,15.17667122063234
0,12.199810164293131,13.943259720225248
0,13.30256293063678,16.08763559571839
0,14.664125890804405,13.408976204294692
0,13.462327634955106,15.154233837946164
0,14.0638286586365,15.232992209868254
0,15.72609165999529,15.65995677719994
0,13.55508455843636,14.936539139784095
0,14.705375623807809,15.093553145911866
0,13.992056499723693,14.98750272015851
0,13.81763638020247,15.352843349196565
0,14.906971821781044,14.098325495351334
0,12.530534438550083,15.29843313245386
1,20.48307978224568,11.991933865060872
0,12.72608917636819,15.738153208712015
0,15.57545273868085,15.81839858099471
0,14.196212983610481,15.957669388192764
0,13.78201013104081,13.882376827085471
0,15.151136345511091,14.096760154261428
0,14.050663866002285,15.34766111227024
0,15.096309325926704,15.247942994078157
0,14.609448705846336,14.36084159711242
0,13.570766862413933,14.788109586042452
0,15.470556818572712,14.001045309482254
0,13.95748480244099,14.790949667163884
0,13.8396155417781,15.209036481353332
1,21.261417414859178,11.721014935512033
0,12.923795698953676,14.573456777289616
0,14.204714077732614,15.394678018393037
0,14.056247320494517,16.804111646403587
0,14.010518835546286,15.0101155325103
0,14.114064201298062,15.453447340179562
0,14.11865688230947,16.151942895604922
0,15.580115094567956,15.991796019363449
0,13.23715831218638,14.71615463050052
1,5.590493001194188,25.2522726799022
0,15.240279413867585,14.4808336715762
0,15.433778830558392,16.140492536911914
0,14.9076134957628,15.035801213405257
0,14.85074230885012,14.613771525432965
0,14.85979263332262,12.801709933695305
0,14.299161593412096,14.999785096217568
0,14.720971088627977,15.554814849168856
0,14.027043000037885,14.479268411146036
0,16.551025232346834,15.900523246214084
0,14.817953295431055,14.623398521302944
0,14.725920662696433,14.940251391098583
0,14.389986915302872,15.22624423452309
0,13.828651524185055,15.168099677272377
0,12.4283213129428,15.25506053102229
0,14.225567016630082,14.936564077439467
0,13.814767332070828,14.436439350991131
0,14.061839159931175,15.69284681767585
0,15.157182716371473,13.746096633244168
0,12.497396742212995,15.600875078769448
0,14.314788940674253,15.048087204098712
0,13.22632960651019,15.060635617960424
0,14.307278125953367,14.791763959765532
0,12.919494467381192,14.959996738055244
0,13.115143829022154,14.889046890733251
0,14.806631682945008,14.419785726181615
0,12.54060721541095,16.776956637331338
0,13.794667591544526,14.096893454372841
0,14.705076438459871,16.516805859400137
1,20.552545776085253,9.512373975352544
0,13.634882801523363,15.113293627208959
0,14.168846507854003,15.720693549209601
0,14.132577382923339,14.921052230630886
0,14.366741113024815,16.297614059212968
0,14.477701082794573,14.373934532216628
0,14.826087506648465,13.57572115831937
0,14.53891266003778,16.211051992486134
0,13.671802129562645,14.515984856457578
0,14.507885468715909,14.665022759162321
0,13.296070392918047,14.972017483154804
0,14.443276872856757,15.004002770377479
0,13.369168342583947,15.936719504390933
0,14.683514517369733,15.106780636627052
0,13.592117766322183,15.113398698148062
0,14.26246228550757,14.053099091681467
0,13.683508055966575,15.270065894977233
0,14.346161569007885,15.102867666216783
0,14.543738207906665,14.42283583083903
0,13.744892867412291,15.313671881361572
0,13.89429882303963,14.915437514805843
0,13.396452277920762,15.181632314558362
0,13.941402269079047,15.325866157354657
0,14.028755605453775,15.82883321101492
0,15.387449843266946,15.52960891630049
1,3.6466752768490096,25.692959103281492
0,14.051807408988331,14.303710080896453
0,12.958238103934072,15.916341788831708
0,14.989359401335475,14.359427901170545
0,15.56928895510248,15.492048833950923
0,13.695626943463042,15.380514142757816
0,15.276862224389978,14.69888169632025
1,15.751226231858382,10.113703584439754
0,12.8477311698345,15.128651170533209
0,14.4987849763393,14.544762996852947
0,15.30999212284516,16.55214034904034
0,15.67771119400245,14.371388435567694
0,11.804077495010265,15.823665046712762
0,14.07174645101751,16.276372573427814
0,15.303914072091342,14.369810177848846
0,14.640522618942594,15.475429315109409
0,15.580420130068372,15.179490925589182
0,14.201172257848413,15.171448814754175
0,12.53844160446563,15.429853831383888
0,14.039896727035599,16.417512993250927
0,13.479860022160263,14.902755823638037
0,15.59750818155091,15.33511171237118
0,14.988449905662712,14.649771172468949
0,14.897840037259144,15.821025783786896
0,13.308635244975342,16.876148650611142
0,13.38945958325247,14.816407568068144
0,16.164319741271512,15.093292811066037
0,14.401865318642352,13.662014850249196
0,14.53191639990656,15.302069611774455
1,13.698467372225327,6.759739922470821
0,14.863580926341026,13.543285119605176
1,8.006159195208799,26.45526621145428
0,12.515234769519253,14.810489110398043
0,15.712502136954877,15.980623023400362
0,13.207346460991502,14.609650168775476
0,14.348505909275387,14.715861980180536
0,13.964437576993646,15.374429849757174
0,13.305479121783566,16.428745487568058
0,12.763247914992615,14.85411875267849
0,12.755179322681009,15.563787004871191
0,14.615742771551185,13.635081746047108
0,13.463318821817573,13.81886093424447
0,14.57062052041426,15.934129913481335
0,12.92589059501756,14.425738304254205
0,12.88596094378561,16.819601348431817
0,13.99141159656501,15.787483125744341
0,14.869718873413415,15.328542428049397
0,15.400041690810653,15.640040367534008
0,14.018825418357439,15.00435669702396
0,14.688240068958276,15.786575890920764
0,15.290559163198484,13.313050207735145
0,14.263517346087315,13.945238042288894
0,15.228728302243336,14.489503991070206
0,13.757207371341632,14.971640038400006
0,14.409996005578659,15.506977891499812
0,14.186532227085792,14.999988840432225
0,14.795149286192588,16.89969074428242
0,13.875077082742392,13.265620642146981
0,13.487608187387272,14.058916743923543
0,14.8823178581118,16.0290375949361
0,13.748633055202536,15.686076805780905
0,15.12333290246767,15.115535388094164
0,13.952304136322267,15.380493393688441
0,15.286294993442016,15.172472319171552
0,12.858780042002124,14.896243817379608
0,12.602865021192574,15.440529205998141
0,13.851967814373575,14.715426868826192
0,13.620776348133694,15.452745906264818
0,13.695553170099473,16.235475604600644
0,13.49390652367335,15.860099101857106
0,15.008452702932953,14.974781222361768
0,13.99730484894416,15.526129802463096
0,12.878578105351965,13.93865051597971
0,14.414685040298155,14.837420378027703
0,15.269178130655504,14.383000125179207
0,14.223698302823703,15.933760042038944
0,15.911627321381335,14.777619378601315
0,14.868517110339582,13.753501743308286
0,14.158249710423156,15.400107341136541
0,13.980624291910043,15.139984645650241
0,15.03520152717018,16.19853594413779
0,13.185882602065474,13.994087399554381
0,14.944334337078594,14.533027865628183
0,14.150190668506495,13.964096605034415
0,15.248202954779504,14.895383763203942
0,13.373983675921304,14.065491944182824
0,14.841026176722961,15.16846256455265
0,15.032233515746285,14.02502214926236
0,13.820043435118864,13.05031967140133
0,13.94470695404488,15.50168362351622
0,14.425275084547627,14.453809542501507
0,14.000986588279293,15.069798032861442
0,14.368552102161134,15.926135699845089
0,13.871839319147448,14.81216316614832
0,13.070634813342505,15.94212910987198
0,12.684813087725523,15.357797631876517
0,13.367270570434176,14.205803311901143
0,12.902799430259034,15.561428607806809
0,14.227612618370184,14.679972052645352
0,12.506518381781099,15.139709227647717
0,12.14436926837942,14.70074235531693
0,13.581361199837803,15.909097475507437
0,12.820666675696907,15.441038553332147
0,15.065029884408295,14.182693068098567
0,13.635036080768986,15.438200300373664
0,15.192856351310597,15.43019212240024
0,14.354559381427842,15.675548311509766
0,14.860988106676851,14.74383522309075
0,15.001275991704048,15.029964033687449
0,12.990367077876002,14.789149502803275
0,14.516904055656319,15.355457497590473
0,13.135004799240711,14.418904832504953
0,13.944821325226712,15.997614933612914
0,14.913509461442647,15.61901125736254
0,14.247066371362125,14.932984386729123
0,13.881224044205938,14.717354515226328
0,14.55072326243583,14.645776291490124
0,13.174402394835061,15.629698184365159
1,13.296827961994284,9.388412543443774
0,13.553404158073521,14.800954314685246
0,15.912715074038882,14.981186014132748
0,13.965186811225216,15.54786238890688
0,14.120314296427866,15.018343476412605
0,14.679909767025231,14.218077189987026
0,13.754060878113552,14.372521767425027
0,13.158232416182694,15.266097396682268
0,13.982522534228721,15.976981159998365
0,13.114705739701154,14.320421778184766
1,5.8329066104783065,20.771220109195475
0,12.260082286959936,16.710551119926116
0,13.385694018156618,15.186925398536086
0,14.98962588833341,15.33871889087371
0,14.534080462636599,15.554030161561954
0,15.621071022595816,15.135671036586304
0,14.03298116786085,15.14066096639105
0,14.487018172248822,16.628120288119835
0,13.484267296799821,13.210499946390195
0,14.880763892861388,16.09266683876765
0,14.696413095363724,15.452265064400404
0,14.584490148888788,15.378122013046976
0,14.519135810428581,15.191490409980046
0,15.309106717430499,14.855645363086243
0,14.996168702873476,14.405368526199439
0,15.64607432649954,15.893611791001764
0,14.233031047007833,14.490078761982106
0,13.842595120228374,14.489987819212978
0,13.849811529619267,15.599051275886783
0,13.055185785810497,15.183026112289756
0,13.264810845070198,15.33568485948922
0,15.685799293995004,13.179745205768544
0,14.740830277539825,14.617206151554536
0,15.53100612598329,13.315398446521701
0,13.054545671518824,15.71207222798904
0,15.002127160990678,15.215819790716695
0,14.104630826638115,13.565518698802476
0,13.308252521383437,13.971462520133098
0,13.369146921892568,14.75314137806337
0,14.86934228577238,15.27922629272685
0,13.940003972541627,13.089261743250542
0,12.635107542364809,14.633254515399068
0,13.915385641511092,14.532622289970318
0,12.94852360656142,14.445102396156887
0,14.414669607465981,13.949504039852714
0,14.194174977865929,15.322670995987224
0,12.469471193586346,16.552324630796008
0,14.215592270141773,14.18994429658369
0,13.13129250587165,15.674502545964579
0,14.72706167282127,13.692975012092958
0,13.429262456704098,16.153692821126455
0,14.83373067428928,16.58121913243515
0,12.589981468693718,15.030238101589385
0,13.936041836991699,15.770813240090849
0,14.50455123555818,15.103565144147868
0,15.329515068287268,15.894955268169067
0,14.761086401851164,15.163994553216892
0,12.712277456481754,15.743550220064845
0,13.84788745069465,15.483917973099528
0,15.393412854359799,13.888697962993247
0,12.31074484531121,14.854509077229848
0,13.527599548887988,14.621694515219934
0,14.148421959553636,14.817545997491797
0,14.310795238110735,15.975508296574512
0,16.041537180040322,15.516269146334015
0,13.639883986329007,14.620238250563025
0,13.929605642859787,14.556242332068171
0,12.403122608692824,14.602801535865074
0,13.93953877070625,13.1954385423589
0,14.970291897103587,14.796992767299999
0,13.912386575642815,15.240994134204998
0,14.851801256119959,15.634109986742114
0,13.852462091806496,16.232069719005334
0,15.391608495999446,15.407706443152447
0,15.64306594395177,14.82644450338125
0,12.366163663408768,15.496933050842978
0,14.880213387477347,13.229874291810258
0,15.405469608835212,15.580418317696841
0,14.555980795983615,14.901663478131209
1,13.56236263486561,8.165413032313117
0,14.527312570593828,16.520936881085326
0,15.090027721482175,15.807673862608997
0,12.194884848392837,15.295450420574042
0,12.923573202016843,14.397600057923515
0,12.657165922048328,15.797065285921793
0,13.21867179478066,15.560229259102512
0,13.745218176284073,15.120996418633336
0,15.374139563609805,14.722229619458755
0,13.491355460009796,13.967559055841797
0,13.655143677716055,14.356582490102062
0,15.07008365278166,15.907325032796331
0,13.264427489923241,14.206007438033476
0,15.599637658106786,16.085169668615706
0,14.037733261960316,14.72057335549785
0,14.366409818780328,13.281317102913686
0,14.693565653079883,15.046815522361891
0,14.042816536738606,15.005457705919254
0,15.144101820024254,14.04580433301766
0,13.208444031756626,14.27197820679817
0,13.24360244327455,15.20004840781598
0,14.499910928150564,15.543404651207199
0,15.165413905739754,16.24443148416429
0,13.804402778358023,15.28241080475442
0,12.891173964811957,15.409683816817566
0,13.660534699331134,14.257796058988294
0,13.45001909920412,14.182125849271394
0,13.389344953122468,13.431175965208025
0,13.32485473904831,14.96055802946132
0,14.055995459133287,14.937539437743565
0,13.682588437684634,15.088948634327007
0,13.704956492858097,15.70689802998353
0,13.189287054819541,16.16407810664418
0,14.376926994469995,14.158911686608095
0,15.775157520750366,15.272859853208862
0,15.062708078145933,15.125712406472969
0,13.419013296184303,15.59163163387836
0,13.52648434405669,15.477483350981798
0,13.566614889680714,14.199351141980898
0,11.912587331254494,15.277082812594118
0,14.400713631891797,15.038990133323091
0,13.274668250900602,15.547593104311364
0,14.909952521792633,14.68953830979383
0,13.13935340993719,14.746714301100704
0,13.412076468422889,13.480222799275623
0,14.493212440896912,14.227924996827443
0,12.433709302683077,15.61996075580014
0,14.679080966002067,15.705706986812661
0,13.726513544691983,16.48547341722247
0,15.651906753310088,15.269500631726368
0,14.587089392374395,15.19182316399543
0,14.31544844611333,14.18981149364072
0,14.59103081500485,15.94596381565811
0,12.236504043871896,14.749380255832737
0,13.672033352738307,15.036637345267494
0,12.00934400465557,15.454310648642927
0,16.920552616358037,16.082744244542717
0,14.44418510365318,15.599620407643068
0,14.606371924323609,14.29001669626012
0,14.071353447105865,14.429977976240247
0,14.447421963123878,13.954649587522374
0,15.421088944255402,15.671232998732878
0,13.143675839957817,15.279148562112782
0,15.098155154292307,14.346076636759351
0,14.461264520006235,15.240513098662761
0,13.22158096331267,14.36305835744968
0,13.743937520184593,15.850232412123344
0,14.006366866119574,15.109488183907727
0,12.972734819319069,15.100900370375381
0,13.801092727376956,14.373046707306367
0,13.285960283887842,14.038521205172632
0,13.36286311077822,16.220088662967925
0,15.125283316042038,14.019766381639629
0,14.352598414548984,14.362111781936088
0,15.765963457632036,15.044160053970877
0,13.378414690294548,15.194969187461918
0,14.089444612275251,16.144786022834115
0,15.169664014870817,15.27286155648681
0,14.057455692593175,14.646678949138748
0,14.633584679817247,15.306290494200008
0,13.670107609792444,14.197752005051283
0,14.4441450004171,15.490254193572191
0,14.026415251546123,15.781514764587332
0,14.766069310899736,15.178824988268968
0,13.16515456726165,14.73288697131221
0,13.46068322318819,14.075182154666718
0,12.83642740582733,14.44024882301746
0,12.37189222099024,15.485136341242812
0,13.671749042921167,14.89172798347987
0,15.152664202718372,15.212235121907723
0,14.965789501050683,15.690582037710804
0,13.166975882190238,15.133600922679273
0,13.293279042831404,15.27512184220424
0,12.918140869139938,14.268888529442256
0,14.745679834606047,13.429836351867976
0,12.957180328973088,14.908462439117057
1,20.225400480243223,7.257374917630699
0,14.670466135169075,15.460900190734144
0,14.810630518666656,14.202988850595876
0,13.295796420065829,15.567576864341401
0,14.839861189347944,15.103711835569163
1,4.396449064733078,23.818629728437887
0,12.316330407796734,14.626157667904828
0,15.61592964088068,14.317771454306824
0,14.23450078366698,15.024129840060402
0,13.32948504753432,14.451391640852917
0,14.030920103249654,13.687846136305518
0,14.268697119029175,16.271624816705945
0,15.747940611792135,14.468191911548686
0,13.916256135450887,15.099295509585131
0,14.252656650259702,14.687191427399286
0,15.395075220012895,14.419292646035167
0,14.247365201121466,16.528531644057516
0,13.776378514522786,16.179632537493013
0,14.842168873336579,15.569989990136888
0,14.417183470819268,14.763067541317035
0,14.682983706556014,15.70900013199893
0,13.780986614959565,13.905581085731999
0,13.216057031663102,15.417178524116862
0,14.581861924333548,14.638306261922764
0,13.966524718201233,15.089826380587684
0,14.44485921293003,15.799695103657193
0,12.895792491093815,15.534681348800085
0,13.74109892798522,14.980422536670392
0,13.37965783240482,13.945594495413443
0,12.986855705672125,13.239256970037715
0,14.345383347972327,14.94031758019583
0,14.790369691622708,14.770000279343108
0,13.303619598721145,14.943864515718337
0,14.757709201906488,15.454473093671393
0,16.189032322383994,15.03821161687657
0,16.251217646294926,13.483954005513455
0,13.23462641906952,15.148274922831066
0,13.699825267209233,14.931176910069802
0,15.645682164866257,14.018926785406796
0,12.422342707058064,14.912647332551105
0,14.43705562542728,14.902153756539132
0,15.09877736987785,15.105599605166468
0,16.37285571443827,15.128426302373846
0,14.696210618612547,14.413056429054581
0,15.357461835390941,14.219003021260193
0,13.176614762237538,14.740767864837286
0,14.058189753224456,16.56789786590674
0,13.778013431530018,15.143480709244919
0,14.589645178402899,14.513944871782083
0,13.938733407978457,15.194919337027827
0,13.194772316448182,14.988207351493879
0,13.707683347064826,16.186873983916232
0,13.559203950471593,14.50404963034913
0,15.290876439449821,13.060833983683331
0,13.084451409957035,16.214492498631195
0,14.111590398954053,14.456871612435904
0,13.99091903799736,15.337155828567704
0,13.765582430797444,15.503427340683238
0,13.789624033367847,15.19488005754502
0,14.001612239578792,14.761497466514806
0,13.20587128805074,16.14601068071742
0,12.44094693959631,16.391272707564685
0,13.360244708165188,14.602285201930504
0,14.180521754120647,14.019455239806089
0,15.403765640407434,15.236358316914332
0,12.77426778800937,15.702923523417951
0,13.755462739330396,16.16651756233918
0,12.732840083426238,14.079396747251558
0,14.313067907854018,13.91104655850124
0,13.106969637585639,15.261191752131369
0,15.040576813616521,14.404645913276022
0,15.044254238713592,15.442615787190624
0,14.005907040279126,13.743197063940764
0,13.52015714571003,14.38373662989161
0,15.676077272764434,14.827294712761097
0,14.483083615922487,15.187603018040287
0,14.461784431731889,14.049820131859171
0,14.624965095848342,15.271428192924095
0,12.764894236478098,13.814516117801386
0,13.64273951070804,14.277798086797072
0,15.652201350904923,15.686154247471874
0,12.2611593772473,15.90282071956993
0,14.155137128026503,14.921212718717642
0,15.522035226434186,12.906548802525588
0,14.605861587679687,15.25313479334362
0,14.752209667083171,14.139251436013463
0,14.803093001442637,15.915164971426925
0,14.544574037189962,14.563200986675252
1,6.467489133000792,25.127835169812723
0,15.330383631976698,14.613853745739142
0,13.116381142586487,15.20361972946929
0,15.177752610667888,14.346921277161188
0,15.023531428027788,14.170666627504003
0,14.746295857283966,14.303804534496786
0,12.123837752024198,15.154889492851124
0,14.136636165768623,14.608085608583277
0,15.074647585613615,16.658131164067672
0,13.599297018174402,14.703065647632233
0,15.701016153238404,16.26738617579911
0,12.903458802733372,15.705463642979492
0,13.38285478528459,15.945280602404125
0,14.408831900706968,14.353812403986161
0,12.469113191365578,15.228474763930032
0,14.610698365189158,15.514057726463397
0,14.02587184018051,17.45570729105483
0,14.090961922653142,14.775085936219579
0,13.169872148361288,15.647027006575673
0,15.031132963130657,13.755065585640594
0,13.734419405531504,14.160722075503527
0,13.61295826086643,14.76404887442782
0,12.319960426838849,14.282039202113044
0,14.288364977908138,15.862138430032047
0,14.389489860371418,13.928523182716878
0,14.760303742568585,14.364421140038514
0,14.449820614821506,14.569902962796894
0,14.729474321622426,13.414020000785452
0,14.19685260233868,16.25031826413196
0,14.293700911610944,16.495206042916326
0,12.9535103115388,14.567316253036148
0,14.382117821170391,16.000003771740598
0,13.85170696141477,15.38839170547881
0,15.069741346088264,16.924217069383943
0,13.658969855184855,14.98951239593988
0,12.443517734260823,15.185667559480189
0,12.355870914314908,15.342193925229349
0,14.208102747174388,16.212203864616352
0,13.716326302862804,15.27714421968363
1,7.085320153563897,23.482554374024517
0,14.26644623214443,15.411767524716899
0,14.602323980596777,15.191049214956847
0,13.409623731857153,13.635759216026628
1,21.79794746373106,13.46930049416092
0,14.452456027208319,14.580525459096059
0,14.185230379001748,14.117951422980829
0,13.411249757429585,13.729233955965881
0,14.203929273539998,14.581643687133278
0,13.8016215459021,14.443841802879321
0,13.54166632207026,15.429208891342885
0,13.75353307981642,15.349688734804838
0,14.6477981807878,16.273935727914058
0,14.346962860691114,15.268084968469735
0,15.26097141210872,15.759360930083421
0,14.866247244221485,14.708576391838516
0,13.185257512543137,14.912735591997706
0,15.127584590862439,15.549454754212979
0,15.12309563473209,13.690603609122748
0,12.40724692378523,14.642190180145752
0,13.49501002162796,15.527621199553245
0,14.845136727695845,15.27174669689461
0,15.879724318453578,15.10234003067617
0,15.570001569218823,12.83876920042895
0,12.290274294508304,14.5901230237913
0,14.029094268372452,15.384360320372158
0,14.019828702645421,15.21635220751741
0,14.761526341060506,14.359169972426038
0,12.706750532801516,16.979208531589197
0,14.135125884808389,15.822021520273339
0,16.18209700770544,15.370105356213529
0,14.498283031362483,15.31671011284256
0,14.081823688707097,15.382440480365869
0,14.048733959633505,14.702404025777929
0,14.55739209126643,14.164627042198456
0,13.752100388500589,15.340887843189494
0,13.803723301043767,14.634728910074026
0,12.845564880415424,17.238588402785098
0,14.008851990438098,15.194651494259743
0,13.961711189899736,15.21066412854468
0,15.013718885061845,14.411168377409375
0,13.49268713648668,15.940076827057057
0,12.789765048185407,15.489072601926743
0,13.743066609458012,15.630486331984166
0,12.39194572956455,15.25261139237808
0,13.557310339826422,15.251329939279012
0,15.131382010520689,14.669896690053598
0,14.483963947919356,12.959270104901258
1,6.213182320467856,23.12891839958327
0,15.85610251996907,15.148266393149575
0,12.777486394792934,15.429580648133395
0,14.388370743369162,15.775066738848048
0,13.336545223282055,13.573664566072582
0,13.360763428802825,13.212876879967038
0,13.63138127428881,15.139628246718681
0,14.08338720069139,14.228749714039019
0,13.792940044815616,14.43030390572048
0,13.847400590988327,15.747450787047068
0,15.112594152396987,16.224891589568077
0,13.145440738649,14.624437902888229
0,14.261430137236848,14.104632331742227
0,14.667877046295212,13.802599197831416
0,14.169277800449851,13.882576813200432
0,14.269221118572625,15.817806956241213
0,13.350723356824195,14.605080371956369
0,13.454598417523352,14.691422252750332
0,14.211489838017249,13.709741430864034
0,13.685166182408055,14.675741394796686
0,14.183056711449362,13.836278020627944
0,13.763100811290837,14.036478372289864
0,14.294550464057856,14.59042278468679
0,14.473710696705943,15.554849803635026
0,14.244690704970813,15.580950147700788
0,13.869683619686716,13.764710452922582
0,14.315587785020757,14.948163079532678
0,14.087691682278043,15.334824279862072
0,14.717307084034083,13.955470517956451
0,12.819813991354062,15.250293544557257
0,15.62637590746915,14.768328782513612
0,15.378332474026577,15.33197813528238
0,12.823790551265189,14.589659454323208
0,13.336033410000901,15.354603197091722
0,14.305160276959056,14.400625547360315
0,13.88388641769932,15.156887037563129
0,15.432148243432161,14.99099015174621
0,15.793139697601346,14.923022193936587
0,13.866649153964762,15.679685851853227
0,13.493094898950163,15.92249126404938
0,12.276367686388113,16.02051184419891
0,15.791902745329548,15.704292486347512
0,13.575590113250318,14.894870213487689
0,14.640135804901352,15.699761035454772
0,13.66277745724699,15.887704783327633
0,15.038282801031901,15.962327862970458
0,13.397158935203702,14.667543619169079
0,14.47908500154786,15.696569913910242
0,13.503165246880679,14.944728156878277
0,13.471923018626057,15.597118619826311
0,13.719991684224707,15.45622698238648
0,14.440375676617798,15.334864464049588
1,6.359281557062561,22.382448326507404
0,14.888194002340484,16.097351739358803
0,12.226187019661317,14.168232068827393
0,13.579248316385833,14.816128452036564
0,14.460588444597105,15.227338665523863
0,12.114115368774677,14.567433645922549
0,13.156362200737885,15.573395224001889
0,14.838622650017347,15.100045475283807
0,14.250339967177602,15.354766226745369
0,13.185969640488619,14.285939218089228
0,13.493621673376937,13.157503930867088
0,13.718437411090633,13.99307871690565
0,14.538390776597081,15.746045742617289
0,13.94294546183199,14.712634664776347
0,14.583770936020938,15.280445374980603
0,14.068213127935469,16.051170737449315
0,15.125190975180143,15.511725187597722
0,14.845846090689234,14.327809730364613
0,13.947898315678978,15.646013277052507
0,13.665317534376143,14.828874983135265
0,13.95686996779387,14.976467530377748
0,12.897055322134038,14.02518780960211
0,14.752948926798558,15.38410741212693
0,13.354632922562162,14.619309016197015
0,13.541957274023387,15.010833256856685
0,14.127508405125786,15.59355088927617
0,13.017539750889805,14.790094566673645
0,15.315923864597965,15.845519304124359
0,12.56532517008172,15.513492965247323
0,14.796125888453602,15.802544512089387
0,12.793613510447805,14.464269495603514
0,13.125411573388197,15.271004109328821
0,12.672623555053386,13.826970277144657
0,14.488592213771893,15.678446903089895
0,14.62262934947574,15.293450634556221
0,14.043973732816085,15.298877315841645
0,13.6775197389979,14.685035470212446
0,14.975693437767292,15.580719713546115
0,14.199429511277401,14.26567136099234
0,14.605442262791703,16.416800867737056
1,6.040167536083252,24.749636529859497
0,13.564565736497649,14.806904347548262
0,12.429603922688873,14.08557182477328
0,13.130460471802387,15.209445996914779
0,14.884544084657024,14.790112930900104
0,15.229925503435275,16.640794811694175
1,15.057378226198187,10.433486348234899
0,14.870998679341701,16.126755906212615
0,12.747781450492493,15.770066557393587
0,13.466249797852566,16.053367843881453
0,16.045940926212293,16.38893672142877
0,13.755836205149862,14.026954839164377
0,12.106333030057996,15.385147450605913
0,13.36584290252708,14.772612549213447
0,13.844191995127659,14.11275599974946
0,12.377408803857733,15.244335217455044
0,14.221248557534398,13.458584587386378
0,14.358036868015583,15.288380791397465
0,14.356615356345095,14.481147549524
0,14.1351716463134,14.93943141857753
0,14.34277674290303,13.717228841326984
0,14.486852162168052,14.319043207760119
1,20.032224040420605,11.927749843963614
0,14.128677094323312,15.890098660098998
0,13.277760339055174,16.074373303945475
0,14.223719900228414,13.987012946847296
0,14.158355341948013,14.943680929474018
0,14.793734043116563,15.088140590100478
0,13.503119281788182,14.623596295375483
0,14.527790235063918,15.762085098853628
0,13.27398558589663,14.74794707132614
0,13.998361395033367,14.704952027971087
0,14.629121893033107,14.028219258897398
0,12.873577338014215,15.586406137931217
0,14.414016408310024,12.841488491851537
0,14.18983160389889,15.775390984702913
0,15.122544034190614,15.281988499661876
0,14.293069830538654,13.957256555654913
0,13.28198978439234,15.543123525870563
0,15.049673087311604,14.660858833527017
0,12.632826568743525,15.012035214318903
0,14.994770536800614,15.208007893101794
0,13.982434743882283,16.151298838121942
0,14.308985090901347,14.407205814792006
0,12.861746568335851,13.643751383156534
0,13.226339053673811,15.011157611400069
0,15.527056297515724,16.545111186175845
0,14.792951082328194,14.535388682684207
0,13.929486006598347,14.699109129019227
0,13.854125565460658,14.388401984404124
0,13.49439235296772,15.58600162007709
0,14.087998892575381,14.968290019761547
0,13.956738660344477,16.517007155255847
0,15.114274166552354,14.002213424658567
0,13.886028826693968,15.11484947511428
0,14.344007172276672,16.08221980819024
0,13.964297275376708,14.87826705393789
0,13.262842372076507,14.057522501615534
0,14.918610829091456,13.723699929198084
0,15.002240491778693,15.279770172057665
0,13.434119186104896,13.4867101785199
0,14.172095743616904,14.614473134413704
0,16.475849585637345,15.896999870819126
0,13.717809411656415,16.686067483065884
0,12.484875759482364,16.3129024833576
0,14.100839602492796,16.53380852466128
0,12.401034626327379,15.946655774733212
0,13.498754744107737,15.467269482689307
0,14.200954111074845,15.19877104413743
0,13.589586379433294,13.871019274900663
0,14.482677979281508,14.561598302365452
0,14.69164049581564,14.27586843990257
1,14.658794596857678,12.5
0,14.388649310164416,15.083464017395258
0,15.161428095146412,14.706915212991703
0,15.177016485863046,14.877858341650619
0,14.245017364446278,14.950934644244876
0,12.623490643763695,16.45072464227952
0,13.719534029296602,15.170974405384543
0,14.695750209820229,13.184530492225342
0,14.019509469489888,13.810922130577714
0,13.787932657921726,14.671533359152983
0,16.64348734010838,15.572016276230363
0,14.352389865557038,15.758659690289765
0,14.723132196010452,15.782916119358985
0,14.153137916744837,14.93573214816908
0,12.987336619815048,14.06424746635236
0,13.109006838569753,13.937912212102326
0,12.346489605769989,14.947733783842894
0,14.621296133052429,14.872680519534642
0,14.017985175103016,14.690937600674397
0,14.078795170110043,15.284509904499236
0,14.620036616353627,14.17218038975359
0,14.427413836249329,15.342673078457054
0,14.478984766416152,15.017918677837724
0,14.987272842005492,16.12298591756025
0,14.613263902654898,16.0256395387619
0,13.009743663095465,14.872616268404338
0,13.469506353735412,14.785319561365595
0,13.592560761481824,14.393292351561314
0,14.44351406019403,15.145314067343799
0,13.183383088738909,14.881360431617242
0,12.458361471022736,15.361294783602037
0,14.075914621883514,14.556641783218096
0,13.268308894894654,14.778644226354874
0,15.438217297945037,14.930574278519538
0,13.871784877236223,16.028873615630875
0,14.22649606697176,13.64832638524699
0,14.301390956679617,16.24919538808708
0,13.377525920809767,12.725601666222639
0,13.013789910608258,14.786463014051558
0,13.519790909207053,13.980177820193449
0,13.104119749617592,15.635493715135938
0,11.648622677878466,13.501852955531616
0,14.366937684520764,16.39159522600691
0,12.891656519222266,15.140460121931412
0,13.259834121649323,14.284402555054845
0,13.029444795129761,14.569474060632684
0,13.597133267991703,14.173095957517543
0,14.296873111396593,15.53812865564924
0,15.813143755295556,14.402393358445373
0,14.151803401866035,15.763826170119886
0,14.509361267564598,14.246215932127596
0,14.15542139159428,14.422655933233035
0,14.763015989679994,16.397911642274185
0,12.711507473418733,16.933433373835594
0,12.495214233783413,15.09260569214488
0,14.695696126408189,16.257430011391826
0,13.9499702768675,14.275309070780885
0,13.484723002150902,14.934375274258638
0,13.481150690185089,15.095415136733527
0,11.84512977538948,15.004906074568934
0,13.042560268850833,14.751469585191682
0,14.932868086833384,15.155829564639381
0,14.949894472297263,15.153724327596535
0,13.012913843878735,15.888411315984932
0,15.52132108096093,16.685010724999085
0,13.65672136511273,16.389553185755652
0,14.057927266377039,14.127463482382723
0,13.803835990658268,16.029615836549777
0,15.607620962889152,13.826508225447053
0,13.54870527754945,16.015510778993832
0,14.49239596372016,13.98450773992213
1,15.406941742503747,9.19947497835624
0,14.521710447100519,15.133789890777965
0,14.30875840691861,14.55448195765259
0,13.640339017134858,16.20572386743588
0,14.682976058218088,14.671147919337296
0,14.008347519935997,13.950207379203798
0,14.598205946208932,14.688352640013209
0,14.152422879252251,15.897919543191719
0,11.889493998534414,15.42342867197767
0,14.563370821435745,13.23507300598716
0,12.885050749020866,14.159646933645181
0,14.329944314167324,14.056285304509444
0,14.586209208537747,15.641231977737744
0,12.238436623108589,15.279955653017927
0,13.446575342489234,16.086197871820804
0,13.585181586286932,13.773388764533882
0,12.370082676758651,15.345749565120023
0,15.012596223985453,15.412667265779339
0,14.281696943023327,16.420635179154093
0,15.246209983075161,15.117808784541591
0,14.844745614207493,15.339865292737834
0,15.741693252127597,14.563236065346075
0,13.411529886390191,16.329306923620283
0,13.361690359948271,15.024423867550656
0,12.777891512732547,15.5124823996677
0,13.576615592683613,15.475374584233503
0,14.1788374452043,15.454454316916546
0,14.592534769319013,13.555329668322958
0,14.842511874444172,16.421856012935137
0,14.0096255472833,14.911094653204417
1,5.870900705903757,23.234347766756926
0,12.736669460915866,15.235569880140087
0,15.16440319101575,14.035808115306597
0,14.847235968575434,14.41999533310468
0,14.382456922221689,14.223491336822617
0,14.828275181819773,14.0959781286948
0,14.01696442001102,15.113880564314625
0,15.030086194138237,15.052118672345081
0,14.403148790260603,15.003958627883822
0,15.30212592832946,16.104515500456586
0,14.942171062474122,14.69774417491296
0,13.278022566479859,15.645801535322624
0,15.262175010578355,15.711843681050981
0,13.586583630708686,14.9536581965006
0,15.200229211759781,16.40264520489521
0,13.23847098523249,14.215096176726995
0,15.154788702695788,15.670929675578195
0,14.586340386487553,15.552339814356323
0,13.773564805701945,14.602297009178296
0,15.542190516438621,14.515796413299702
0,16.082107547748073,14.32919987517528
0,14.300552038216072,15.074742935421554
0,13.054619663736984,14.244039665581692
0,13.618952523517361,15.373729446435394
0,14.207367104220255,14.820617951537852
0,12.089593859180631,14.888461532307668
0,13.17960917661284,15.726950973168016
0,14.543783707672858,14.394693033475706
0,13.76418317163878,13.356472242728108
0,12.698123821466861,15.621661141434906
0,12.952975377865483,14.543827421693969
0,13.518881885758994,14.405325581726432
0,14.431073680964825,15.4747249934417
1,20.32677292158578,8.996079373100143
0,13.062295361761068,15.233648162613203
0,14.186892318654536,14.197484575618352
0,15.03348286112017,15.29592710445325
0,13.903468330191487,14.614225417387175
0,14.762244552823761,15.44871502234967
0,14.03804545186714,15.548318266320038
0,13.927873007703578,16.557015396112135
0,14.551609079324429,14.552334972124253
0,13.954783058650056,15.3531573010855
0,14.205949719548673,13.805217197588766
0,13.78495211340938,14.030527776014452
0,13.12712014046855,14.03132422004491
0,13.934976745987063,14.166468953104841
0,13.785670018848622,14.05535707546103
0,14.265902478996018,13.96349603075246
0,13.536860341671623,15.05289471637638
0,14.600630975374985,15.854198782822465
0,15.654671166865414,14.334929739482984
0,14.019385985105759,15.451941780631218
0,13.756866153345303,16.2666359027952
0,14.587735550452328,14.243376578654487
0,14.289369249555602,16.148504005791718
0,14.13577076384154,16.395240073873016
0,14.16276825652059,16.125265328808258
0,13.490532087989807,14.106668214263575
0,14.186103463251012,14.787688850137998
0,13.226985702479316,14.45944406956883
0,14.232369332495091,16.1105452108722
0,13.686458809650631,15.061691407264693
0,12.765928375242794,13.934998017071287
0,13.983337589777665,13.874265931004087
0,13.939209469132637,13.556588685935804
0,12.796532248160375,14.961375660010242
0,13.76398721811477,14.980218649480747
0,13.211506042401554,15.914514053279488
0,14.041918188173858,14.386597716312632
0,14.618237679676316,14.764760063339882
0,13.519461441595091,13.98355604139487
0,14.283619242114721,13.015259935310969
0,14.757352012665,16.32140785899705
0,15.318896923831632,14.708653257971312
0,13.756243614794384,14.493904647720688
1,18.983881854036664,8.90091293122572
0,13.272821777579649,14.757640261096407
1,20.766685072628107,7.010293718016142
0,15.373619824817194,15.227110905424516
0,15.402226203549622,13.39431146609929
0,14.08596254108083,14.986047952335785
0,13.934291239682763,16.37767168233746
0,15.543196116465976,15.313739225792633
0,14.79529248228657,14.24403382862251
0,14.442785953108045,15.382476070020678
0,14.105171731334204,15.024983863880822
0,14.675133315997487,15.351548237104623
0,13.605608334675203,15.996361280034705
0,14.318808671652453,14.822094027380743
0,13.443987128597447,15.69526599134379
0,13.733165477180776,15.397647099376295
0,12.933988568962079,14.78611365258937
0,12.929642068162805,14.894754291255698
0,15.951662164508548,15.260871717216041
0,12.579738360377442,14.956719613866543
0,14.35427626320987,15.65414715082192
0,13.839874923862547,15.487804595891031
0,14.145405360224174,14.987642141332316
0,13.211996754145986,15.525532340794221
0,14.024955658558842,16.14237692624965
0,14.346009826458042,14.937126484262437
0,15.199904306774803,16.00180020620876
0,14.485321734781381,14.215169057489994
0,13.430591035600074,15.042030304617592
0,13.366725889131677,15.32110227259904
0,12.542846533035066,16.29437788824592
0,14.781506277202489,13.365374457809379
0,14.634777177280505,15.491023989793815
0,15.47507421336992,14.486211569392482
0,15.12193608151648,16.336183020412168
0,13.617195820824302,13.989262288854468
0,13.14871583718798,14.06666024820883
0,13.042350074536035,15.136444322549723
0,15.315479243018201,14.09488562023155
0,14.79766937280209,14.598365574774423
0,14.179096305342567,14.236433864180563
0,14.664561490262312,14.677121740858993
0,14.86231318781079,15.971485579257859
0,14.544437573737413,14.956800220406574
0,13.960703998519733,14.729990117522899
0,13.93440965188037,15.279955381968994
0,14.920203950984458,16.450730168978158
0,13.50112127347279,15.690983400269188
0,14.60881627317011,15.125903314767946
0,14.125535668138053,13.81646815022439
0,13.80375903074178,15.229837662693253
0,13.959341750204187,13.724991716746185
0,14.589095531640652,16.672827606654344
0,14.697471390863484,15.025942833492826
0,14.52789448907021,13.989638775026716
0,14.393947895596309,14.906014515317315
0,14.529324991914821,16.029615764206643
0,14.111859213624532,16.30818573475836
0,13.62909049297479,14.275160813942383
0,14.291047025748187,14.999922828510964
0,14.05566236166983,15.438221164987379
0,13.202345838321524,14.133839642521862
0,13.73702110713551,16.085164898079878
0,14.073357716893176,14.942315088533315
0,13.421838026325355,15.547434585622675
0,14.218930376394189,15.600271716229154
0,15.31292724484137,13.924863938170274
0,15.76386213157213,16.66344261475112
0,12.464120164595831,14.684250191251367
0,14.223892378806477,14.660594501804473
0,13.05125080673951,15.460712620743136
0,13.67856624991548,14.917012348752012
0,14.408551505720599,15.716805233691767
0,14.337654879219851,15.510740686581421
0,14.430287942194433,15.483958703043518
0,14.86557715325337,15.26675157395332
0,15.270197124657425,13.386921803141039
0,13.964164572811862,13.836192869552658
0,12.47601281621583,13.619466484747864
0,14.346143364700733,15.678715860159743
0,14.562805508694472,13.085663689566523
0,13.680965844839646,14.446182885984225
0,13.93585429252434,15.912300382633696
0,13.344052862786794,14.799673843150828
0,13.29694807492925,15.233026357494929
0,15.256011783069319,15.037931524604456
0,14.746400180657455,14.626821815234692
0,13.43459462222447,14.325826712840781
1,13.982931555888394,12.033252467067543
0,13.385816756544948,14.174737271467308
0,15.436188857996681,13.680545028197143
0,14.34207337961018,14.8250001652484
0,14.526594808219954,17.277864619434744
0,14.374131903213723,16.102716812923568
0,13.889136919047326,14.536968789234878
0,12.424675704061684,14.810587016290011
0,15.150854226755769,15.381288440746602
0,13.849054978805963,16.76680993994726
0,13.927102386243472,14.896529564017445
0,13.708530914280889,16.09809157161956
0,14.020586585479554,14.086610347574265
0,13.886660589798025,16.383081567581204
0,12.904091640518299,14.640578767139816
0,13.650110441313673,15.16479701807709
0,15.377445991642862,14.294275448297505
0,13.00443641822614,14.947640247478622
0,13.29964856022906,16.100229323466262
0,14.561571070571953,15.568112300447224
0,14.251805565422686,13.852982746630845
0,14.570165909624704,12.526353699026643
0,13.860571988520213,15.08643027122359
0,13.76531415220538,15.465541804167895
0,12.769035611852486,15.407482710017733
0,12.236670362998606,13.459165734195995
0,13.277283506653811,13.791164547945039
0,14.370710470002322,16.022361723802415
0,14.253498408559244,16.267303067703182
0,13.351491556781625,15.205327474730735
0,13.711716933239783,14.39591936781255
0,14.981956709687344,15.526264045767977
0,13.997169734963695,15.300007928967187
0,12.369946882773993,13.610405828553152
0,13.497022936006793,14.369622984697155
0,13.187632651024408,16.022869617631784
0,13.23401695222516,14.945005565682802
0,14.081929396127533,14.998641787371293
0,14.112071850699373,13.782725944346172
0,14.343124293420281,16.436173555719545
0,14.172436167957118,15.756630240949558
0,14.009254644766845,14.997403285506492
0,12.235015859049645,15.123462531954265
0,12.083588635010345,15.315296588713013
0,13.661251763121262,15.805373667427313
0,14.338014521469434,16.162076193537736
0,14.670261569038846,15.550330936559277
0,13.762134373540652,15.900429828432477
0,14.594151961905919,16.174339066980046
0,14.013340473466855,15.212747746453754
0,12.490266015315443,15.325662747358503
0,14.788914309259267,13.147909404096529
0,15.149870514878483,14.912273085094705
0,15.3155986666998,14.791003611297345
0,15.799121710621154,15.542609022959752
0,12.479669601267684,17.204670774840316
0,14.718427910232812,15.728787257878162
0,13.201616316277082,12.819198231439572
0,14.231326216363053,14.154325874419275
0,13.330955032686711,15.166183082297609
0,15.465201832363153,14.484137856517965
0,12.299408864577872,15.324484059978236
0,14.573951932451928,13.306618175875784
0,13.160369888646088,14.618139528651183
0,14.003762813929221,13.81031339079098
0,13.99719622142202,14.350649856505258
0,14.564503792814923,16.870334638811673
0,13.227550050521106,16.149128429016216
0,14.504728324691044,15.985546210000928
0,12.596575755781314,15.034527904567657
0,13.834993775547051,16.01513287794101
0,13.57833372923511,13.704438984105673
0,14.047861102524262,14.401525060848396
0,14.801775262553626,15.00230991884746
0,15.122489430487636,15.586552247900046
0,15.19508213508283,16.47029237471776
0,14.963635149001801,15.555128805857697
0,14.482917865850911,15.051080284820555
0,14.644743054918365,15.856829466098588
0,15.525246603171379,13.617865942950251
0,16.18285007337356,13.325409313773037
0,12.390409341078813,15.381437240796538
0,12.827833733500189,14.324717324312372
0,13.326404933172155,15.629518007021565
0,15.681096737008453,15.87082377734297
0,12.18896681220974,15.157995908911257
0,14.899899096054167,16.442944647730762
0,12.402203862086553,13.39335301223306
0,13.872484630962058,14.533736832352044
0,14.570305377969325,13.944784330980589
0,14.411469263309383,16.04151374904484
1,19.841608898922587,9.743059703217913
0,12.169652986481298,14.528426510122383
0,15.705615880865778,14.991758792753297
0,14.569018781323436,14.66739087387302
0,13.680593680002639,14.670879047959776
0,13.367161076265313,14.116442515681802
0,14.674292333680388,14.85638745653673
0,15.347645259665049,13.34614678608605
0,13.236711576255171,14.64932866903739
0,13.412376130896156,15.755345695018214
0,14.623463522833172,15.187179301935661
0,14.812919199020792,15.461995320967551
0,15.665869832809744,14.769973809503822
0,13.048103509482184,14.139216387633907
0,14.184882514940618,15.95917676541775
0,14.762137986940841,13.854846254168962
0,13.151599398300638,14.715315112422696
0,12.97606761785028,15.990671861665884
0,14.802407004227714,15.916990116196601
0,14.25434282463874,14.377459555968159
0,14.185259110222072,16.792431714766472
0,13.848016852837107,16.132119273293412
0,12.015075473504961,14.253391902413638
0,12.888978232259813,15.486545884114285
0,12.530545659452386,15.24228149300791
0,14.001295379087908,13.836377491631605
0,12.904963980116808,15.351060507282646
0,14.280585415511768,15.383077094768216
0,15.03006588491904,14.459056258247934
0,12.864119548888416,13.623828258867055
0,14.006284024593224,15.39254900461795
0,14.242832149439693,15.320476097304134
0,13.707420330901465,13.855711626996007
0,14.683375865318807,15.446227364640583
0,15.113898854294192,15.089624273004416
0,13.324389711143999,16.150698192306724
0,16.029649893614938,14.60305613737755
0,12.606045404897166,14.365500435642627
0,13.346724327226784,15.723610555128937
0,13.019173453852483,14.861439459388011
0,13.876771376958512,15.203347965205731
0,15.941178942344123,15.50281077373433
0,13.539289908854423,14.506640600634046
0,15.009747501130459,14.744215805654411
0,14.243419286659362,14.4226310485298
0,13.8202541006187,17.02688228633044
0,14.216138694446878,16.177082298648816
0,12.94892091342203,14.929675951431248
0,14.182932112802051,14.942526756760687
0,13.430184078209798,14.668700909038424
0,13.921803900859494,14.395507401112267
0,12.436151242325206,14.138007651818862
0,14.263944283394505,14.79081941162162
0,12.318200318303015,16.231771522986218
0,12.969746595161077,15.546596800405329
0,12.80050749249103,14.017279860697753
0,13.690975715591483,15.479801403801332
0,14.872868572078096,14.629400337426345
0,13.990826614160609,14.670722763156721
0,13.37524701388417,14.193221434179236
0,16.868755647918867,15.331883445285083
0,13.040720185510361,17.03290267168069
0,13.734535322857534,16.804674696350705
0,14.642855809633657,15.30384833404498
0,12.732268847432788,16.039462542454526
0,13.809225691572182,14.82003039205732
0,14.033679467936055,14.847544840678905
0,14.970140905831192,15.81127384349579
1,3.549894192201099,25.738929007924064
0,13.713758462831116,14.06396673443226
0,13.03084743701615,15.270841629180145
0,14.279979854585376,15.623154990671429
0,15.11269547169042,15.587562529446387
0,12.58869350567099,15.413906609724314
0,14.984311169213074,14.38394413825917
0,12.047776224127254,16.741788029995917
0,12.600985257766084,15.143785700697416
0,13.272946659038793,14.195511129645965
0,15.640828769794862,14.425891789993392
0,13.27518878496868,14.978150703575357
0,16.147350693561037,15.085646597920745
0,13.03419300766367,15.033346397715848
0,14.10267210054892,13.803877444861586
0,15.875634795258257,13.930295391904917
0,15.378019019514978,14.93927045001279
0,14.377090568289763,14.278353440057813
0,13.14309604694778,14.723243509951619
0,14.136588699280303,16.603805730205238
0,14.531552487731233,14.084323984821586
0,14.975261649057014,15.898374498535295
0,14.548733393510165,13.757091130425259
0,15.570126702504654,14.665650458724894
0,12.689167273939628,15.14902323795032
0,13.20631521127919,15.205996753290874
0,13.937901066017021,13.68300090202817
0,13.778541738302371,15.014052269251033
0,12.837751596629744,13.587686532210931
0,13.64247790357734,14.83343972101282
0,15.304738601944631,15.195937273862883
0,13.484792345482315,16.333139929187645
0,12.365683056063517,14.236096045033285
0,16.387573813583156,14.903938801961319
0,14.06888864102335,14.04755337869089
0,11.610846121523405,14.631982250414525
0,13.765850025635018,14.281624663239084
0,12.485798699351209,16.93494634266716
0,13.87880609932418,13.947728875204682
0,15.883088735107856,14.975128473712537
0,13.276195603672798,15.534942265207091
0,14.009482924173302,14.980509713588715
0,15.033283813218288,14.592152493638244
0,13.902506378940412,15.773637439954918
0,13.733095094051741,15.576385202672922
0,13.3414777541766,14.839859811098611
0,15.444995155621596,15.36707245440196
0,14.990412945067455,13.367536191068687
0,12.972301414333081,15.827322690886598
0,13.740181358549666,15.148741258082545
0,12.562247197663526,14.60070672945615
0,15.45106079707298,14.174099569347819
0,12.784867278788573,15.10781669850621
0,15.091104220667098,13.063077329875185
0,14.935345025145907,15.44698556314176
0,14.227307298682605,14.90503724206145
0,14.888281432729233,15.590502986981697
0,14.400321822869588,15.544146558219886
0,14.230157495339125,15.940639253966282
0,13.650121798907394,14.54730154984199
0,16.05639360771947,15.106874972169008
0,13.028703054600363,15.743529051918337
0,12.83338202624386,14.063438514984226
0,13.706091872943627,15.191085282459191
0,14.221689398464864,15.092100142170251
1,18.828263327354197,10.414676799048152
0,12.823529479219387,13.006417452113777
0,12.975572895060285,14.11972705474513
0,14.282808012875105,14.363527610326495
0,12.928024066702664,15.818874647269539
0,13.854565216905428,13.248053992664774
0,13.592960911940509,15.270802252853908
0,14.4533812461023,16.312805092553013
0,13.230175655420226,15.650770116774888
0,15.155683634069096,16.15009301058309
0,14.42643909530983,14.968475968002256
0,14.275830964793592,13.61912436942407
0,14.795764177857887,16.330139118778202
0,14.71336124784084,16.261789046824102
0,14.209439338761314,13.225000207354281
0,13.041561240383398,15.230808919372492
0,13.529563990170162,15.169324635080526
0,13.94733289486672,16.61854383568395
0,14.564925791530317,14.681651107628161
0,15.120773537699224,14.806456742512223
0,11.996299286971889,14.292763379834826
0,12.955440644859088,15.257411908373628
0,15.892531353870648,14.489255431285619
0,14.2143217829401,15.35262045464157
0,13.422952861174558,15.247264751134026
0,14.53056068329571,16.736363110725172
0,14.157588956484346,16.963711217833044
0,14.350966892867588,15.495669620877527
0,14.592351286376292,13.715279007281778
0,14.389756355429864,15.360394451024982
0,13.757515837248917,13.768473288914944
0,14.215052127473575,16.5269353134351
0,14.385630381763459,15.038135143753966
0,15.036780065243846,14.440370352411401
0,14.177790340740914,14.472665041969236
0,14.20950389535425,14.08195675500955
0,14.258449730571678,15.264869515737686
0,14.419135495716064,15.159827624710053
0,13.476676232455699,15.949589598891468
0,14.717190111518105,15.602071811284926
0,12.508772644964012,15.709709920854811
0,13.926187452698306,15.14657562376437
0,13.907786882404443,16.912065938786746
0,14.028651964991097,14.660744430800886
0,14.8700630870646,15.812885961597345
0,12.794210954046424,15.693406188202239
0,15.32298526896348,15.016812625729008
0,13.42107385225519,13.685683363021157
0,14.200263121179558,16.318114286009397
0,13.560373213668749,14.343739887496342
0,13.450592786252711,13.785673603109997
0,12.884006157161583,15.419528527873526
0,13.827907564768775,15.129579146340935
0,14.767323634127788,15.728257511650549
0,13.629604145103674,15.107826286723949
0,14.580097715809941,15.26980643499016
0,14.595182157290123,16.7226168331329
0,13.186918892363476,13.935270018546632
0,15.313414942329386,15.90043251711244
0,14.0471033016252,15.350296606666271
0,14.642561572100881,14.28245453521543
0,13.797073704979026,15.895173347737288
0,12.898400754538725,16.146760636775607
0,13.580657110269815,15.010486214556083
0,13.99946736056442,15.869670298307266
0,14.25436176518592,14.173347970488084
0,14.028346893403034,15.966835958581907
0,14.065438530267553,14.796404996459259
0,14.258426311958402,14.858773421345942
0,13.039581774663644,15.162484296901669
0,13.743129903052553,16.51890709249445
0,14.017760807494309,12.90694440500204
0,15.008362260103889,14.006123281002155
0,14.074697812612447,13.797299828274118
0,13.654307473315237,13.028489978882693
0,13.992865725298984,14.89534537537434
0,13.590598477022388,14.757173412303539
0,13.445345963393352,14.567382750699679
0,14.002722050627394,13.852372112930828
0,14.078072491802043,15.870839348542011
0,13.840740900856085,14.334819818095559
0,13.499710155751389,15.796301662256539
0,13.395578004963024,13.532578392547174
0,14.63079009019215,15.469645644332347
0,12.927239992640866,16.259445139063768
1,6.435000399907069,25.12632443161334
0,13.98518656690282,16.492966142958817
0,14.544018123213652,15.107239255342261
0,13.297718412591458,15.912469819093923
0,14.32768399318677,14.728290505199677
0,13.549833872174792,15.134006588292186
0,15.789070527211413,15.566657971988876
0,14.498003245609649,14.94562398915582
0,14.257166660594027,16.832186409817712
0,15.17659605816206,15.817167147810194
0,12.92626307428126,16.79650008960034
0,14.920053136298739,16.18093931607203
0,14.264247774922834,13.091533314127064
0,14.332096009781472,14.346737984277755
0,13.421706777583054,14.929854309688306
0,14.63023495850396,16.14769818823609
0,13.866807560756861,15.068472322368427
0,14.030549012951978,13.444115057531565
0,12.872175992951611,16.685088383510738
0,12.139018698954015,14.738044868721268
0,13.71300995369567,13.711444618575005
0,14.284744895295992,17.112759461225757
0,13.671149458857753,15.234545422959137
0,13.045516344374937,13.610922055053496
0,14.015310676800189,15.656612658284761
0,12.503255011869152,14.461210353824507
0,14.296946878094458,14.83963025793451
0,14.847199323694447,16.169734550962716
0,13.764140412742849,15.445483361817221
1,13.725032408105132,9.432808518889027
0,14.251387117437991,16.675491125368783
0,13.229258660970562,14.147362132024627
0,13.14995984592786,15.620677796043214
0,13.07794808588263,16.571941544164428
0,12.995117433350647,17.02376418492771
0,12.62498172363159,15.277832936360097
0,12.766294528311285,13.891941587486242
0,15.052313427634349,13.305185100185042
0,13.812784236506515,15.015890322147683
0,15.500370001381729,15.67333782737634
0,15.11907422833538,13.672869296700227
0,14.067005890682868,14.678450997584612
0,14.469277795013287,14.311303603920624
0,14.559333106281018,13.936639694955048
0,13.76305045984271,14.53001228539464
0,12.946547597261434,16.310175889433864
0,14.050805525668013,17.26066198102268
0,14.335984972992534,15.780971492114777
0,13.66030194309361,15.041035508006997
0,12.893074481687615,14.549316886452244
0,15.178286474141956,16.417721179468163
0,14.75860187232267,15.047251632972218
0,14.52715008394071,15.78559437482777
0,14.261013684187574,15.359158036715332
0,14.02760024616639,14.013294778727367
0,13.075942639220402,13.423762614097319
0,14.48833925638147,14.369159144785066
0,13.502035252447639,15.449513284798476
0,15.066990571465544,14.884739977766271
0,13.908137834095728,14.825439729973132
0,12.985576552830064,15.105307622156987
0,14.153596388869577,15.260058846093775
0,13.496268152336267,15.463753715758275
0,13.27739896421142,15.546643006564935
0,14.61942595349705,15.192384550663878
0,14.731872548933758,15.244165286838458
0,13.658137291184795,13.737577287221407
0,14.659294836638638,15.531725498316403
0,14.064628615909756,15.963921208660619
0,13.184350012444169,15.948348561037534
0,12.793991037985695,15.202716704880691
0,14.666702041569085,15.050681248838366
0,13.693929810856448,14.934298899680545
0,14.424879492044358,14.441775280540877
0,13.040277314750602,15.08943763273983
0,15.708515745564185,14.97372462905862
0,13.677972699540184,14.746439285851967
0,13.23153494080984,15.709712297765467
0,14.389636749773347,15.33073300634284
0,13.32340140782007,15.08533149283147
0,13.233399913008853,15.272909490928068
0,13.747433226886638,14.86437486028294
0,13.880325164044644,14.978871608513831
0,16.19553286440776,13.735783746538102
0,15.092981188446716,14.872584794716381
0,14.16169547372135,13.47866897865208
0,12.479719529795583,14.864311769285676
0,14.274027307667483,14.13632917423436
0,13.809406518621309,15.499815168684233
1,23.080893081349135,11.769610884190056
0,13.62293168819782,15.911087994091202
0,13.415277394405424,15.033440783109958
1,5.945083357056495,25.238350243447158
0,15.461400010913435,15.797072982455553
0,14.407644164546456,16.043214935232307
0,14.696751405406768,15.84630581264744
0,12.57082320404937,13.531184015600267
0,13.976788753570949,14.504915986287672
0,15.71459336432685,14.562186749982985
0,14.937599605925751,15.487465622031811
1,17.5,11.960269884042054
0,14.024600505323553,14.965377394295158
0,14.680071596743861,14.229261940814128
0,14.20655153375676,15.36701015402116
0,13.244815036729454,14.20391991169577
0,12.267990311932,13.9425134146878
0,15.89413802144068,17.110431175388868
0,13.4030406930935,15.996890055878437
0,13.831381459364094,16.47217296412888
0,14.305866302984798,14.302856246206161
1,23.054208516920138,12.084282378744444
0,13.378644868130891,16.287462957650803
0,14.000508049958844,14.99288832844722
0,14.479547194689285,15.55980158402725
0,14.357331153173543,14.511740549189476
0,12.718084849301398,14.398788879895413
0,14.487702329088474,14.561062445676022
0,13.930717435759798,14.803074291501535
0,15.146586255088474,15.546527286025354
0,13.903855663572768,17.61596171705411
0,13.809126927752379,13.941953200984164
0,12.027149301572573,13.915827913671919
0,12.63253204935808,14.269743126321536
0,13.709672579039406,13.962398968806
0,14.61557514069643,15.440214950457955
0,14.322082219970504,15.629665836420237
0,14.471484053419104,15.667929861694024
0,13.817647371541545,15.665295902155039
0,13.804173028669629,13.731810533364749
0,15.213868361549132,13.994175802252466
0,13.411198589520328,15.316426460164205
0,14.136485502914264,14.34094717999652
0,13.779655729969223,14.646095942340821
0,13.765513440629302,16.061670331245786
0,14.272514590072285,15.315190663379516
0,14.524641895730786,14.22363123582643
0,14.827426517227575,15.338541600989855
0,14.689362916378828,14.58711697319947
0,14.018043989198212,15.070605295089868
0,14.816144729989412,16.140979587573586
0,13.173948478061593,16.293659553970386
0,14.149810057239009,15.531189473524032
0,13.869517376535832,14.639815155975409
0,15.247331575999407,13.365956141292193
0,12.602412844159577,16.98985244840384
0,13.70578705094497,14.244230531794397
0,14.017320386239616,14.874151897105149
0,12.735940644080344,15.714853051238208
0,14.422316639120082,12.855633342327405
0,14.29614942014067,16.460735229411522
0,13.589456191454541,15.20203512864885
0,15.39213839394732,14.61043194513532
0,13.799749161689274,14.402916317987353
0,14.945784655871472,15.319420205451152
0,13.491687780006002,14.351212956570496
0,15.27353199132496,15.821284844443564
0,14.82072664257873,14.967607703866753
0,13.470451460962455,14.891602561063186
0,15.284521052337642,13.8205817537873
0,13.545036459467063,15.218284919122357
0,13.822067091746254,13.47462290652594
0,13.68672953594586,13.669628684093128
0,14.960883006816617,14.722355202732189
0,13.51768996859623,14.07248056535462
0,14.246078028591379,14.760497462506642
0,13.63023651703931,15.55168503884988
0,13.984193994079254,14.985821689782673
0,14.484332807235026,14.770828965422998
0,15.521838455753075,14.929679503701973
0,14.437988583253363,15.36390147573349
0,14.58917004349916,15.90912658540658
0,14.87677136572698,16.223006066262357
0,14.051072375002226,13.892718639864
0,14.144961631655875,15.093583153103367
0,14.174743435080927,14.348827965816415
0,14.117549414679623,13.673526064317432
0,14.55215471437586,14.388859559107964
0,12.676361131633506,15.17192179212586
0,14.474333436868537,15.869208679325064
0,14.079815408324551,15.496473535211566
0,13.90735461467331,14.657953593164175
0,14.098580890921077,15.776289162088203
0,13.924481125081357,14.97440213696142
0,14.081436809960667,15.64584545748295
0,13.723494670378164,14.64433819161898
0,12.658867185156103,14.747121184473562
0,14.237453504500152,14.695250490423518
0,13.339118758730272,16.053616678008034
0,13.455720604944084,14.844337221816328
0,12.171970684564343,14.26562137453492
0,11.905235798339097,14.06873130627782
0,14.055679983777104,14.091316511834954
0,15.664185706054932,15.264998215106882
0,15.12137661604929,13.862195579613505
0,15.17470785704694,13.125261940971615
0,14.94711175893415,17.522629792445503
0,11.18149376755183,16.01344119455062
0,14.347530069442351,15.052986242999266
0,14.958379941107163,14.931482132807949
0,13.784374509166208,16.98379318414109
0,13.813381412612898,15.914646587942562
0,14.62765296691568,15.24413570046406
0,12.99232840804117,14.805915997856447
0,13.559662392097357,15.55116136676732
0,12.898380684237502,14.18029167047792
0,13.990366707485956,15.055035911784172
0,14.198537196404162,15.064868609310777
0,13.32790023568204,16.631485965849254
0,13.321203215354997,13.473350828800475
0,13.290911316540825,14.793682982762572
0,12.095686884123706,15.061355726773108
0,14.390181340724247,15.376809329547962
0,15.1793820343558,14.412683188431442
0,13.893377042865463,15.618462508142867
0,14.113644286652994,14.849378239270226
0,15.682696809185563,14.979409607731313
0,12.666250459154224,16.02530790665417
0,14.621166882099802,16.12993790346932
0,14.269175759930198,14.731880211617458
0,14.029436393970286,15.21701194580952
0,14.721991690320726,15.686146519484605
0,14.05594632304693,14.13773160078812
0,14.087028389873693,13.613896896151282
0,13.122606991518815,13.521366022472286
0,14.583465221152307,14.503838389673756
0,12.7039565851733,15.385379586995427
0,15.083570251744177,15.708407262112772
0,14.156174403874143,14.61133586413302
0,14.874822989901416,15.650229584265913
0,14.445722349432517,16.372785301635854
0,14.690933190528096,14.627649358448998
0,13.788012449156973,15.758352208619423
0,14.57891259279502,12.716717575771765
0,14.229416013933427,14.786264763223517
0,13.111447799735421,14.258986538123123
0,13.07213997587204,14.503255735761826
0,14.369341807832035,14.326921534105614
0,14.154341795734009,14.436692343233211
0,13.927017372349203,15.540049726942023
0,13.137774272886563,12.965981425726541
0,14.801892843153261,14.211592758351728
0,13.808625135775142,15.786811472012008
0,13.05739035511312,14.135500296930525
0,13.69258953797689,15.552421461496511
0,13.726465461895707,14.829573523213742
0,13.941263743342185,15.504771885266722
0,13.915695599663133,16.352424099646594
0,14.481615574350267,14.936388482161485
0,13.595204688326529,14.83368412306439
0,14.534591981802075,14.934309900801331
0,13.853890305633593,14.99816902194224
0,13.75845236749569,15.006341627563474
0,14.205139389948396,15.082109802178998
0,14.073299827300945,12.0096567730726
0,13.817497593995473,14.26441840865109
0,15.397590218184074,14.797366938799845
0,14.202343499198669,15.524993048604216
0,15.454423068068143,15.45061757852384
0,13.60838163104961,13.047764411818157
0,15.869446866215794,15.350813302510195
0,13.638931983481204,14.468902570857251
0,14.36180185004837,15.284591242519166
0,13.018592183853633,14.199921389318503
0,13.878791748692905,15.465103142550715
0,14.914058355190546,15.70204022777436
0,15.998591130460369,15.191842345763261
0,13.338297212532074,14.675090993308476
0,13.702651987577536,16.076816905337758
0,15.104779861486882,15.151610761449426
0,14.219902969031512,15.242104215429066
0,14.008204145194272,14.69732523459969
0,14.44890657450592,14.828609253555333
1,13.179475655482483,9.212654570216419
0,12.356825212734119,14.671617715946017
0,15.163952206394907,14.539131574379818
0,13.820865335153078,15.367050852930186
0,14.368900718918361,16.404830109634563
0,15.009370324561718,15.671767841396846
0,12.10510984918661,16.203755071501167
0,13.409492605057514,15.343285737717363
0,14.742152387020253,16.009354478446816
0,13.768650822347581,16.41236159467253
0,13.44166326035899,15.61067802676229
0,13.70384395997906,14.840667951130788
0,13.26374509777095,14.618989800347176
0,12.685929728186142,14.93568071647756
0,15.371616457394964,13.89565187105411
0,13.39283225898843,15.380121463680227
0,14.521687455623093,15.21062514488345
0,13.747484684032026,16.75523104325356
0,13.61947887824607,15.009643529421847
0,13.556664101261413,14.976617241465055
0,14.565397586225378,15.588466010094962
0,14.356960049063707,15.945380635900825
0,13.369588754996983,14.63367155583228
0,13.650114887896109,16.08945265055902
0,14.134361723707643,15.615756061565593
0,14.35413084987496,14.554055293603122
0,13.960576372326068,13.726603890098536
0,14.120425069145469,15.610315370431376
0,14.041531893224862,14.462123635844788
0,14.706338032009011,14.41093688413022
0,12.738516628670208,14.285832132061124
0,15.169934165321884,14.341885257768457
1,22.39744859541953,11.993500837893473
0,14.493022309039285,15.847046981653463
0,14.515715815794026,14.783369890790745
0,13.84790410935036,15.582952907929497
0,13.159361627919742,14.597415114127257
0,14.115924687811539,15.00232351190367
0,14.15441791858873,15.515921284062776
0,14.14484842211076,16.370881911809274
0,14.129879506289893,15.549706046023749
0,13.350679958634888,15.582910042789116
0,12.999831516100981,17.050818485753016
0,12.22170936068287,16.139579113081346
0,14.079843596180725,15.46941933414467
0,13.82463145347076,14.650888950531678
0,15.43919734650493,15.929489590040285
0,13.798148043296434,15.59952673763883
0,13.795992855324714,14.989491642321113
0,13.765917045387841,15.210236581598739
0,14.341240559962067,15.047682029591643
0,13.617969882627232,15.855836401757625
0,15.080641314515079,14.25021326819418
0,15.338775907670342,13.8045568058326
0,15.264351134857215,15.53599733076446
0,12.776858012421766,14.370526119556882
0,13.183454576369178,15.471935366962185
0,14.0245656081824,15.039968834638554
0,15.131883946004372,14.830759887830272
0,14.905228042601767,15.235675220182003
0,13.262106015968083,14.43449462490605
0,13.862036801249745,15.52458646929273
0,13.888727187287182,15.5496012737458
0,13.372899393999017,14.045948728532661
0,14.594620208148891,14.810762907046708
0,13.62224689454771,14.915559782693226
0,13.328634235319202,15.29558710832621
0,14.7629903281187,16.876015821591153
0,15.50231538103339,15.293152076767493
0,15.50816160324524,14.945484880690742
0,13.634161672648792,14.290159549205608
0,14.901128340459664,13.987208455354516
0,14.07231291170598,15.346983204852298
0,14.030062631721266,14.67176636493136
0,13.280106623185647,15.079906075469195
0,12.688422700519812,15.857457271171365
0,13.745552695527584,16.15936994281507
0,14.19821196813003,15.232496008818334
0,13.63931198471726,14.9887538002384
0,14.0848128179719,14.341857884758184
0,14.192211770901563,14.751630898725345
0,13.271304687655206,14.702102215938115
0,14.91207318342333,15.07357313872525
0,15.968084585042618,15.258045372230255
1,14.25631873665066,10.68098415316523
0,14.60022904949476,15.011893808992363
0,14.337220272311333,16.06068573949871
0,13.686114827704765,16.09140763036362
0,13.528324912739626,13.30571498041224
0,14.635644456563515,15.102411916371276
0,15.119950177903393,15.465959869357759
0,14.450437507198359,14.68440990113568
0,14.96733763219338,15.518801707553276
0,14.605890528199366,14.35472442959153
0,13.490066288989015,15.110932882082313
1,14.235970568661832,12.026234970238763
0,14.05934275050227,15.230053429250733
0,14.477964063324038,14.266846075318332
0,13.068855725870511,14.652092381182552
0,15.828661837553984,13.455060173369564
1,15.171200088286028,7.395629063743363
0,14.325863033862301,15.429055534222362
0,15.531407679494388,14.802546418320967
0,14.609757240260073,13.875983914305614
0,15.175361319597844,15.485988848479913
0,14.532901161390335,15.537687277597145
0,15.443048024809137,13.564398691305803
0,14.829429184732719,17.105893675396977
0,14.073123987298715,16.32286172197051
0,14.523005828937855,15.693692644908776
0,14.556444658530632,15.067232233575535
0,14.217322250390646,15.377380239306863
0,14.2219408548927,14.718150478374202
0,13.776377951487502,14.681602953502077
0,14.588846767069695,14.08168107522027
0,14.749082391282798,13.818156782089074
0,14.855365646618802,14.559010011503165
0,13.546987739528829,16.518893044959647
0,13.289720646571267,14.95150982260869
1,4.652091251650281,25.23829867082232
0,14.211275726120528,14.578695747208364
0,14.707932974570124,15.062258287022114
0,15.543908395204774,14.527873674339828
0,13.708579969637613,13.77285645223468
0,12.9197376243357,15.095442701896024
0,13.146617381884646,13.946265187140272
1,12.852999847557975,9.655697266389677
0,13.401489485520408,14.971244190287406
0,13.891005053289295,16.21706762941117
0,12.28488803557771,16.00874862007085
0,13.645655534814582,14.987627885482512
0,13.649639102927441,14.589036418948467
0,15.931067180911484,15.400773292037176
0,14.707592035794676,15.852617671835711
1,20.030843675330907,11.197659703177436
0,13.962770416488443,15.379263553906696
0,15.010637356125212,14.882372698469904
0,13.832408990558692,15.207112755357075
0,14.937808428095613,14.489154775576322
0,13.212287735709323,15.654353667041882
0,14.348686876417677,13.912097526840192
0,14.509415248366004,14.328381892809052
0,15.304509942893164,14.66508833337626
0,12.78735206315355,14.946399359112931
0,12.240376388585798,14.223044886561723
0,12.857555212979996,15.248180449800898
0,14.289882583876386,17.00381020334443
0,14.120008276760935,15.892468929911967
0,14.090806426988047,14.10401935181076
0,13.9416164946324,13.14967501505883
1,5.8529312393897115,25.432646355012725
0,15.985004289483772,14.055657955935025
0,13.424247414491788,16.777020855514706
0,13.390973673502936,14.545211790935701
0,14.25500492282514,15.926514970467847
0,13.163816013205794,14.687203992559663
0,13.611539977740557,13.919727071815608
0,13.991230880333514,15.373066691188027
0,14.950120688441316,16.667731545876276
0,13.969959873654197,15.403707978206207
0,14.893571707341062,15.144960913310753
0,13.722430629017765,14.474349443369684
0,11.975411491845101,14.198420012400682
0,14.137537313186405,15.730015048940091
0,13.867802674044901,16.058398402149933
0,13.503587014801132,14.555323442869977
0,14.931202487139807,15.042489950842238
0,12.6585738165808,15.607758715997136
0,14.019843260362759,13.603717670755326
0,13.382357418746045,14.286635234186956
0,13.841071590928966,15.805414532425424
0,13.315164259206375,15.498927446306942
0,14.565085338035814,14.706593429972209
0,14.843821051999715,13.530651234054362
0,12.881684389946658,16.462146384683813
0,13.690180269253963,14.555524144922366
0,13.470692204582877,13.822589622254739
0,15.698756234407348,14.197718610593023
0,14.212567613591604,15.70440417554182
0,13.86740085004231,14.99913232757198
0,14.16436159390613,15.33726353290669
0,14.896825771080083,15.413576530918212
0,14.121168989904994,14.941659983746659
0,12.116489578341568,14.816218585151704
1,14.32922638482735,8.771896946929457
0,13.392861372364171,15.435142166321459
0,13.800458976731168,14.354515262573726
0,16.138682508220246,15.516611129387798
0,13.275898376296286,12.601460641005334
0,13.21426902963967,13.304421237391807
0,15.55796886020149,15.665575331599884
0,13.916215081736723,16.20513225312284
0,13.2365273094039,14.017522052933062
0,12.858839322206926,15.037685502845916
0,14.646538192278118,15.539803950583241
0,14.106501128795248,15.647045882348221
1,14.16629305010111,10.536259362186108
0,13.527109227644171,16.013125740492093
0,13.506994998577776,14.347285673214051
0,14.003518435065066,13.943573224800815
0,13.209386526337584,15.296315821854131
0,13.702400321259425,15.444630117964651
0,13.32754532736638,14.362795688200428
0,15.451952228038248,15.595230320231167
0,13.07198517714432,14.643946220566784
0,13.581585093191071,15.453777021291314
1,14.70303826814623,9.101076378166319
0,12.89133160566298,16.575438433824374
0,13.870676872976166,15.178243504708432
0,13.977960438208273,18.31731969151298
0,13.548795912940824,15.209267109152602
0,13.406637772909633,15.60663391081048
0,14.761695223460814,15.152721394066488
0,13.826292351603776,15.729118666030296
0,13.262799036725267,15.977278741122817
1,6.82056449820733,22.124177406983566
0,14.658031853213538,13.438499697332455
0,14.174320562087608,15.402896809618996
0,13.309554058822716,14.658891294915277
0,14.610447582861463,15.335039122360548
0,13.543071244166871,14.730545797297527
0,15.066095849490495,15.700298544974984
0,14.446073464010572,14.488999640463776
0,12.78582453848324,15.933890489064407
0,14.562715247333607,16.729761336938395
0,14.68256705138703,14.627910582311891
0,12.445884109034624,15.956354300494473
0,14.614149758899789,14.90481014829752
0,13.508447582532447,16.35825025160628
0,14.13556911829973,16.371589940051503
0,13.862974138834677,14.380990309135102
0,14.655243043879995,17.03831916101882
0,14.712821522811213,14.027517152917234
0,12.242666914051076,16.282560709322446
0,14.31230460832956,13.668274350948755
0,14.462399884399314,16.300775821194375
0,13.645418461138407,15.70023286463877
0,14.164357679554879,14.971810347729782
0,13.840022884653944,15.653924211075168
0,14.978883407337156,14.19295493169697
0,14.047336644054301,14.529181651180235
0,14.13360684822636,14.260619614736274
0,14.02571326987674,15.213536564002666
0,14.50767233347807,14.693985424750657
0,15.254511563627945,15.61164981638848
0,13.946463780628525,14.253861635441538
0,14.332452656162447,15.380038274649136
0,12.487545342711114,14.89449708828054
0,14.241928005295522,14.903165154034081
0,13.54792047226264,15.216680403947967
0,11.891131031560057,14.550516546665538
0,14.310766099163606,13.672287276080606
0,12.501038768997908,16.349941198507576
0,13.321955158575147,13.901116353605646
0,14.393730742583013,15.817983143379834
1,22.386102253317485,11.500466137692506
0,13.663412348277818,14.46189380345066
0,14.2387899608999,14.3425327670854
0,14.289509720854317,14.618220664197887
0,13.485289747216516,15.47125663297524
0,13.080556880793393,15.080275923116586
0,13.692859264376475,15.862053704519305
0,14.774694981059863,15.592402241888925
0,13.10443921890664,16.002381949055234
0,14.02812138724364,14.210278908595749
0,13.804034796508681,14.467462940635448
0,13.299684699422784,14.599627305113923
0,14.661543467796047,14.981525629728836
0,12.66945024397176,15.9294188433501
0,13.783043579657347,14.181190300328598
0,13.21716417796514,15.199831717005763
0,14.09966807056235,15.627099759161785
0,14.793395900508635,15.624804989548025
0,15.075759135462388,14.020180914566119
0,13.855280057960046,14.771334298255617
0,15.309821663198077,14.394131823936867
0,14.259049334188855,14.39301199515309
1,14.831937060749784,9.484516268370928
0,14.377208066605833,13.768174660014182
0,14.354881690446334,13.50307463419026
0,13.622258140564332,13.91966362983971
0,15.253315210931119,15.095138960850418
0,13.299139776146951,16.28756997151093
0,14.587402714145641,15.10908561500345
0,14.468187929388954,15.254297290837588
0,13.41544577227003,15.571328125175429
0,14.618263391760918,14.536892579837618
0,14.005010033509267,14.284348804938332
0,14.516582606087304,15.278599995274549
0,14.357620910934504,15.681628259817426
0,14.823524293372698,15.276938465975997
0,15.788273737108504,15.724365069273942
0,13.930678106480283,13.727458427340206
0,14.794790119803782,14.139527448849563
0,14.135148481252589,16.000061079374323
0,11.901409016132293,15.878058423745648
0,12.594221697183514,16.41503129228744
0,14.707828162958027,14.283968104943972
0,13.501627725620427,16.201730762642523
0,14.072632848190992,14.334030700962522
0,14.632438492376403,13.83233521221908
0,14.621465901131518,14.371573735799315
0,14.477007701756191,14.3841846355243
0,14.986950714375887,14.268189099829915
1,6.359526302900201,22.90380148902793
0,13.618531062403756,14.246351707163845
0,13.558630059869826,14.736500871260276
0,13.616142112961949,16.949546314980683
0,11.750693080040449,15.137858841432022
0,15.073709239584485,15.107811099487046
0,14.287572674959696,16.251687864346614
0,14.302950250901114,15.547421786144838
0,13.745271030944645,15.574638170909688
0,12.871471058023655,16.03899924775333
0,14.304638668295524,14.94945672492057
0,14.587169518121595,15.60096021674531
0,13.626391434861782,14.75807223799543
0,13.800099906050672,14.447744227052642
0,13.806745470654562,15.857716473252923
0,14.622380795784595,14.421054839431074
0,14.504806646351431,14.857641865283421
0,13.306642091815707,14.389180668151564
0,14.960017662486656,15.97248840979873
0,11.930319881852853,16.562566339938215
1,22.684253304541205,7.423215918502355
0,13.702577156516776,15.137474751045586
0,13.86489719888021,15.1479972017372
0,13.690609863845832,14.569605290622729
0,15.347106031351816,14.724570016241493
0,14.43520937076194,15.657835608608906
0,13.409336466536136,15.526333869538323
0,15.134623778696103,16.21035125390237
0,14.711690249824358,14.261747831138841
0,15.820100038518286,15.427841745323937
0,14.800491300688506,16.288690039712687
0,13.596192625404813,14.45182415814362
0,14.754591252790114,15.777389822748464
0,15.968151532243894,14.073050400423668
0,13.345621935628703,15.88710105455443
0,14.248907362915816,15.114543821459213
0,15.382205379463821,15.286259829628435
0,15.284651782213492,15.615213278401228
0,13.656844880320465,15.290211643252912
0,14.052218766538987,14.684736259214043
0,13.400294240785417,13.444004833455242
0,12.93101521645944,16.05185942014123
0,14.189030415440143,15.707349718602568
0,14.228245743577263,14.782701505109198
0,17.117351410142174,14.982668320691552
0,14.337648656223024,14.64657788866114
0,14.325492424140226,14.692344247416951
0,12.351892335496512,14.333017567567575
0,15.402583590611528,15.225197248084765
0,13.245667564191375,13.035328659096274
0,14.19984309684095,15.430860549776005
0,12.365832084853754,15.40946731222265
0,14.073482855980995,14.159014424896476
0,15.379746954578712,14.498790999425866
0,15.079592595198804,16.877257213522846
0,15.723020450455845,14.322884191760206
0,14.434629601475075,15.487507593072735
0,14.610486969060911,14.939304841577238
0,14.016394538620723,14.463641929926455
0,13.541678033161109,15.608242733801639
0,14.242380930396017,15.441502190156385
0,14.287960405083052,14.762577314235424
0,13.260313478275481,14.925993730793163
0,13.818282821833575,14.64892671706058
0,13.876672218272503,14.4509462971912
0,13.123407371637555,14.494484993436005
0,13.394540633596968,14.590338744127065
0,13.866497506999488,14.514758030551596
0,14.871759883756535,14.679804920803573
0,14.584125786780628,15.516275379460131
0,14.729718915500417,15.422643358493955
0,13.176874472185478,14.60348994516593
0,14.665761191874925,15.79190941391918
0,13.597162908408498,15.299833622790027
0,13.748314374193615,14.834977280069687
0,14.667828006835643,15.183231306200613
0,14.850220693894796,14.215414792256192
0,14.373861181610295,13.938328468055442
0,13.855339978882151,16.498920135825077
0,13.566856819250061,15.459555939130258
0,13.721731064721624,14.168736452364332
0,13.062698004267688,15.973558941402402
0,14.083976144457896,15.244699058429442
0,13.661198574735034,15.553207402164391
0,13.091541428588476,16.25052383146802
0,14.550308394785487,13.987356344282771
1,4.260030475508973,21.65741444691977
0,13.620295941939533,13.703782542314682
0,13.86546158719674,14.450844334441546
0,15.003958845050951,14.365866307278544
0,15.69442341242685,15.40431887680907
0,15.23232939059646,15.313425109644992
0,13.935067697995029,15.559919365879267
0,14.073688895650704,14.374998602284931
0,13.813415856126255,13.936048479854916
0,14.882170354652855,15.495409627337114
0,14.904063123983759,14.617675396336633
0,14.834277469918165,15.804430879809082
0,12.915262638722455,17.098663738239665
1,7.048511913843605,21.477591354606684
0,13.757185109834744,14.673773831503647
0,14.559642584184694,14.08449853175169
0,12.991102517001814,15.261691857641415
0,14.152129620762734,15.345771925786735
0,12.612548545220271,14.726395915298236
0,14.338777770572962,15.444951829597112
0,14.102516835925018,14.884322154779385
0,14.399660458212745,14.925815641676515
0,13.727655458985758,13.93239680244095
0,13.908089886815567,14.647194896406809
0,13.734222105497986,14.76080491938312
0,14.709046614597098,16.291008398561324
0,11.82157444919806,15.232518184568775
0,13.37978342629493,14.42107229087652
1,22.491867930792292,12.94210036917497
0,15.207184595949219,16.189470283509806
0,14.124504384259701,15.796320255976845
0,13.98839661640122,14.514958798787946
0,14.597527713296687,14.511539010829614
0,13.624061812543703,15.755702469801756
0,13.378230263281637,13.063449124647498
0,13.720020243810177,15.294652948649022
0,15.211862823435117,14.63709633895032
0,13.636452106133296,14.283452052355477
0,13.564239631937635,16.465906391376883
0,13.737824360178891,14.870305041972196
0,14.360308619227062,15.744364851705539
0,14.644716905956045,15.964231831797367
0,14.620997956364297,14.451753149036982
0,14.396822312750247,14.811596083211864
0,15.066803023871886,15.385997948964906
0,13.599292147065686,15.734208222058482
0,14.311611995666228,14.739383813050734
0,15.897257219433568,15.176142018472907
0,14.833019039572116,15.965347800630072
0,14.817784473081659,14.568190381786692
0,15.102283655639338,15.371564938426745
0,13.68081735137942,12.878840748154861
0,14.106126144800639,13.89218808834561
0,13.783249084528784,15.41805622298326
0,14.369158359831474,16.21941154347547
0,13.561046334953907,14.669793940870761
0,14.158900673867771,14.995196228847066
0,15.6752993297545,14.963590623353568
0,12.617279920776928,15.266726248195075
0,14.343601536561367,14.36188522857805
0,13.630747075152204,14.920101981784716
1,16.179979200445096,9.70919550834048
0,14.127456247797543,15.18568008822338
0,14.276421992417658,14.89789584258738
0,14.282775583443941,14.885427699259283
0,14.332276004397507,15.034441807550955
0,13.692805316139847,16.29291450763452
0,15.554000772246187,16.23504171435943
0,13.394191165546998,13.791384824088535
0,15.708492230855285,15.400858808015984
0,14.928315997828673,13.871463662405104
0,14.061648261325292,14.785520596787991
0,14.051605723444522,15.641031310993135
0,13.933390296871472,15.337405763027862
0,13.0291866789923,14.674419067950227
0,13.798032088616958,14.046297274249815
0,13.180209777500654,15.16564250672385
0,15.974423668922075,14.447524480785988
0,14.054093022802315,15.46919036715093
0,14.345180891861478,15.520063398125291
0,14.515227222350171,13.590821553055296
0,13.579242802852415,13.842985564306634
0,12.641682729304174,14.204782728560804
0,14.695868456411002,13.657450341544278
0,13.855098863532714,14.276557275199778
0,14.33182790995599,15.527897682295887
0,14.443463553154388,16.195083979411137
0,13.54323130414063,14.489382939508713
0,15.090283383110751,14.665548180282343
0,13.21315208881864,14.744720026202735
0,12.553796381966563,15.457273092763069
0,13.183179003320344,13.594885375702129
1,13.987735230710687,8.429872106702565
0,14.64908336738231,15.391228147432656
0,13.995718613849853,14.426696861590301
0,15.74644890345237,14.005768081510878
0,13.967085731877294,14.754753542321367
0,16.37616554033733,16.484206779054812
0,13.61372650000914,14.584613337000087
0,13.918554130123047,15.09842943913815
1,7.638161843730336,23.747367511136108
0,11.928314152103134,14.177346593022849
0,14.791259854550999,14.449832082419885
0,14.806833810762871,15.62220101138629
0,14.11434608382419,13.731657950047607
0,15.489847932396561,14.83408733249509
0,13.277697739468037,14.443542458623561
0,14.788448129321601,15.309250938419634
0,13.951279353412163,15.296785762884708
0,13.842491864906524,15.202337331742587
0,13.887168339692547,15.970722090205177
0,14.09599974686072,16.096009378413463
0,13.82433443438811,14.561571568062993
0,13.674761639366785,15.751423569274106
0,13.357821487479656,14.793378641977979
0,14.667762081983453,17.073649912555776
0,13.69306254076621,15.120437469511593
0,13.705615705465089,16.324999166136156
0,13.89648418733565,15.162727779418196
0,14.57375313542056,14.88447442507948
0,14.35053301158965,15.238030309948844
0,13.796733515320074,15.941818584373925
0,13.802069465645639,14.179693469830903
0,12.454521368061734,14.539483461406878
0,15.263762793421796,15.139381017005693
0,13.213861925360947,16.33647836489659
0,14.006767893094235,15.51887659517811
0,15.44185381179002,16.008384432859685
0,14.318827520153917,15.84496201530891
0,13.276188142809401,14.605884126004964
0,12.992293881538261,15.83139665101001
0,13.719754917012112,15.478068185511733
0,12.266334640149655,14.805734564154044
0,13.549629514531015,15.08549151895212
0,11.947617904783572,13.413619532333483
0,14.978867696768969,16.4742987225652
0,13.915561125455111,17.49533900064896
0,13.88284494493403,14.383159560479992
0,13.866934873934493,15.679844211657038
0,13.389130259706079,15.115413898416183
0,13.895674705670016,16.37861586022419
0,13.7573624125967,13.83219202632401
0,13.66303066970006,15.654094714261955
0,14.27333330844015,15.437757793102563
0,14.56155081891521,14.040957243610041
0,14.305673343141494,15.693135634422534
0,14.415088269579034,13.505069097403114
0,14.057657682240606,15.458165053928074
0,13.550068843058769,14.888267271916456
0,12.949471041189064,13.520894421740365
0,14.175560087938084,15.35982600533443
0,14.154740961951019,16.537242022981975
0,13.678010816876235,17.17381695903199
0,15.709662716648062,15.178894724682769
0,14.56536472666201,16.419525856964643
0,12.800368049930391,15.833004795393181
0,13.155592253927644,15.11426733987064
1,14.479514844630001,8.66584093869185
0,14.41743826902761,13.659546323442166
0,14.214426601211992,14.380670240469392
0,13.49117311324842,14.16733629660191
0,14.32962606057701,14.979339089879499
0,13.672178757772754,15.321377908087948
0,14.712019415439045,15.75681915266656
0,15.568686960355809,15.041898730367885
0,13.309976706034226,15.815037916210487
0,15.481995651140803,16.475729590036913
0,14.117635626544997,14.830019461865826
0,14.265096449613635,16.085723633784887
0,14.060764999134562,14.060736056958087
0,14.332962528250656,14.867442295800357
1,23.528399771130154,5.2474745623773105
0,15.739454305944253,15.633153841350444
0,13.325734378694708,14.545774894072377
0,14.562004733932124,14.630541694550134
0,13.222638681615372,14.661312525914793
0,13.021990741370344,14.833450712230844
1,14.940717059342896,12.5
0,14.439291879362827,15.150249009684016
0,15.05896321938856,16.310596447835163
0,14.467516948630777,13.497888554926217
0,13.91382085535697,15.656951766733899
0,14.305340693653193,14.70054783553935
0,14.386074197052041,15.017880678760926
1,18.146601003898205,12.021038568761405
0,14.971293396806571,15.493200265629037
0,13.847518376900558,15.540256587350513
0,14.448587080403474,14.489217763484861
0,13.690163180793423,16.175160388252145
0,14.26873276976207,14.321484202560343
0,14.85196795865697,14.854086614437701
0,14.79846256966069,14.904311581326589
0,15.755832760610014,15.427092512075575
0,13.244429900141364,15.066490406502423
0,14.517418527115131,14.656795434377248
0,12.621195261841336,15.570628707566277
0,14.43260807283665,14.64229574541912
0,13.991722286005535,13.176650072382028
0,13.724819007119955,15.604195171837583
0,13.335727619215282,16.692794608530445
0,14.9157083180024,14.528150613182605
0,14.298031792496626,16.287226281290238
0,13.159900033776033,14.010362682463962
0,14.754722838357578,15.34836808772492
0,13.097332687985404,15.91246303027388
0,12.732629098042544,14.08304273900742
0,13.314023774308257,16.547290570806524
0,14.168037539378528,14.61923804591044
0,14.468492687713956,15.40446912260835
0,14.293634493611675,15.615948911300102
0,13.920571100521947,15.388297592988375
0,14.276162039587724,15.346734455684386
0,14.218358807836808,15.73554781656897
0,15.687448305027171,14.344028503288895
0,13.728414565807634,15.6728455137603
0,14.059688939551473,15.751661137511055
0,13.58692866484032,15.516287128636995
0,12.91437737667148,13.482104151715925
0,12.101438164529135,15.147945543543937
0,14.937358026861363,15.231458976524468
0,14.088816000891244,14.439877492573476
0,13.958101130413121,13.577234603448137
0,16.139842024966367,13.427569171876348
0,15.265008344215467,15.888433725057077
0,13.953673180660862,15.065391864959434
0,12.733356119580321,13.40636151769166
0,12.70449647152566,14.298968597951411
0,13.164035624056371,15.66380117910054
0,13.595840976074173,15.59740357972303
0,14.285880325396244,15.30357754082378
0,12.931656424674188,15.352313312313134
0,13.9310474953415,16.099557693720556
0,15.597901998110217,14.775865443012346
0,14.272174591398038,14.471694146722765
0,14.439527901457659,15.459516668767861
0,13.157767554566961,15.290700714535795
0,13.483897192317908,14.685982039259045
0,13.880860210101718,16.035873611168693
0,15.894707690319432,16.54256525254719
0,14.559205403403254,16.189019475332515
0,15.77486326802526,14.632302541240147
0,13.926878432686856,15.342528981881976
0,13.857603029873873,13.695360045177276
0,13.11902505523079,13.744293066756047
0,14.864640053781624,16.166132583588123
0,13.070333945047967,15.032445479276896
0,12.944253023382453,15.25386917841985
0,14.412838905412176,15.371698419461191
0,14.57237734535089,14.83787169033128
0,13.640821001459694,13.62871896308807
0,13.947069183387676,14.442624861650007
0,14.256477718985204,16.324964605727565
0,12.388413962029375,15.156698311422355
0,14.773438436894581,14.36617284965532
0,13.275417966884222,14.39089592013791
0,12.92670479230136,14.061472367323645
0,13.983425707678029,14.189586721114232
0,14.830929143734537,17.163150540451884
0,13.395905965022104,14.303657233433697
0,13.75895154223433,14.543327012851313
0,15.63384941499693,15.4809480295983
0,14.653862258355415,15.428016130145346
0,13.45390677025296,13.909997961151134
0,12.72101863689184,15.284910505596159
0,15.130767854015492,14.004637466840391
0,13.570110422545934,15.265364684706402
0,13.523738827416333,15.115558638327535
0,13.073018919364854,14.407590080877284
0,13.876375487146547,16.7360265037716
0,14.207245088303837,16.230272164946868
0,14.974805009524966,15.420194023511858
0,13.978963635464511,14.962767000875466
0,13.239687242888037,14.943912915912351
0,14.36207310111173,14.730877763216622
0,13.08687938279871,16.786113833559156
0,13.7577634363796,15.756521759833545
0,13.876507839582898,14.32427075389
0,13.848840584882081,15.724713300340651
0,13.96499918596536,14.924148863730318
0,15.139848588920445,15.279399650956144
0,13.757017815090633,13.548789893131179
0,14.022820113878764,13.115304738000573
0,15.469838245829754,14.78251915477624
0,14.55963473001935,15.196640369300788
0,14.16286960226766,15.631642845998037
0,14.058223962134777,14.065547370834132
0,12.1696173641372,15.032989608145794
0,13.978548183583774,13.965626990005683
0,15.12822712325274,15.43556162572402
0,14.275348653132085,15.70705777688209
0,13.250191281278822,15.245771156677435
0,14.00147291640082,15.290414324166301
0,15.739841452832685,15.157153444498773
0,15.326907508784718,15.5169165013413
0,14.446324965157277,13.77809557424094
0,14.385643872753109,14.99609420868015
0,14.424128087870539,13.340903072167569
0,13.839932200739069,14.881502642716114
0,14.954536529621269,16.821476796008607
0,13.147668793399754,13.988615247442551
0,13.177534078826625,16.236638989441307
0,14.23511650217364,13.231491606129923
0,13.720785827660595,15.595789251939614
1,22.3583659891374,10.194664629472852
0,13.482449728859553,15.431521384429828
0,13.386620288523412,15.254655740562145
0,14.016250428510034,14.527821642038523
0,12.487705260266974,15.380058735606974
0,14.620492882082226,13.953681429850095
0,15.05514262924037,16.495618610459093
0,13.959441102718268,15.188407544803576
0,13.683073805057958,14.258578396886076
0,14.840713956763867,16.52531306757725
0,14.314542897441948,14.324887339651438
0,13.395384520850474,14.594852646383213
0,14.718830554296748,15.453918739963541
0,13.56552621507819,15.843784875721031
0,13.584591119862278,15.16765195865264
0,13.595396490916064,12.80530710309841
0,13.2914361155488,13.914793004736508
0,13.352998545271895,15.467433405714914
0,14.744165043856414,15.504525046838925
0,15.4936156023626,15.408470044713168
0,13.576551238306049,14.211801863191134
0,13.984725196916903,15.47427385846401
0,12.695218458567217,15.049096604562582
0,13.524661349736464,14.105673600932498
0,15.42218257586785,14.755789131945303
0,14.56791817078182,15.01129898320144
1,12.741722940385134,11.020630147709312
0,11.962195340917173,15.522898014446216
0,14.556140428066502,15.971971505421932
0,12.692274946854646,15.721695517371275
0,15.10030409466908,15.324527173250587
0,14.134389761356534,15.610970375542324
0,12.117186688410003,15.394133256514237
0,12.027054748716713,15.809760228943102
0,12.860814470073926,14.113950373037921
0,12.346224302602126,13.909711528236965
0,12.237268797663203,14.99757867646407
0,14.251312679781938,15.928855004024609
0,13.533219415893466,14.693613768496624
1,17.997651890681546,8.951799332556599
0,15.427587455392034,14.861935488885802
0,14.331886457957003,13.862041078551155
0,14.969974763190482,15.464419659030659
0,14.385348040402405,14.528110958569691
0,11.774832922599883,14.464370027785154
0,13.633783540146172,14.70653271770785
0,14.064488265430967,14.510962984521266
1,5.411530184332226,22.223525017693657
0,12.518697326470908,14.844661014227286
0,13.999144751568657,16.183923804318077
0,12.691377945509988,15.008949103426147
1,15.103699944800788,12.5
0,14.025282369705344,15.820552633488571
0,14.977767182086838,15.40615875480188
0,14.291112684729683,14.61546730026032
0,15.152223602374349,13.116852050929973
0,13.766077517951384,15.316045010505352
0,14.547931845834468,14.262230173042505
0,14.149299999986205,15.155105540900303
0,12.58909959841364,17.246231319639932
0,14.162843123069752,15.513275244873332
1,19.376982661883485,11.113445673866778
0,14.915148248261817,13.532825454622289
0,15.754255471977139,14.441030413370816
0,13.149796124295275,15.338659498821555
0,14.263402200759126,14.61480088805989
0,14.694366993926305,16.86179544352213
0,13.767351085412365,14.47728073662067
0,12.854079200620784,14.867097884183677
0,15.824450265399236,15.370296233464135
0,13.8827624074424,14.702926570959775
0,14.608821318381983,14.312935468984074
0,13.624390465025156,14.692609989879244
0,14.947588510616713,14.99742930266361
0,13.727386077882567,14.20637601320398
0,14.349622602963105,14.641457692066075
0,14.959435942659217,13.059576344565397
0,13.519887002053023,14.38325041610157
1,20.48621732609559,7.358635863907903
0,15.808410535611426,13.52105984911326
0,13.73310799281761,14.935364193768507
0,14.32755899027843,14.518170185716128
0,13.695018186306944,16.29997163362856
1,15.205145215136389,10.116120066224505
0,12.878717089961858,14.77086557860962
1,12.741247956656675,10.682812429705052
0,15.149961824828202,14.45872277297284
0,13.730872965769468,14.532191091545311
0,11.577163828531557,15.969901091876116
0,13.153903611755373,14.965827647383
0,14.753760882144642,14.801877022840898
0,13.262521001614804,14.590746223642304
0,13.223652680115919,15.663262627518614
0,14.646493041602284,15.531671893232263
0,13.215027950473772,15.50718621190569
0,13.663733196112885,14.46835322345941
0,15.105613381287933,16.37190190735163
0,13.053347203679184,14.61001822583568
0,13.831035316806403,15.601091850549786
0,14.573050112175746,16.14964417954065
0,13.973072686764153,15.776355224034408
0,15.128493981424423,15.219040681236997
0,14.614689595905556,14.388925613518916
0,13.728246626906948,15.001464347944383
0,13.799458781074518,15.100909558015399
0,15.994460995220374,16.046146769037215
0,12.950356539789198,16.532227039965726
0,14.663133269836033,16.456640385708084
0,13.830655237423782,15.531682522346161
0,15.359252556579397,14.72039834815208
0,14.494823553330928,15.787062449216464
0,12.501671738952826,14.102363118772796
0,13.84946989130015,14.89412850960843
0,14.140504409269136,14.73645417899804
0,14.395219574311778,13.657154720187716
0,13.640715898623402,14.765060645321006
0,15.206026882494005,15.411510826963784
1,12.97238208283863,7.658284041503062
0,13.732167491669081,15.883848973044673
0,14.458414755975422,13.998539409618873
0,12.786201792906112,14.23035021398569
0,15.057518197449824,16.130979565493103
0,14.395166302343178,14.12895857762277
0,12.500713103324298,13.735381795607033
0,15.039660764810032,14.107421487339789
0,14.991029120108575,15.597874161944185
0,14.688553826055669,15.715295819165975
0,13.163957104356722,14.728541545901095
0,12.953639579197151,15.386875991633698
0,12.963740963274851,15.117063482732094
0,12.66399466698379,15.247916561612838
0,13.906070440547696,14.060214692881566
0,13.63483803426622,14.661991556955952
0,13.438555326765098,15.36428826921769
0,15.089042763266942,13.95518176379254
0,14.389400756821495,15.339625973260617
0,13.636564382171745,14.425633714036211
0,13.614921164908894,15.616440723029132
0,14.791610349362609,14.877800314170912
0,14.094563777019603,14.838050684106221
0,13.54399367099115,13.928779981931905
0,13.835618094410346,15.910241482814284
0,14.518051405737761,14.052600109503842
0,13.22827503190337,16.12736698792608
0,13.698177110775637,13.973531694257275
0,13.42837388915985,14.252065161787726
0,14.48459300431927,14.781037546736188
0,14.146239841062606,15.260317091661841
0,14.249395976106781,13.67789194296795
0,13.128053361345804,15.153684539064349
0,14.200561447589402,14.395069720665385
0,13.127156935743791,14.815944682432598
0,13.698661132838378,15.746358769895071
0,11.636623646034964,16.265194433383357
0,12.665253315677548,13.939718432182765
0,15.608179605325773,15.89758569556343
0,14.181256917762123,14.795420179676398
0,13.921940971511916,15.147673425769957
0,14.548354716821647,14.574437446108597
0,12.910292252172312,14.606565618627982
0,15.66986690918704,16.175818183184518
0,14.274030995968827,15.248302313882515
0,14.00762740997207,15.64529567607127
0,15.84715589718598,13.863343729108626
0,15.895024641821685,13.669724486034777
0,13.134400186190506,15.548775517418356
0,14.802167974863272,15.420582485659146
0,13.379635652935741,14.401032233470708
0,14.609492417683326,13.594282719977258
0,13.904513905661062,14.820552469198246
0,12.810848620931303,15.649650673446754
0,14.367186826696846,14.70353886277045
0,14.681214522610569,14.356587863863775
0,15.346586504584323,15.87585588885091
0,15.45737521944856,14.545766520976507
0,13.676572486918612,15.187493244455665
0,13.844950450526039,15.2039165912465
0,14.089165115745303,16.365861662309893
0,13.225604372521474,15.945108393589583
0,12.889933008978586,14.737916558297437
0,16.66326525157816,14.547260762326271
0,14.415816323697287,14.622515650736688
0,13.835367071714836,15.68187748985722
0,13.85302617418113,14.071918851347906
0,12.895900871449763,14.414345715914596
0,13.959098997205661,14.96976658370189
0,13.518024100436334,14.668868386482089
0,13.216302261800841,15.126517835741806
0,13.182269757392104,15.074050709369155
0,13.981126843082208,15.889462151691236
0,12.159726678204796,13.274645377921777
0,14.130732927682486,16.639247316046102
0,11.564807709196625,14.056720339486525
0,15.199247635748305,15.916516807262774
0,15.107669613251742,14.407224486058034
0,11.936010160405036,15.06429526554336
0,15.172419998155966,15.240202744764337
0,14.252784280843493,13.967585550721104
0,14.089255266688031,13.39691516331309
0,13.488512198342452,13.728578039980837
0,14.173775130868329,16.107581105196314
0,13.046260435860734,13.40991326160133
0,13.851984017084732,15.149382439349978
0,16.01544045269146,15.52134247940026
0,14.57079445331841,14.485514756482004
0,15.143776394466599,13.57108280158865
0,14.021452901726324,14.081368337146019
0,14.021684872391468,14.836537195147542
0,13.183879796982326,14.805147822320714
1,5.216345249034206,20.53565452885671
0,12.850823469914893,15.741584094399565
0,13.541651516080735,15.946035960781684
0,14.376615772301527,12.894994338614822
0,13.743070533573563,15.066252380984997
0,14.558224437308743,16.038049759693624
0,13.729349456048329,13.970646754649417
0,15.494001378629898,15.54309337156409
0,15.030703961729092,16.61189747426545
0,12.454901765529389,14.922911936471737
0,12.93401078718387,14.361614200333507
0,12.82109329128417,15.768375291199625
0,15.235000750412764,14.499333911743015
0,15.093052124453157,14.094865662360908
0,14.828038913889332,13.310767568640324
0,13.462167814662632,14.783165688527468
0,14.989330367899745,15.007800890703654
0,15.311154143015127,13.518062591609505
0,14.634990444984348,12.561750143704177
0,15.077748233113335,15.26202271113591
0,14.200773591641585,14.910991162519913
0,12.606142291895209,15.114421114176055
0,14.249058267689536,15.005752661318843
0,14.709132454630268,14.975805607715179
0,14.732715023824426,15.160896477977316
0,15.702146998285002,16.02617495657203
0,15.761633315925643,15.17688651017179
0,15.23190146243341,14.566494548027123
0,13.617074747671372,16.34538390271599
0,14.294826503389942,12.945944838304367
0,14.845079120477795,15.65915209495608
0,13.765984652493406,13.68309279953666
0,13.213427975905034,15.815832138795885
0,13.750583323451025,13.89804654034703
0,14.222924576501255,15.225957280807876
0,14.07849780526272,14.277255383351594
0,12.953554718599372,15.06961699769164
0,15.961033598484859,15.570940272237882
0,14.023586515500828,14.73253982887962
0,15.877760511074891,15.874612136452331
0,13.810024119196749,15.86867074583459
0,14.56708608762906,14.508917287780351
0,15.61959863250892,13.557740620839775
0,13.478661385627994,15.653330286503422
0,13.949798024427862,15.266088021682512
0,13.816996124187193,15.800380220756008
0,13.34393663520787,14.676192769914772
0,13.48815604480648,14.66903427606197
0,13.287615156498351,15.257730840971783
0,14.433536277222522,13.875555046121631
0,15.483498110762763,13.438761827248529
0,14.169029493778401,14.453894297354244
0,16.84785649969959,14.332837495895724
0,13.715240285808493,14.860528091817631
0,14.232794977226986,14.55489711527526
0,14.733848090334394,14.800025747193477
0,15.415511675219484,16.28733361635568
0,14.965417222034795,14.957396692095942
0,13.905535072480674,14.837076039447203
0,13.458066199871329,16.272580909782977
0,14.783815167128969,13.752168498470827
0,15.861699763600933,15.929454656458706
0,14.410713568000808,15.242972958004826
0,12.127912722201408,14.037296907568386
0,13.52374876395562,14.66418170552093
0,12.185887460639574,14.860765017938547
0,14.388731127374546,14.821595342024047
0,13.83576214008835,14.298026018314369
0,12.843827233388437,15.353927738436688
0,13.801412518634006,14.746960711120868
0,12.842022623273888,14.078695891104257
0,14.964309825403245,15.010059715607227
0,14.270744133751322,15.981068464393
0,14.224435401043785,16.433575620871338
0,13.59053705462786,14.823090992924168
0,15.090245557644497,14.920418880648807
0,13.841488237558787,15.760384701035049
0,15.183799156750025,14.204410369866048
0,14.397460108954128,15.02763683918535
0,16.270139371710687,15.144778795457725
0,13.441883926508657,14.9068826476648
0,13.57488731217579,14.459741056031985
0,16.108539910213814,15.302522286977544
0,14.725708743613652,13.958718002271999
0,13.01516661646613,15.084011249286446
0,13.4326134643506,14.151790112088703
0,13.528432567062968,14.535795601321734
0,13.307750639459286,14.377291861661854
0,15.098458897060052,14.844439425919468
0,12.681843925757944,14.74060433062371
0,14.670058538798102,14.651447780958195
1,13.079651119693578,11.335745274533243
0,14.915836736167309,15.3993573799219
1,5.226211754734345,22.81112497261318
0,15.509475088683663,14.095934000485931
0,13.888378354507395,15.080475951692435
0,14.962776977070108,15.999812949889892
0,12.907156979207034,14.790245453507811
0,14.608464444221989,15.353477454491403
0,14.66376377547259,13.966538541709738
0,14.875423184501678,14.792714012743449
0,15.330295013114695,15.280853502539983
0,13.116807111427217,15.622925048826627
0,14.050146721572043,13.741902636098956
0,14.121535627328178,14.811176621093269
0,15.61795254376535,14.583228938727153
0,13.240871356949317,15.046859759773604
0,14.246318347085683,15.334155193403861
0,13.822202192810362,14.274343655398102
0,13.546337418847822,15.906724866113322
1,14.266738367908527,5.0
0,14.1264960560775,14.032104398955962
0,12.852782635083852,14.683234223430038
0,14.78424936047288,14.516727560547338
0,14.607341711155966,15.713146405958762
0,13.984687889226548,15.529808908580682
0,14.652817605127371,16.61467176589017
0,16.176083625123994,12.670837910683622
0,15.227982141951973,14.662558943692762
0,13.440830992247513,14.62376523632534
0,14.253509138874383,14.471732026590573
0,14.592070832177356,13.763526293340721
1,3.9938433528398556,23.710835359537025
0,12.406601744798575,14.726349958987369
0,13.549920291573818,15.538817219413705
0,13.735872765084611,15.404538666511508
0,14.514630222264294,16.231867573314574
0,15.828632027261579,14.576494091606214
0,15.080857399043646,15.311854045475442
0,14.037241261863752,15.730190016730013
0,13.952538650116642,14.845807043507746
0,13.21979192607395,14.63944697301304
0,14.780541244137359,14.150439443461744
0,13.352660223825147,15.748308729985878
0,14.363485388648899,15.510787157466497
0,14.654840630827609,15.375255803850818
0,13.186284174212856,15.901856685227663
0,14.221698639149317,14.261397350728695
0,13.150142322049351,15.68285211809389
0,12.715399553635176,14.091751729615423
0,13.620178292662152,13.332920725845398
0,11.99757218633651,14.650221877832418
0,13.650142109509012,15.01054177392782
0,14.702921174031893,14.284991704605575
0,13.938339813526465,15.002284060122712
0,15.24504266077953,15.918106081248956
0,14.01212417820695,15.807452228397095
0,13.714985681383675,14.895006630715462
0,14.237558010243047,16.132846869215214
0,16.712234699975184,15.665146279370566
0,12.716052685989036,14.253070448261619
0,13.786053106674924,15.49096185305466
0,15.125704230822633,16.6250750180848
0,14.355254747292916,13.68020708763483
0,16.423867652647793,15.384948258341698
0,14.035463257709583,13.270393738699589
0,15.605811127842609,14.659015058388709
0,14.977581282929249,14.306914443135106
0,13.91947286906588,14.055580944646934
0,14.422464543590838,14.111349879604596
0,13.68306175780904,13.673381255680537
0,11.696911131108187,15.496673986930796
0,13.55562994920807,16.210513125915934
0,14.700998700869725,14.386188942807772
0,15.326579382609644,14.872046647621932
0,11.999118226737945,13.562132775218135
0,13.281392814081425,14.976210654602937
0,13.101891192716351,13.830226905451452
0,12.385419200296708,15.956470887982727
0,13.654069719126806,16.492708796463802
0,14.617562672321064,14.660124718135846
0,14.102763604787244,15.461887764826045
0,14.701146105980952,14.101471928055227
0,12.569301484328179,14.798601194150518
0,13.64505357040127,15.04570753951491
0,13.2424879266274,13.213663756699757
0,14.709141682206413,15.462188234576256
0,13.861001437517738,14.638662783934526
0,14.453807461425404,13.916615666872266
0,12.963748618149802,15.374204927188053
0,12.436227187242139,14.12825699079105
0,13.979064249682795,15.848154973379724
0,14.814042687127376,14.744917310707752
1,14.40696426020108,9.44434458721594
0,14.396358259057694,15.29552979149125
0,14.766886838431857,14.423013561271473
0,15.16056512694996,15.606063226870212
0,15.276577405175473,15.435310940771533
0,13.518769475461067,15.29696120944811
0,13.475534713371442,15.075285771443339
0,14.45288419535851,15.14358521810688
0,12.85243181441968,14.877097286857794
0,14.02270903580685,13.31370135405245
0,14.256365485562208,14.960523948813695
0,14.863139850744677,15.389073108474246
0,13.762375626635661,14.810356944646447
0,14.29751774817285,14.037406170713153
0,14.362435617601246,15.451274306503839
0,14.782430376504314,13.71940947385519
0,12.540196612992652,13.3436981950059
0,15.291564684521674,13.867582424308978
0,13.839186532399356,15.603738097483415
0,13.02414674125517,16.146913321725645
0,15.830730427686998,16.307539723691164
0,13.184117904920683,13.485346874037836
0,13.883942811527902,16.03180993052869
0,15.516397472581264,14.325277792777907
0,14.27218240628261,14.579564937387648
0,13.969379527042635,15.951573389592044
0,13.948846353656618,12.752725258734866
0,15.003547595193567,13.424279371872846
0,14.317219437357645,16.391340302151548
0,13.95917736297516,15.302645792072035
0,13.13121364986768,14.410163157313391
0,13.368665268139507,15.579097199662
0,14.258352405519778,15.87469888547501
0,13.103917599919772,14.409369539130518
0,13.897082508542871,14.960915468255333
0,14.352086287018082,15.184346927861894
0,14.597864586668791,17.08816847964406
0,13.368562921598508,14.281532463426792
0,13.132422219747738,14.016605442431464
0,12.40784651278102,15.97168110253917
0,14.553691840905287,15.717679140977006
0,13.513340059544001,15.629112393908715
0,12.56667211200886,13.633611739254519
0,14.589728523831047,16.250148644727997
0,14.370662294823896,13.487705630533174
0,15.393588439975789,14.451927814832151
0,13.746619268393921,16.168586807264944
0,15.362524650259545,15.604225877504584
0,14.250139036353062,15.374044525088948
0,14.00859029120175,16.17144148246652
0,14.89194670496602,15.587569128634293
0,13.383296322508404,14.535910749575564
0,13.042092991313906,15.226110474305107
0,13.502944545552754,15.62763770060861
0,14.852403755769796,14.84766572612305
0,14.732448459166344,15.901268390966795
0,14.790764409453176,14.920163564007336
0,14.170207358299029,14.868084718821844
0,14.335313885880163,14.986179986333978
0,14.169512672826697,14.422139508846561
0,14.836133939306919,14.281241492270217
0,15.805277721467833,15.596887701694222
0,14.207529904695383,14.13343634664999
0,14.02130351813642,14.359120163373506
0,14.168808829741245,15.69081079070285
0,13.024784335220563,14.395911854423774
0,14.305460479949808,14.488950246304624
0,14.445423075962424,13.98766256139604
0,13.723870442452801,14.70807251763365
0,13.983031609459983,14.804836845565113
0,14.925698499179559,15.791769211246331
0,13.703693780133138,14.92713796749441
0,14.763343276103809,16.06827366238474
0,13.67076654798389,14.933794862808421
0,15.53358289233689,14.13930809918966
0,13.898054147638346,14.689771807419115
0,14.327962761514891,15.171023110372754
0,15.653711792248318,14.703653843772736
0,15.203082662149644,14.165538304480238
0,13.727742035596396,15.95423024498751
0,15.261420508586816,15.651907090713259
0,13.854804768901229,14.687470410768418
0,14.50855655290978,15.355461019115774
0,12.926810635805237,14.3700375493577
0,12.93540173463124,16.416930018088195
0,14.078620506261139,14.547595330552578
0,14.442054373010537,14.492649176119738
0,14.697571325250122,14.016274036957208
0,13.785156362373788,14.068819061222122
0,14.90417075500433,15.903756988012614
0,14.344257110306332,14.97197433592121
0,14.512081396742435,15.392852366928933
0,12.151380527813266,15.681861965935772
0,14.132527410868303,16.227984732047556
0,14.447502177414362,13.66868683891597
0,14.612577038164076,16.833022974587127
0,15.503856156468277,13.864884173859762
0,14.024644370164667,14.8350870614215
0,13.170939798499253,14.788201697834188
0,13.643526853630782,14.202774092309669
0,13.960107702455788,15.809534353193987
0,14.8277407794312,13.756587851707051
0,13.894598612054041,13.96339936831519
0,13.391463289106756,15.940026028086207
0,15.145839093414999,15.079126185252125
0,13.396746527154392,15.772783735452782
0,13.584345210261288,14.513900394448935
0,14.439415491600037,15.98556944758873
0,14.233418073118546,14.875531431180693
0,15.705752222721097,14.209708895199055
0,12.687443052079175,14.923237213301288
0,13.35829329694419,14.55249158833048
0,12.677784483735566,13.557893199178979
0,15.017568690668808,16.32019313201856
0,14.586958583379044,15.755830607688576
0,13.550061880356138,14.331274810357328
1,18.167881641131707,10.26486985622811
0,13.025375469812218,15.320225099032871
0,13.828629308228784,15.224877342833931
0,13.46797679047574,14.691291656360704
0,13.793986288833374,13.465471893122212
0,15.007970581983084,14.848731517200768
0,14.330883612807966,13.528809896760707
0,15.412730983970647,14.186138061966702
0,13.607833672123219,14.649659014946318
0,13.676082455595921,15.629643947517247
0,14.508753424120792,13.4113415902176
0,14.872874115491015,15.38396681834727
0,13.071587376361666,15.988967084574103
0,14.762511258368852,15.558169316156576
0,14.511860363016703,14.105770898677882
0,13.834955347957132,14.92590848409017
0,14.531998005180757,14.84717934493624
0,15.724744940185776,13.979122106627848
0,13.527266427667477,13.912384696511271
0,14.945845216803367,14.540662604034221
0,14.066751602713865,15.114586969586783
0,14.374420082277599,15.668490955598207
0,15.480122952912206,14.165662242757236
0,14.344677274205399,15.666883821185952
0,15.03174850460258,15.25848910222041
0,14.72415372346509,15.640594286759997
0,12.454449712053854,15.168757941832897
0,15.095630677192256,14.736884271506012
0,14.549986237814045,15.799842215175797
0,14.107133814162628,15.085971464968914
0,13.946529428503867,15.400275958119654
0,14.268398268588816,14.09793592112375
0,12.853654062661128,14.292021777696863
0,13.590179311151436,16.411334448520556
0,15.15613348029038,15.859195492891015
0,13.297984887751053,15.139861615661482
0,13.857239146959827,15.079492045998721
0,14.346543398432226,15.693878340222824
0,15.580280631159205,14.523002978605616
0,14.894727968595522,15.244348144863688
0,15.079953240351628,16.994732473869067
0,13.582728946716724,14.60841526250928
0,13.800931784832727,15.418025606024448
0,13.391751748980216,14.113678914519085
0,13.906489996679388,15.468472528789116
0,14.712415612372546,14.874647550474677
0,15.501463813141273,13.590211793476794
0,12.90504334237409,14.996649275293551
0,13.07507308585173,14.852771185164094
0,13.334454109259063,14.712949024032001
0,14.187218967442092,14.972106387032767
0,13.035460600932073,16.48316861716594
0,14.324478796976608,15.572871951280923
0,14.057540139581103,14.785238932377066
0,13.25898563749791,15.959381296779352
0,14.760873108467985,14.961058369021654
0,13.99227342848282,15.059850132995019
0,15.123162013929521,16.12069254308808
0,15.069953309306054,15.574811039843976
0,12.784077813538724,14.977458843082605
0,13.960377147827575,15.20710435001442
0,14.208796758441894,15.320603483803607
0,14.091437567384624,15.201341234333535
0,15.120321221530661,15.372790572459877
0,11.857097353915698,15.857328765944168
0,13.254971464505548,14.599387326041976
0,13.840090645797718,14.391396773847756
0,13.1337689017251,14.713295532777796
0,13.286378709290439,15.583250820687033
0,13.638322841835985,14.380388222221434
0,14.143734983133808,15.479477472568838
0,15.134381812857619,15.739594295895587
0,14.562251467274017,15.61997392968602
0,13.656433002830932,15.59272529513882
0,14.985783582584967,14.272598912038951
0,13.746887330928182,16.023060120545342
0,13.651725136933532,16.172807959340552
0,14.689557342134975,14.657311856099938
0,14.495403357850144,15.801179660074995
0,16.303370611431596,14.47277454627123
0,15.532593743091772,15.64438244178218
0,14.414650190814207,15.574737177193292
0,14.076762600862946,15.56570825604177
0,14.046497823334448,14.467490379089574
0,13.84865954933391,14.602378784741965
0,15.037935375730402,14.787665034735415
0,15.544584302811591,14.08642010929556
0,14.155356541523759,16.30427757861831
0,13.780657580370725,15.917433910579213
0,13.860295739790837,14.852164365152456
0,12.478116326384976,14.151270528329352
1,18.764636376695773,11.629514536859942
0,13.406578035810341,13.989505959324996
0,12.420278183282365,15.047730681260685
0,15.446673310984888,15.782051862807723
0,12.669424549909222,16.300990039414586
0,13.356241731178553,13.716422833440015
0,14.567415149614348,14.207794305447258
0,12.995246223787218,16.495457034537488
0,14.230054530239542,14.556822889625634
0,14.630718029758535,15.54456562801567
0,13.511847632821882,16.094857241395488
0,14.819495987277117,15.321195431846082
0,14.96669155425504,15.469120521313377
0,13.72742684419289,13.203396272823674
0,13.087551102698647,13.872950667845867
0,15.002189570948332,14.980464373261857
0,14.738644253373781,14.656768947242869
0,15.753331512599072,14.983664796030428
0,14.995231607181159,14.516776646593566
0,13.909415381667554,15.605821100710724
0,15.108304668529499,14.462697508781599
0,13.58585572854931,13.772166489365334
0,15.32885500891735,15.049629830848563
0,13.454289647559426,15.343149694201394
0,12.867896689417847,13.289154159380853
0,14.884001587923832,15.43585565627656
0,14.385099974467622,13.932940865436096
0,13.227088707022649,14.345370060256183
0,14.289057638585454,16.705513489096163
0,14.021790410202806,16.21364129867619
0,13.454998268058436,15.60379181053666
0,14.980118288999535,15.303236911469945
0,14.05509052775721,13.978374660710989
0,11.786785087631747,15.724165371596625
0,13.459120486865748,14.724390852005557
0,13.749333165888403,15.874454610844824
0,13.258242223344437,15.184704720581319
0,13.994934505842323,15.178549163909643
0,14.670288584639968,14.96356119665882
1,5.948491085292851,22.684377185203108
0,13.714790500795939,15.485792799321663
0,16.349800261785113,15.467148145178605
0,14.019226844041059,16.151618151922495
0,13.29874699346343,15.323112081253845
0,13.68523797914774,15.124692736691514
0,13.737391090730386,14.9071571848453
0,13.928306354272761,15.956504886493933
0,13.67951599092243,14.765872126228093
0,14.287727207770661,15.154922719346194
0,15.11468201209143,13.847303846227376
0,13.514088627945476,15.807611463851956
0,14.540973240612493,16.449911158963705
0,14.427481752725994,14.680161612429744
0,14.947278331334497,16.9002557415198
0,14.526484095384486,16.037050630374345
0,14.154896858769122,16.402580820101967
0,13.767882743596443,15.736664960867259
0,13.936817401918459,14.77864652237643
0,12.233230733141463,15.107733128763762
0,15.311825872055493,16.8159477825551
0,13.585925578013283,15.91864200829142
0,15.02583912030589,14.45139561854623
0,15.475038948556879,16.91749218372305
0,14.113501223462498,14.984040594571542
0,13.838719938616233,16.09702913161918
0,14.687640620909212,14.878491060568708
0,13.802251645421157,14.745481237047775
0,12.753073574611177,15.230312131026015
0,11.845041670021336,14.760221085073125
0,12.98975329271012,15.532431289923036
0,15.156355764430772,13.509424096121986
0,15.210500110397504,16.21242460449771
1,5.7327245616646625,20.825234826262196
0,11.788542680122466,15.510959967385295
0,13.508565778544245,14.851224051127561
0,12.880426879903572,13.43885111106435
0,15.962972542808412,15.584886945199713
0,13.689447475550017,15.108930999267992
0,14.27965675890759,16.00252157817995
0,14.550999484430772,15.446183846676321
0,14.846692396638732,17.005652856711677
0,13.420422991104791,15.94656575267663
0,14.761714113954987,13.391178662725483
0,14.33806567655075,15.341968568249337
0,14.51861722060977,14.136900026272071
0,14.754741702936027,16.913811892763064
0,15.36007293892921,14.41922292619786
0,13.691376368049207,16.400957961551175
0,14.16753727280159,14.543916685025497
0,16.40045944420476,15.605661115489315
0,15.24764630404365,15.197917126612875
0,11.775104104794893,14.272814992265737
0,13.85486728680372,15.001814335596544
0,14.205132500791526,14.379008869763707
0,12.456255960338739,14.686493487848274
0,14.434739059323183,15.371553440819746
0,13.913204132597038,16.14186653008935
0,14.699301193150216,15.799408069920132
0,14.050031844967561,15.567729154370218
0,14.392393084828544,15.444018191740456
0,14.420914632963157,16.254352092785773
0,14.659152448535558,14.58827545272287
0,14.22949920270334,15.06199346855773
0,13.405337794477154,14.47309545422332
0,14.100599582458004,14.939581925906278
0,13.501300731063063,13.187092664260307
0,12.771773084733647,15.036895394015797
0,14.083639631397505,14.323795425455504
0,12.860645291279118,15.77653668731189
0,14.793353170184956,14.574912327696357
0,14.2954323558797,15.33911589654702
0,13.58354436869339,16.564915963823704
0,13.278550826683068,15.99724294686986
0,13.633854334609223,15.04291321396099
0,13.830917213011045,15.510876986613123
0,13.538351932636518,16.149940295073318
0,14.064176817037723,15.43148921838568
0,15.151846262583621,16.24876428812441
0,14.86518360923733,14.948562623287337
0,14.904977565982971,14.778305505869685
0,13.548908582898978,14.705827426205197
0,14.136598145902179,15.141347461516453
0,14.698731378509315,13.991352885687615
0,14.064072089703377,15.25740840816
0,13.602263805110967,15.018014632839634
0,14.960033100182661,13.747377960485723
0,14.617456951024803,14.359059227902986
0,13.486718832879916,16.371708975116558
0,14.805266143831103,16.725418908638975
0,15.430065724652925,14.919679034351624
0,14.380825020457726,14.704714511846468
0,12.779357733259292,13.062701251553653
0,14.030470392380296,16.13407774916338
0,12.76717689042766,15.618144903414414
0,13.3564191424065,15.00368837402505
0,13.702707029491972,15.543784756238974
0,13.975551097000926,15.729144397905285
0,15.586573364830393,15.92700863819539
0,13.579538430189396,14.477148269204122
0,13.455948611781087,16.040587580403688
0,13.547401461353987,14.907578509025605
0,13.947899917720804,15.041821093373795
0,16.04914672722517,14.914340340368458
0,15.105554871377835,15.572364932779399
0,13.969521580686319,14.211814252243116
1,5.532697674720661,24.920357559884856
0,13.5157419045643,15.88232650011827
0,13.735296098838788,14.661845268475174
0,14.423582249475372,15.392295085627698
0,14.558257050957828,14.159264423586414
0,12.908424661903032,14.496018009136687
0,15.264470716503524,13.608607294152726
0,14.579855857747926,15.21542350974286
0,14.897015109482618,14.643163430061582
0,13.785355318906161,14.96754266039088
0,15.391739105758777,15.16475261862372
0,14.445167991370269,16.11147411720174
0,13.745149550101491,15.710483607642821
0,14.419767757359292,14.123046028047167
0,15.547935730088058,15.117222357416605
0,14.413008447808451,15.069582896173445
0,12.871621971359914,14.696060511658196
0,14.220635527464875,15.203785948847687
0,13.427155312800373,17.116633184517262
1,19.90257920505333,11.295984954782043
0,13.510833512415443,15.391879900319122
0,14.370069995983247,16.486880784787587
0,12.885488900730873,14.920108226876751
0,13.48091473937382,15.477660332653048
0,15.065677477715127,14.455812770488684
0,13.577378903278712,14.655096197235535
0,15.864706798141528,14.845122458957643
0,14.835163634420626,15.12523372785094
0,14.22837436159702,15.92489036520515
0,13.604631614523205,15.282476335929335
0,15.663705747758021,14.447125254026465
0,15.464527399436703,15.45461445017594
0,12.561374580328314,14.448316187952617
0,14.978604019094774,15.433275095331869
0,15.567126308940383,15.23250036225864
0,15.329069227693696,16.7040181529129
0,15.297875526081594,14.566736908757875
0,13.322964696504803,13.499524658613725
0,14.486771557326657,15.947079994848925
0,13.33178814497311,16.034880240882085
0,12.788584829017434,15.91781081011108
0,13.54380162073713,14.96097607912172
1,21.985440348473492,8.84411923434884
0,13.807954412958363,15.056324132653792
0,13.803254146762281,15.018822557644588
0,14.156101694645432,13.6038051238668
0,12.9094995310334,16.248852606125503
0,14.022706656539526,14.686322341563935
0,13.53618560473744,13.759756006042256
0,15.127295955512027,14.718329072880433
0,14.552876273568684,16.293202959417535
0,12.989342288687284,15.159282765340333
0,13.585404725036662,16.19542745667153
0,14.88550506287244,14.961335100048188
0,13.054352685710711,16.500582825666925
0,14.047604826219183,15.229917060713602
0,13.203203491547084,15.294985612580907
0,13.877305854120946,14.089274173544021
0,15.222046092017717,13.899257411285562
0,14.651512325151943,15.7513910891276
0,13.566251181161356,16.971730721694005
0,14.423962426565646,13.90112274964779
0,14.251331378966412,14.362250540994705
0,14.733544155986612,15.758752315207936
0,12.642018833867807,15.645890886947855
0,14.935823360076672,15.924394172315035
0,14.691963830732703,14.30497865417988
0,14.115283459600736,14.534027406246915
0,14.138438119295774,15.575905661550511
0,13.291849152735912,14.050632343624098
0,13.92129825782251,14.363926591985736
0,15.467674971785618,16.605216243750327
0,13.072159314321041,15.25999919226768
0,15.546439207167888,15.208313693658924
0,14.654506855636441,13.139435405132676
0,13.47642347730619,15.464809936256916
0,14.87237795892326,16.254210613598453
0,15.762683157713116,15.775916365256377
0,15.661194869386438,14.82181967870136
0,13.411296046852073,15.45045579486181
0,14.019729609417167,14.25150328387662
0,15.421682724285823,14.891338951505215
0,13.403969648235638,13.626870795227491
0,13.88598281432412,14.474568028629266
0,14.203047971526233,13.75838474986685
0,12.346343193492745,14.386543858889473
1,18.038889664177816,6.018109728065095
0,14.373097340342804,16.255339215858147
0,13.481701931053374,13.549385410036466
0,14.468681866806923,15.345932112034236
0,14.51299061612352,16.63765649745126
0,14.403284216113045,14.041647492824076
0,14.21806194492408,14.812786487221528
0,13.848656825645545,15.116476479884497
0,13.731213448914234,14.001547971768609
0,13.787365200176426,14.590964987596129
0,12.969688993409012,15.095461545392753
0,14.393287892283643,16.897008523064518
0,13.538273929603616,14.928136871740053
0,14.558840818739402,15.292940534478939
0,15.44052699256961,15.432849816985277
0,14.58144723613342,14.816985582629142
0,14.326941300327093,13.787089779180894
0,14.052349766116999,15.87383316179311
0,14.521515670416314,14.834421883686398
0,13.819305369613168,12.891978770709732
0,13.121077770610315,13.872718299780695
0,14.169503552057504,14.246530504501125
0,13.98755298676716,14.240446370237425
0,15.528744870131554,15.17738785081026
0,14.44804795276826,13.857595216019595
0,13.640787348920687,15.538302222879976
0,13.47159180686474,16.901494740394554
0,14.594580237215128,15.148382843317265
0,13.40734512807582,15.28569549202623
0,14.622298269494616,14.870245523363188
0,14.60554182809158,15.973549223702857
0,12.495495619332509,14.149771151257195
1,5.4065707147579385,24.03390723744436
0,13.817289186811976,15.670407331414273
0,14.447844265837356,16.02657611091276
0,13.433261594879937,14.038331128918925
0,13.753283568972115,15.549321567907365
0,15.095317960950549,14.04892602777167
0,12.528296458128708,16.148304387214413
0,14.88335268377811,15.848187367525293
0,14.561930582766747,15.714427295638114
0,13.928680764650439,13.74730815717567
0,14.09123413841065,14.227314192630551
0,14.199393037630873,15.220263859652158
0,14.004190036194895,15.209404184477439
0,14.515302115365218,14.935922831838475
0,15.36806277030958,14.673115105892027
0,14.659379236332557,15.266152470156317
0,13.639709528993825,15.538020575753587
0,14.411556964994425,15.744335162372389
0,12.91281671905047,14.126428460151246
0,13.875293569853088,15.151436943752373
0,14.153463816114096,14.136649372718491
0,12.503088802863523,13.953847948147637
0,14.194403128446538,15.695962947671676
0,13.50101313746018,16.0233453642161
0,14.444890809001379,14.865653869542854
0,14.585680933747676,13.538466121533261
0,14.637902478456951,15.535495150576871
0,14.491084073040549,14.687772187338647
0,14.147329133384085,13.802986038120268
0,14.328292974988335,14.576582413782795
0,14.114407875797253,14.777691735612587
0,14.057125948900449,14.377413860387676
0,12.46790380187382,14.978975793753742
0,13.307141760549206,14.206648932991994
0,12.714645455320106,14.143924092517661
0,14.339436257357372,14.666846070768882
0,14.572311637371303,14.92176428024813
0,14.442179927719181,16.07497726894405
0,14.600246231734074,15.014578687890781
0,13.970690719715142,15.498135154952081
0,14.34861968462644,14.62891972815284
0,15.134329698756018,15.94919658830443
0,15.440864227646065,14.714894753465389
0,14.35777999225149,14.793554559613689
0,14.993229872798684,15.039690987123159
0,14.764138372344998,13.615923041691863
0,14.07788185505829,15.16141111553179
0,13.545383907246471,15.530572246663505
1,19.362389992052094,5.459824779922478
0,13.813941522324619,14.533704388542764
0,13.401207250757354,13.872733351428261
0,15.105534322079661,15.396775651405456
0,14.803267329676466,14.18813598976234
0,13.343255823440165,15.152294694593536
0,12.721259579636408,14.796260043135259
0,13.996735967470674,13.485622112861037
0,13.988089442352727,16.00709781022412
0,13.176217033172795,14.936119308934133
0,13.328136466697691,15.943586686920039
0,14.499224467652855,14.237743717961726
0,12.76025314684323,14.309495963477875
0,13.049041476352182,15.534915499825953
0,14.723160861994575,14.961898619380326
0,13.78895584915112,16.70215893591294
0,14.304739694611003,16.54566243216378
0,13.373584975888994,15.02353089979226
0,13.199691310384507,15.083657419501776
0,13.282262924091686,14.243195417160923
0,13.620980148407464,15.412504074311725
0,14.264361475737086,12.781062651832153
0,15.259372843590096,13.83129681516434
0,13.53041389808637,13.0278553640691
0,15.20424948975701,15.081848797148725
0,14.836391021542543,15.488023392277153
0,14.986667802249169,14.725898961786886
0,15.092494549485554,14.812815738990054
0,13.510590419485057,15.506203058592833
0,14.315051103237197,14.38755977721365
0,14.032688002723589,15.442046446385385
0,15.593346608649073,15.751489879690304
0,12.788594231230874,15.39859636453617
0,13.858444728804379,14.21876602926024
0,13.980161431335896,15.34363647068482
0,14.523203160388855,14.370015043399983
0,13.772949225060673,15.372788672288475
0,14.701344762957593,15.9211941105598
0,15.31208366721513,14.326398415426938
0,13.578449390961751,14.620984762299274
0,13.014817568624446,15.86211551574165
0,13.508014430445424,15.733636821538008
0,13.23903764661209,15.33166239719957
0,13.871755744384869,14.89811971757103
0,15.398990593585872,13.778865292268865
0,13.33724961289331,14.040989658496873
0,14.510604460271868,13.89368483162586
0,12.8789480648341,16.59735512881111
0,14.514586902119445,16.037084444778674
0,14.284863149594193,15.001721710596506
0,13.513533971568895,15.475857249746744
0,13.745387894978908,15.959992448088515
0,16.24790861329157,14.493290831385243
0,12.902259610230077,15.320368380141218
1,14.394882520241017,10.177343454489407
1,4.19117529912892,22.140256536754194
0,14.567277453456363,15.197795485756858
0,13.205885004116926,15.912694413287367
0,15.575513818712574,16.438478144921913
0,13.420018888739193,16.234186838716017
0,15.139836653442766,14.523125200724635
0,13.960110390737139,15.038970371167197
0,15.046350556935167,14.941613430189754
0,13.306380090516942,15.96824954068814
0,13.636140158853793,15.667558659325206
0,14.915657657933703,14.851608943909854
0,15.230876374438253,15.829048509396353
1,4.392741069462399,23.272791805678
0,12.692268724771882,14.857040485838821
0,13.503539744579902,14.924085347845562
0,14.78287275196512,13.638890292751272
0,14.87534332732493,14.820342861262183
0,15.1193996929609,15.45115667212541
0,15.354315503120358,14.25294795344999
0,13.580211050034743,12.855684578515717
0,12.83139518432296,14.50342464090237
0,14.027370611723931,17.23106279861231
0,15.12464936201841,15.453957425407882
0,13.568142259351458,13.87947554040623
0,14.830124791898948,15.48292993695119
0,15.519908453608613,15.586536349153635
0,13.628120725116052,13.630319871724806
0,14.13634762376935,15.133531579845213
0,13.56103583903157,14.47938983693174
0,15.275128924807113,15.823065707155576
0,15.394144099766464,15.044206990314235
0,13.878792403076952,15.296776142968657
0,12.641689767868156,15.171037882827463
0,15.333227282590109,15.096720527278917
0,13.398687277738231,14.810293081293747
0,13.461501169410916,16.035240883298318
0,12.772142296259805,12.818777493542111
0,14.707360700564221,15.599250499721585
0,15.293008110169305,16.26248530213029
0,14.93807405625892,14.618481114011622
0,13.840550447611818,14.199191674306359
0,13.079147487331557,14.969824072719366
0,14.7115557933029,15.697746553865223
0,13.928556540405607,14.7571462297063
0,14.514396756990084,14.99446611254727
0,13.439951525875957,16.138154778237574
1,14.173907626755037,9.240916761862305
0,15.186688171969871,15.515768386126751
0,15.386353441848954,15.165605412448654
0,13.421856148415213,14.27146472303569
0,14.489287836607836,15.352181132756503
0,13.291471714446391,16.20702084238888
0,12.799231489042631,15.378441900510834
0,14.981421230787863,16.416809941590316
0,11.852389286710567,13.995267116321017
0,13.74355543670856,15.850235529827613
0,13.728086562540883,13.514159528452153
0,14.81513739012264,14.096303125985356
0,15.664016575555088,14.682457355254195
0,14.72807167729603,14.34066152504095
1,19.985401012146237,7.928721228910149
0,13.653690800341566,15.292966396211888
0,16.11013701315495,13.688719538623179
0,15.246551102497591,15.286038549265896
0,14.488264411022053,14.529127048588958
0,13.692355690795564,13.788948728988851
0,14.512979401852636,14.737604204335073
0,15.515528601775392,15.770867520897465
0,14.218348910056125,13.961665281697705
0,13.735355623007083,13.537052822127112
0,14.255701302323358,16.165306240184314
0,14.79486243815561,15.403701590050668
0,14.023447415114905,13.16722883758684
0,14.248305800806362,13.865970030293814
0,13.964120812770688,14.577591642295184
0,15.372145472014074,14.49906006158207
0,13.664332540630356,14.636173373403738
0,14.763717348986141,16.334553524471445
0,12.751256594129227,15.9675039467733
0,13.268096584905894,15.088789432159155
0,12.866464228339588,14.091628914693201
0,14.076815059700825,14.828471388299247
0,14.784351330018085,15.176910300731171
0,14.161428034434609,16.043072297984395
0,13.849562259209339,14.131598837923116
0,13.722850570967966,15.614495434385875
0,16.62084221259995,14.95515478514468
0,15.487572177042185,14.376414762515562
0,13.856756791310843,14.599915855621001
0,13.390744006375233,17.53916746868358
0,13.608325855741718,16.10939985635198
1,7.7126559533007395,22.315108170773872
0,15.083211031802412,14.240839211191673
0,14.373463272166084,17.400552948676435
0,12.783219337261094,13.76377215198604
0,13.38757107400046,14.817008649825445
0,14.031100466336582,14.106063409286474
0,13.594696213168556,14.774860546505051
0,13.974993998809845,13.950297148024653
0,14.555516763589017,13.397952016353733
0,14.459408134085615,15.337434398136718
0,14.50069348532144,15.030541444803495
0,13.741840604432777,15.393914398492788
0,14.479195805699419,15.049153184989356
0,13.348987173638232,14.958294953134182
0,13.21314207661292,15.988824225236085
0,11.561114447651256,15.155834604599113
0,14.477666043775988,14.265636123343334
0,14.38466637971512,14.330222310697113
0,13.860033237054433,15.609127150964328
0,13.8046808915982,14.5219967959126
0,14.503474406698626,16.09281424286755
0,13.570055572761037,15.465710203127605
1,20.799421616445265,11.749551428040395
0,13.381683587169627,14.169921842937933
0,15.147605725972774,14.085936489023686
0,13.813592067824736,14.983494112323198
0,15.352161890088325,16.144935231908207
0,14.867291204362575,15.707773993556348
0,14.784778562366643,15.522912210543245
0,14.020098573376519,15.317634533644211
0,15.906955084543592,14.99574972476955
0,14.965216102535832,13.865829701572082
0,13.417220806435651,15.955457250835865
0,15.399966736980536,15.543221111849046
0,13.591944248979685,16.197422072104498
0,16.038622946938453,15.816204511649811
0,15.39405896812015,13.437229522226714
0,14.894428186069193,15.459330688050457
0,14.875878667467687,16.321633326043784
0,12.640786194305708,14.101936742405893
0,13.563637399670961,15.500179041870622
0,13.864581502888392,15.455572453546669
0,14.968467980466496,16.092252840947722
0,13.891040837102404,14.609646431600636
0,15.377204693116617,14.690382733124116
0,13.293797970093443,13.444393871552247
0,12.838834168326294,14.23775213574416
0,12.000625802364747,14.724772600132752
0,13.572988262857177,16.340238709506565
0,12.882504875070474,15.592821295517501
0,13.235298078872685,14.375220244089126
1,5.96974721246668,21.421062635423574
0,14.263982173580677,13.278195739651492
0,13.473526378380775,14.522005301351827
0,14.515650853166319,16.719249150208192
0,14.596551123284325,16.040702295371563
0,15.473966390121365,16.497189823862847
0,13.95190972688063,14.663810393455805
0,14.42124683601721,15.314278823851314
0,13.558773759725513,14.95768117226497
0,15.180728181218292,15.151237025793531
0,13.86210482071908,17.047605503041474
0,13.504095534448588,14.821780353319483
0,14.194408883953217,15.826495674212243
0,13.436934943893533,13.665978414536063
0,13.538524148591451,14.283528397721128
0,14.289934703702134,15.198182812614888
0,13.580494941410777,14.513642349264467
0,14.155680639501306,15.495728971773413
0,13.778020594232851,15.225554066438095
0,16.699995609392065,14.187571477349238
0,13.684617683796617,13.671012561833228
0,14.572495506974768,15.605912113179844
0,13.518761489580225,14.786134759163248
0,14.800385735726474,15.131161793552426
0,13.922079129697206,15.773886312795552
0,13.283089964478155,15.8461592578574
0,14.537533129788715,15.215972700067681
0,17.11509074544637,14.81776865444635
0,14.868175906493489,14.848511593186993
0,14.41428719509064,14.679960692045487
0,13.068871169558351,14.744376972742419
0,13.710631619372307,14.146215100177175
0,15.201170582040545,12.65497232817397
0,13.41791832907409,15.239208784878494
0,14.975403133189296,14.660991884389365
0,13.479188088812382,15.345297688795888
0,15.031762119765007,14.484351777628616
1,12.71738361214963,11.015834275736784
0,15.369528961798409,14.653113325598483
0,13.239594331225664,16.58373549092092
0,13.635214624771981,15.52206241638952
0,14.354683928777595,15.422986443037129
0,14.072690056887717,16.30581755923083
1,17.5,7.912032660536585
0,13.405891450447077,15.640632732016535
0,15.912876372808983,13.345672593487613
0,14.42882795974013,16.234212428041115
0,13.00714141078856,15.387891468630356
0,12.364160175789731,16.877506036363915
0,15.326466344808903,14.510749868830791
0,14.990654559874276,15.670417467440537
0,13.726419808607641,14.295731172411523
0,13.789084311635456,15.40180079131985
0,14.515463452389303,15.108456654165899
0,14.719293246909526,15.881523673774096
0,13.193339964002284,15.160692895795515
0,15.008116751621634,14.732687612093532
0,13.976388025689584,13.718094468652422
0,14.783115652689915,15.283303574555799
0,14.228799311144057,15.343055563514573
0,14.160372793417162,14.025410259157692
0,15.655553461809701,15.3720456434135
0,14.285021354106162,15.245260484999964
0,13.370217095494462,14.118821123271545
0,14.593974108988078,15.125374687665678
0,13.90288611063748,14.903638048342748
0,13.033567891509055,16.446546942990253
0,14.931733569596814,14.708024144578365
0,13.661566476689297,15.490970044268886
0,14.399571464779227,15.431446148571414
0,14.21591975378216,15.413852997793814
0,15.91612757140054,14.657551112367326
0,13.14666004562143,14.265794198118328
0,14.632869309653987,15.150983708700416
0,13.982055035989296,15.716202435103996
0,14.363571042548424,12.691877617708606
0,14.001457815366575,14.016375340765405
0,13.98317597736099,16.375507355785917
0,14.61313757476371,14.385008334713953
0,13.038975338221693,16.747069672096107
0,12.807987948240633,15.017905247929756
0,14.530746857217284,14.79162106342239
0,13.866609670732196,14.559060154427415
0,11.37950534071702,14.804569631080875
0,14.939192940009214,14.516532293416466
0,15.052174727150962,15.008644275778286
0,14.784074017323164,16.026536131190763
0,13.628230272004554,14.56028574217546
0,13.01618557804372,15.686208919002546
0,14.427466457060028,14.053296207400672
0,13.818204811121804,16.805291096484876
0,14.500773648241767,15.967329565931756
0,12.899754496302023,14.199369608282995
0,17.079175486576027,13.57479860673939
0,14.438874720026321,14.884645849907733
0,15.35391045744032,15.420128997541713
0,14.868932575496022,16.376136440706798
0,13.377438891217063,14.812972325102567
0,14.643714748552421,14.502299688529636
0,13.206294812787695,14.222543738693398
0,13.655173084352107,15.320347399699404
0,14.05617747273041,16.164103035380123
0,14.874987133122309,16.306472545809648
0,12.559771760690053,15.103194363917291
0,13.706175651702758,14.582783622249996
0,13.12103625607471,16.25681219829916
0,12.849456812713177,15.304798337408467
0,13.430020350580902,16.50815585724679
0,15.004611321669158,16.0784390753901
1,14.738387982327824,8.940072728847637
0,12.156061573293005,15.275156704738105
0,14.731952280423611,16.156450843101393
0,14.026846112981689,13.197486925281906
0,13.93537850674715,14.462263420306671
0,15.989568368315977,15.763047364912346
0,14.301326862200765,15.080354715608536
0,14.232795813520756,14.276929020437429
0,14.275839971968598,16.294726573170312
0,14.202395233356565,15.655259103438576
0,13.214085358758416,15.509166903623814
0,12.829185556280557,14.919027536726341
0,13.831439662197145,12.981772792343953
0,15.320303271539736,16.167293521236033
0,15.768652905074264,14.786513710302383
0,15.52678350390126,14.62810604790805
0,13.876476498575402,14.892242125512515
0,14.670822369213763,14.648805274966957
0,13.982674701313382,14.576978940040155
0,13.412584656028486,15.926567861603917
0,14.555561580116349,14.105711893402972
0,14.68589508457026,15.852108583401415
0,13.626123871762022,14.344437110119879
0,13.326982936191502,16.12128419624486
0,14.998867455692347,16.070165433812107
0,14.21035322764224,16.002692666856113
0,13.355991038727156,14.73026330074976
0,13.178950100944359,14.591636812045364
0,14.8422736580926,15.210837947235335
0,13.507100435262336,15.161263417589891
0,14.301250645042188,16.36308860419429
0,14.800658244462088,16.050786185021458
0,14.929062127185603,15.039782014262176
0,14.639847011761544,15.618862204345094
0,13.833079417209621,13.891354045793552
0,13.920391118647363,14.49985994345116
0,13.663396782083339,14.280094198281068
0,14.942583752722532,14.61481871195944
0,12.733745547930418,14.124658387382816
0,13.25722104657801,14.710272712218945
0,14.160198452813562,16.771877839608567
0,14.103297095021224,14.132000351241754
0,13.833384678365004,14.413973972825069
0,14.243464392555627,15.616685740940659
0,13.083290926688242,14.471533187036167
0,14.9783639530002,15.640056999470852
0,14.332533870788811,14.423070114561538
0,16.668979769238792,16.956185369704876
0,13.36889890308949,14.364438811657202
0,14.218994028262731,14.124072923400274
0,13.884998711890724,14.936354197758794
0,12.103503440894942,15.931149266851829
0,14.140778943478278,14.31708939967974
0,14.827421526087413,14.741912483900764
0,13.193836077302539,14.8824268607988
0,12.86842674915782,15.116356205754542
0,13.884804153557084,15.29937231880182
0,14.824177142279995,16.696124926141014
0,12.809029637603253,16.047911679324265
0,13.941323028323643,15.807399296324666
1,18.174704579237478,4.202850651552465
0,15.223783729964191,15.788980176452105
0,14.01660339266511,15.265628283080865
0,14.186425878067435,15.404192223352078
0,14.7807429389157,14.277432484421746
0,13.45421414948945,14.349835081491662
0,14.637513935691413,15.03967129731875
0,14.53584095968609,15.138504633431223
0,12.692482930086848,14.621463054549235
0,14.981455134215272,17.25043556153357
0,13.801270757518656,15.48094659387965
0,12.609375955300413,15.163484170291179
0,14.454909573656952,14.947094628330207
0,15.37334166978773,15.700302629668984
0,13.89267093865212,17.094543069007436
0,14.52506228453069,14.507975230665876
0,14.994742984466466,14.823671160283132
0,15.79386643935355,14.214331758924406
0,13.693167127818404,14.433169630172333
0,14.972533025636325,14.982766308225708
0,13.9797050013261,15.244250411509935
0,15.056544945614968,15.945288918616797
0,14.8489749875029,14.853051920789541
0,14.684306566686852,14.65682195801073
0,13.754348345903209,15.131271215181487
1,14.304663509322664,10.090778308195464
0,13.860584316516324,15.580049509145425
0,15.127330441547823,14.70917930790103
0,13.764557378839609,14.295006854123239
0,14.595937935170477,14.773742850000373
0,13.35973320142558,15.106906635114385
0,12.694045749084117,15.889011188008421
0,14.203052524258496,15.441627374665147
0,12.393299806920359,16.569023804927713
0,13.07907975845944,13.744661729684214
0,15.25027465113754,15.412221038064846
0,12.94572586722903,14.35739780209814
0,14.271895652926233,13.68048759915392
0,13.695612305706891,14.783462061809047
0,14.661804236944093,14.725702495745987
0,12.802615078886422,16.159964351096693
0,14.73198575662037,14.95033010450098
0,14.264716266292128,14.472721500855553
0,13.947723435380222,15.46808400676101
0,14.42348262028809,14.652241035653784
0,14.557666227626726,15.194181405063336
0,12.81501976899579,15.54214505294294
0,13.345162353695493,15.865762711304198
0,13.453522297118555,15.04327614938595
0,14.701333062746581,15.391857534685073
0,15.14059766828703,14.190635654644375
0,14.839365528144281,15.32903446628287
0,12.201336646864208,14.680736877905076
0,13.938283157080882,15.706688340343335
0,13.851468049554988,14.905667879524021
0,13.980973378524352,14.288690260552105
0,13.766014046617638,13.76617491039414
0,14.02360386161561,14.580348200366073
0,12.95846858786595,13.60449692611928
0,14.310358677938797,15.496217932632584
0,12.98815102607074,13.984054663966083
0,16.04761960818146,16.372146081721382
0,12.667698281847192,15.0220579383709
0,14.754167746876837,15.42274744874197
0,14.787554761176501,15.675158430625986
0,14.180186014828731,15.974356420563824
0,15.00670450245799,14.110744035346316
0,12.81514741231717,14.291729486869254
0,12.218855182163852,13.295630536652151
0,14.1519627348365,16.377504768194022
0,14.7277576918562,14.3017739637171
0,14.464497890988746,15.66827477872766
0,13.857685500856164,14.556239990564283
0,12.641929155403943,15.116738846109026
0,14.976079214368397,14.849979604956001
0,14.727609288556875,13.466881485366944
1,13.113192300415687,10.067592977148022
0,13.640256084133767,13.917491057618012
0,14.882936115652544,15.867160654441278
0,14.506446027679486,14.670525390868915
0,14.450158626572708,14.32145086619172
0,15.293935449599239,15.045285694830392
0,13.647617997856337,15.572575447540194
0,13.168689918390896,15.057094140673629
1,19.034736167985372,13.369151429878656
0,15.861358946458006,14.818916814512454
0,14.266964609538586,15.90471035661279
0,13.321273054899546,15.042776064382728
0,14.418225509231249,15.053251993956259
0,13.640546133919255,15.715040613848503
0,15.617219241392732,15.030068750002753
0,15.188768511609549,16.417163317585246
0,13.367378263695068,13.996590463812344
0,14.32455783113031,14.258629629012015
0,14.404311976682958,14.839119455857281
0,14.033564461669101,13.60583850214865
0,13.031204464486148,15.276446840124764
0,14.587563585811537,16.191467973719167
0,15.069033144734263,15.133386465669101
0,13.98097283237946,14.78483023592008
0,15.005029591442828,14.879629437604269
1,20.098608707806754,8.564950811789785
0,13.909760418215473,14.70395510058065
0,14.399743735257807,15.103273202625099
0,14.419548855711211,14.721445427893142
0,12.50195166407849,14.707917780380471
0,15.721233956064388,14.273331773627476
0,14.493005427513868,14.650452809530266
0,14.126052959992322,14.808150443777635
0,13.783502693962285,14.642950669131647
0,13.779733981735856,14.929318206123693
0,14.56900072975861,15.020135354543173
0,15.479930970356143,16.052712070235994
0,13.42249473124093,15.38175545597059
0,15.658030761947346,14.818481073492748
1,22.663603803883216,11.114101797439577
0,14.662883049691363,14.117188953345154
0,15.589737975746695,16.145631964457618
0,13.829725762550826,14.940718994431064
0,13.667063012026947,12.865507529136485
0,13.533732066117873,14.426874984107705
0,15.103874009360672,15.68283458091248
0,14.191779479651867,13.580671176028513
0,12.844514346875807,15.276653838064647
0,13.001564537349918,15.325376439841808
0,14.04969638048173,14.906826920713641
0,14.771313577546401,14.396193789816829
0,12.714241079029824,15.735644020724717
0,15.334242020022739,14.971868244704432
0,15.891850455773234,14.536980010082702
0,16.012136265526554,16.10093397400939
0,13.177595948669417,14.033420908783711
0,15.508375333246406,15.795393793103148
0,15.571037114891395,16.55550232418716
0,14.729904765340072,14.995353198817535
0,15.900210911938343,15.384393348995939
0,13.220432953990892,14.99607118123135
0,15.018186360896339,16.328974647687605
0,14.831681063009272,14.908924956492571
0,14.156188712442404,15.989535331804362
0,13.684915729350273,15.509748406977284
0,13.7841102254502,14.009174347772586
0,13.811215978538517,15.976241932068081
0,12.524852416620766,14.526694518316491
0,14.034825182978443,15.05752921426813
0,14.1534985343729,14.008828748494688
0,13.293583264680391,13.683557966329305
0,13.682547362667654,15.251649010087274
0,15.286679209241761,14.755906510599184
0,13.83207020199647,13.784512861914976
0,12.562391648184985,15.672493663764678
0,15.876018325159059,14.497176223089966
0,13.704358645525357,14.835789069518759
0,12.706776212832668,15.44169755346821
1,14.571765374131193,9.464813451020152
0,14.395533193836934,15.346579199173073
0,14.299018901584422,15.31874795019112
0,14.380873679043278,15.476658087566168
0,14.137422562181106,14.907617429273834
0,14.76130397654157,13.93624799945567
0,14.195793495458899,16.629101283549847
0,14.193977069273187,14.347064431161415
0,14.022438279238935,14.466065125811278
0,13.855492360749833,16.390884088686
0,14.137523256187222,13.77780290776639
0,15.430327444686267,13.580639787274697
0,14.474810551296908,14.53321372994645
0,13.884155312484904,15.633904117674211
0,14.243859605128664,15.532212026530301
0,13.677954959685106,14.452737866497799
0,14.021899673454612,14.539854912996777
0,13.106173336374894,14.5800324018147
0,13.013776175822283,15.254186102488472
0,13.052676611999855,14.339371371616814
0,14.019658510022644,16.11023999290172
0,13.975878893145593,13.639489860125693
0,14.244957290254593,14.971234267785695
0,15.511357072119825,17.297678532816114
0,13.529468463364529,15.597515709940911
0,13.212944487253953,14.912138250918415
0,13.798950571385989,14.47241797591338
0,13.872117897420047,14.458834837701469
0,12.759442322827788,14.26411162406853
0,13.382916205956398,15.840979346664948
0,14.025182204232674,15.589294263435118
0,14.472392963441534,14.9988422040981
0,14.04285532977642,14.28173048384508
0,15.335653678061561,15.1510075634221
0,13.203810896617416,15.143198763101742
0,14.797201082232261,15.407947114249607
0,12.226480323285353,15.27116283948971
0,13.523397992456392,15.337238596312973
0,13.195792087364564,15.67666489394177
0,13.527176731427488,15.652106233245334
0,14.425939813918731,14.649796617831251
0,13.76747731388484,15.49040836278149
0,12.899065690790271,14.511438184640356
0,14.777459241780415,15.47553639068081
0,15.166405841279055,15.636618860734659
0,14.35819769034226,14.917669161247812
0,14.55757770305896,13.851725709497348
0,14.119667155088962,14.652953039733422
0,14.720736926963498,14.160658818270472
0,13.388961167733209,16.201803957845712
0,13.859076609343804,14.738275802278986
0,14.12664778498218,16.67649734626236
0,13.406923077779512,13.396769461135897
0,14.50806847466764,14.892786544144224
0,14.592746774601386,15.275464556018878
0,14.565681265496922,14.816753068305283
0,14.108795587174072,14.396218152559927
0,14.581314199864186,14.997185843798075
0,14.456567475632829,15.296130835240378
0,14.644541029973146,15.23379558774202
0,12.961373530098383,15.102423836919428
0,15.456336184607261,15.663956080577044
1,22.502868295042237,12.797534746240508
0,13.300907423114852,15.106189154664136
0,12.130158698083212,16.035955188492107
0,14.395968794974989,15.412960973439779
0,14.245720532079252,15.3040023639936
0,14.435594703038888,15.232886276694643
0,14.414510092341851,14.399866492865435
0,13.52379085666591,13.635786646874106
0,14.286225802103344,14.439903712112221
0,13.963823128111763,15.256272197865707
1,6.1212426736253125,25.86494408642637
0,12.910549115082617,15.808120891772967
0,14.607288036765812,15.080568218371043
0,14.606082789069044,15.900610738824708
0,13.78723481533187,16.20004453736906
0,13.426601948553436,14.188437957656308
0,14.220554200379874,14.67251761412682
0,14.372216818305525,14.800296104607133
0,14.08816785441699,15.38780690616602
0,13.155933870900887,14.791580125789851
0,13.629642141812546,16.372614507568297
0,15.059667120390543,16.266724173591555
0,13.804896917953094,15.152030499851238
0,14.026183333984338,14.910701573602257
0,15.559232462244598,14.882649911852612
0,14.66309890610659,13.63161242529221
